order_id,material_code,std_qty,actual_qty,variance_qty,variance_label
ORD-300001,POLY-BACK-11,75227.99,1234.48,-73993.51,SKU-TT18/POLY-BACK-11:-73993.51
ORD-300001,PULP-KRAFT-001,74210.97,335.51,-73875.46,SKU-TT18/PULP-KRAFT-001:-73875.46
ORD-300001,PULP-RCYC-004,29366.57,1030.11,-28336.46,SKU-TT18/PULP-RCYC-004:-28336.46
ORD-300002,INK-FLX-003,39976.33,,,
ORD-300002,POLY-BACK-11,19707.59,837.51,-18870.08,SKU-TT18/POLY-BACK-11:-18870.08
ORD-300002,PULP-RCYC-004,82848.19,894.05,-81954.14,SKU-TT18/PULP-RCYC-004:-81954.14
ORD-300003,ADH-HT-077,105859.82,1027.22,-104832.60,SKU-TT18/ADH-HT-077:-104832.60
ORD-300003,PULP-KRAFT-001,43965.67,1220.93,-42744.74,SKU-TT18/PULP-KRAFT-001:-42744.74
ORD-300003,SAP-GRAN-022,174709.61,1577.68,-173131.93,SKU-TT18/SAP-GRAN-022:-173131.93
ORD-300004,POLY-BACK-11,111765.63,721.54,-111044.09,SKU-TT18/POLY-BACK-11:-111044.09
ORD-300004,PULP-RCYC-004,125105.97,345.09,-124760.88,SKU-TT18/PULP-RCYC-004:-124760.88
ORD-300004,SAP-GRAN-022,46351.44,874.67,-45476.77,SKU-TT18/SAP-GRAN-022:-45476.77
ORD-300005,CART-CRG-15,66105.40,,,
ORD-300005,INK-FLX-003,,343.58,,
ORD-300005,POLY-BACK-11,106579.11,,,
ORD-300005,PULP-RCYC-004,28266.96,225.74,-28041.22,SKU-TT18/PULP-RCYC-004:-28041.22
ORD-300005,PULP-SOFT-009,85919.62,1700.13,-84219.49,SKU-TT18/PULP-SOFT-009:-84219.49
ORD-300005,SAP-GRAN-022,26153.77,-52.84,-26206.61,SKU-TT18/SAP-GRAN-022:-26206.61
ORD-300006,CART-CRG-15,124746.35,870.21,-123876.14,SKU-TT18/CART-CRG-15:-123876.14
ORD-300006,POLY-BACK-11,73045.07,920.58,-72124.49,SKU-TT18/POLY-BACK-11:-72124.49
ORD-300006,PULP-KRAFT-001,37868.92,1295.48,-36573.44,SKU-TT18/PULP-KRAFT-001:-36573.44
ORD-300006,PULP-RCYC-004,58617.46,876.71,-57740.75,SKU-TT18/PULP-RCYC-004:-57740.75
ORD-300006,SAP-GRAN-022,27608.03,725.29,-26882.74,SKU-TT18/SAP-GRAN-022:-26882.74
ORD-300007,ADH-HT-077,52793.31,832.14,-51961.17,SKU-TT18/ADH-HT-077:-51961.17
ORD-300007,CART-CRG-15,68523.66,406.71,-68116.95,SKU-TT18/CART-CRG-15:-68116.95
ORD-300007,SAP-GRAN-022,116913.46,805.38,-116108.08,SKU-TT18/SAP-GRAN-022:-116108.08
ORD-300008,INK-FLX-003,47456.58,469.29,-46987.29,SKU-TT18/INK-FLX-003:-46987.29
ORD-300008,POLY-BACK-11,51189.39,933.68,-50255.71,SKU-TT18/POLY-BACK-11:-50255.71
ORD-300008,PULP-SOFT-009,21326.89,1621.16,-19705.73,SKU-TT18/PULP-SOFT-009:-19705.73
ORD-300009,ADH-HT-077,38809.50,208.80,-38600.70,SKU-TT18/ADH-HT-077:-38600.70
ORD-300009,CART-CRG-15,88553.96,788.93,-87765.03,SKU-TT18/CART-CRG-15:-87765.03
ORD-300009,POLY-BACK-11,72220.37,823.23,-71397.14,SKU-TT18/POLY-BACK-11:-71397.14
ORD-300009,PULP-KRAFT-001,15176.74,1449.46,-13727.28,SKU-TT18/PULP-KRAFT-001:-13727.28
ORD-300009,PULP-RCYC-004,89903.62,577.82,-89325.80,SKU-TT18/PULP-RCYC-004:-89325.80
ORD-300010,ADH-HT-077,80302.45,1234.52,-79067.93,SKU-TT18/ADH-HT-077:-79067.93
ORD-300010,PULP-SOFT-009,137384.46,73.07,-137311.39,SKU-TT18/PULP-SOFT-009:-137311.39
ORD-300010,SAP-GRAN-022,114696.07,,,
ORD-300011,INK-FLX-003,17284.79,1078.78,-16206.01,SKU-TT18/INK-FLX-003:-16206.01
ORD-300011,PULP-KRAFT-001,62432.50,796.62,-61635.88,SKU-TT18/PULP-KRAFT-001:-61635.88
ORD-300011,PULP-RCYC-004,67498.48,107.00,-67391.48,SKU-TT18/PULP-RCYC-004:-67391.48
ORD-300011,PULP-SOFT-009,14679.84,332.08,-14347.76,SKU-TT18/PULP-SOFT-009:-14347.76
ORD-300011,SAP-GRAN-022,54574.46,988.07,-53586.39,SKU-TT18/SAP-GRAN-022:-53586.39
ORD-300012,INK-FLX-003,31059.28,858.63,-30200.65,SKU-TT18/INK-FLX-003:-30200.65
ORD-300012,POLY-BACK-11,38906.14,1086.65,-37819.49,SKU-TT18/POLY-BACK-11:-37819.49
ORD-300012,PULP-RCYC-004,110184.35,,,
ORD-300012,PULP-SOFT-009,41054.34,63.92,-40990.42,SKU-TT18/PULP-SOFT-009:-40990.42
ORD-300013,ADH-HT-077,21001.03,,,
ORD-300013,CART-CRG-15,65351.50,949.80,-64401.70,SKU-TT24/CART-CRG-15:-64401.70
ORD-300013,PULP-KRAFT-001,25712.80,941.02,-24771.78,SKU-TT24/PULP-KRAFT-001:-24771.78
ORD-300013,PULP-RCYC-004,68447.81,138.34,-68309.47,SKU-TT24/PULP-RCYC-004:-68309.47
ORD-300014,ADH-HT-077,118235.49,1479.23,-116756.26,SKU-TT24/ADH-HT-077:-116756.26
ORD-300014,PULP-KRAFT-001,91759.89,716.69,-91043.20,SKU-TT24/PULP-KRAFT-001:-91043.20
ORD-300014,PULP-RCYC-004,46141.84,1354.08,-44787.76,SKU-TT24/PULP-RCYC-004:-44787.76
ORD-300014,PULP-SOFT-009,,343.40,,
ORD-300015,ADH-HT-077,86757.50,858.90,-85898.60,SKU-TT24/ADH-HT-077:-85898.60
ORD-300015,CART-CRG-15,91772.73,,,
ORD-300015,INK-FLX-003,13746.93,433.16,-13313.77,SKU-TT24/INK-FLX-003:-13313.77
ORD-300015,POLY-BACK-11,20700.32,,,
ORD-300015,PULP-SOFT-009,13247.40,1499.34,-11748.06,SKU-TT24/PULP-SOFT-009:-11748.06
ORD-300016,ADH-HT-077,131898.82,1057.31,-130841.51,SKU-TT24/ADH-HT-077:-130841.51
ORD-300016,INK-FLX-003,145001.78,290.44,-144711.34,SKU-TT24/INK-FLX-003:-144711.34
ORD-300016,PULP-SOFT-009,112743.39,532.91,-112210.48,SKU-TT24/PULP-SOFT-009:-112210.48
ORD-300016,SAP-GRAN-022,128615.03,610.65,-128004.38,SKU-TT24/SAP-GRAN-022:-128004.38
ORD-300017,CART-CRG-15,44943.38,,,
ORD-300017,POLY-BACK-11,105466.14,586.72,-104879.42,SKU-TT24/POLY-BACK-11:-104879.42
ORD-300017,PULP-SOFT-009,81062.60,,,
ORD-300017,SAP-GRAN-022,91631.65,1269.29,-90362.36,SKU-TT24/SAP-GRAN-022:-90362.36
ORD-300018,INK-FLX-003,96442.46,1115.65,-95326.81,SKU-TT24/INK-FLX-003:-95326.81
ORD-300018,PULP-SOFT-009,71324.98,289.59,-71035.39,SKU-TT24/PULP-SOFT-009:-71035.39
ORD-300018,SAP-GRAN-022,72580.86,588.97,-71991.89,SKU-TT24/SAP-GRAN-022:-71991.89
ORD-300019,ADH-HT-077,81570.03,1397.72,-80172.31,SKU-TT24/ADH-HT-077:-80172.31
ORD-300019,POLY-BACK-11,128426.85,1165.29,-127261.56,SKU-TT24/POLY-BACK-11:-127261.56
ORD-300019,PULP-KRAFT-001,79430.59,1080.06,-78350.53,SKU-TT24/PULP-KRAFT-001:-78350.53
ORD-300019,PULP-RCYC-004,90609.93,411.05,-90198.88,SKU-TT24/PULP-RCYC-004:-90198.88
ORD-300019,PULP-SOFT-009,,236.31,,
ORD-300019,SAP-GRAN-022,146506.65,1752.20,-144754.45,SKU-TT24/SAP-GRAN-022:-144754.45
ORD-300020,CART-CRG-15,60355.47,,,
ORD-300020,PULP-SOFT-009,67544.82,1035.28,-66509.54,SKU-TT24/PULP-SOFT-009:-66509.54
ORD-300020,SAP-GRAN-022,79117.92,594.74,-78523.18,SKU-TT24/SAP-GRAN-022:-78523.18
ORD-300021,INK-FLX-003,82906.85,321.92,-82584.93,SKU-TT24/INK-FLX-003:-82584.93
ORD-300021,PULP-KRAFT-001,37568.54,493.25,-37075.29,SKU-TT24/PULP-KRAFT-001:-37075.29
ORD-300021,PULP-SOFT-009,79100.89,637.16,-78463.73,SKU-TT24/PULP-SOFT-009:-78463.73
ORD-300022,CART-CRG-15,46085.59,330.72,-45754.87,SKU-TT12/CART-CRG-15:-45754.87
ORD-300022,POLY-BACK-11,30614.27,,,
ORD-300022,PULP-KRAFT-001,22444.03,307.14,-22136.89,SKU-TT12/PULP-KRAFT-001:-22136.89
ORD-300022,PULP-SOFT-009,93658.44,735.68,-92922.76,SKU-TT12/PULP-SOFT-009:-92922.76
ORD-300023,CART-CRG-15,70999.74,552.17,-70447.57,SKU-TT12/CART-CRG-15:-70447.57
ORD-300023,INK-FLX-003,21096.28,,,
ORD-300023,PULP-RCYC-004,70061.62,866.71,-69194.91,SKU-TT12/PULP-RCYC-004:-69194.91
ORD-300023,PULP-SOFT-009,36266.39,,,
ORD-300024,CART-CRG-15,31992.09,,,
ORD-300024,POLY-BACK-11,43237.46,1045.45,-42192.01,SKU-TT12/POLY-BACK-11:-42192.01
ORD-300024,SAP-GRAN-022,40585.08,,,
ORD-300025,ADH-HT-077,90072.41,1229.78,-88842.63,SKU-TT12/ADH-HT-077:-88842.63
ORD-300025,INK-FLX-003,74785.97,1153.09,-73632.88,SKU-TT12/INK-FLX-003:-73632.88
ORD-300025,PULP-KRAFT-001,31474.39,1048.80,-30425.59,SKU-TT12/PULP-KRAFT-001:-30425.59
ORD-300026,ADH-HT-077,143438.27,1411.92,-142026.35,SKU-TT12/ADH-HT-077:-142026.35
ORD-300026,POLY-BACK-11,138049.06,-212.25,-138261.31,SKU-TT12/POLY-BACK-11:-138261.31
ORD-300026,PULP-RCYC-004,92076.52,957.51,-91119.01,SKU-TT12/PULP-RCYC-004:-91119.01
ORD-300026,SAP-GRAN-022,129406.62,1324.57,-128082.05,SKU-TT12/SAP-GRAN-022:-128082.05
ORD-300027,ADH-HT-077,31225.96,1009.17,-30216.79,SKU-TT12/ADH-HT-077:-30216.79
ORD-300027,CART-CRG-15,133369.90,601.88,-132768.02,SKU-TT12/CART-CRG-15:-132768.02
ORD-300027,INK-FLX-003,145419.26,375.50,-145043.76,SKU-TT12/INK-FLX-003:-145043.76
ORD-300027,PULP-RCYC-004,68240.34,588.77,-67651.57,SKU-TT12/PULP-RCYC-004:-67651.57
ORD-300027,PULP-SOFT-009,178968.47,814.09,-178154.38,SKU-TT12/PULP-SOFT-009:-178154.38
ORD-300028,CART-CRG-15,27061.83,1173.40,-25888.43,SKU-TT12/CART-CRG-15:-25888.43
ORD-300028,INK-FLX-003,8396.88,728.10,-7668.78,SKU-TT12/INK-FLX-003:-7668.78
ORD-300028,PULP-RCYC-004,25322.28,581.51,-24740.77,SKU-TT12/PULP-RCYC-004:-24740.77
ORD-300028,SAP-GRAN-022,16163.76,929.71,-15234.05,SKU-TT12/SAP-GRAN-022:-15234.05
ORD-300029,CART-CRG-15,21725.34,435.83,-21289.51,SKU-TT12/CART-CRG-15:-21289.51
ORD-300029,INK-FLX-003,13547.98,1630.23,-11917.75,SKU-TT12/INK-FLX-003:-11917.75
ORD-300029,POLY-BACK-11,46689.24,509.06,-46180.18,SKU-TT12/POLY-BACK-11:-46180.18
ORD-300029,SAP-GRAN-022,131377.58,785.09,-130592.49,SKU-TT12/SAP-GRAN-022:-130592.49
ORD-300030,ADH-HT-077,133808.86,986.89,-132821.97,SKU-TT12/ADH-HT-077:-132821.97
ORD-300030,POLY-BACK-11,62901.90,509.33,-62392.57,SKU-TT12/POLY-BACK-11:-62392.57
ORD-300030,PULP-SOFT-009,175221.65,,,
ORD-300031,CART-CRG-15,113694.85,1181.54,-112513.31,SKU-TT12/CART-CRG-15:-112513.31
ORD-300031,INK-FLX-003,44708.22,1376.14,-43332.08,SKU-TT12/INK-FLX-003:-43332.08
ORD-300031,POLY-BACK-11,,111.88,,
ORD-300031,PULP-SOFT-009,120960.38,,,
ORD-300031,SAP-GRAN-022,42586.11,978.19,-41607.92,SKU-TT12/SAP-GRAN-022:-41607.92
ORD-300032,CART-CRG-15,47713.63,711.25,-47002.38,SKU-TT12/CART-CRG-15:-47002.38
ORD-300032,POLY-BACK-11,12507.15,1505.17,-11001.98,SKU-TT12/POLY-BACK-11:-11001.98
ORD-300032,PULP-RCYC-004,22406.02,657.78,-21748.25,SKU-TT12/PULP-RCYC-004:-21748.25
ORD-300032,PULP-SOFT-009,48509.73,414.44,-48095.29,SKU-TT12/PULP-SOFT-009:-48095.29
ORD-300032,SAP-GRAN-022,7123.00,,,
ORD-300033,INK-FLX-003,86668.28,,,
ORD-300033,PULP-KRAFT-001,36284.71,672.35,-35612.36,SKU-TT12/PULP-KRAFT-001:-35612.36
ORD-300033,PULP-SOFT-009,41960.88,1389.31,-40571.57,SKU-TT12/PULP-SOFT-009:-40571.57
ORD-300034,CART-CRG-15,34522.82,853.67,-33669.15,SKU-TT12/CART-CRG-15:-33669.15
ORD-300034,PULP-KRAFT-001,11160.53,890.56,-10269.97,SKU-TT12/PULP-KRAFT-001:-10269.97
ORD-300034,SAP-GRAN-022,33915.44,946.06,-32969.38,SKU-TT12/SAP-GRAN-022:-32969.38
ORD-300035,INK-FLX-003,51174.65,1369.60,-49805.05,SKU-TT12/INK-FLX-003:-49805.05
ORD-300035,POLY-BACK-11,32906.60,897.99,-32008.61,SKU-TT12/POLY-BACK-11:-32008.61
ORD-300035,PULP-RCYC-004,30482.47,1245.58,-29236.89,SKU-TT12/PULP-RCYC-004:-29236.89
ORD-300035,PULP-SOFT-009,37112.00,917.65,-36194.35,SKU-TT12/PULP-SOFT-009:-36194.35
ORD-300035,SAP-GRAN-022,13888.54,1349.83,-12538.71,SKU-TT12/SAP-GRAN-022:-12538.71
ORD-300036,INK-FLX-003,63150.10,946.76,-62203.34,SKU-TT12/INK-FLX-003:-62203.34
ORD-300036,POLY-BACK-11,53701.09,415.69,-53285.40,SKU-TT12/POLY-BACK-11:-53285.40
ORD-300036,PULP-KRAFT-001,39410.05,1642.95,-37767.10,SKU-TT12/PULP-KRAFT-001:-37767.10
ORD-300036,PULP-SOFT-009,53466.04,1149.51,-52316.53,SKU-TT12/PULP-SOFT-009:-52316.53
ORD-300037,ADH-HT-077,31693.25,1411.33,-30281.92,SKU-TT12/ADH-HT-077:-30281.92
ORD-300037,POLY-BACK-11,32586.95,688.74,-31898.21,SKU-TT12/POLY-BACK-11:-31898.21
ORD-300037,PULP-RCYC-004,21432.25,1330.17,-20102.08,SKU-TT12/PULP-RCYC-004:-20102.08
ORD-300038,CART-CRG-15,161753.53,911.23,-160842.30,SKU-TT12/CART-CRG-15:-160842.30
ORD-300038,INK-FLX-003,133800.07,551.68,-133248.39,SKU-TT12/INK-FLX-003:-133248.39
ORD-300038,PULP-KRAFT-001,45144.65,666.37,-44478.28,SKU-TT12/PULP-KRAFT-001:-44478.28
ORD-300038,PULP-RCYC-004,76401.37,,,
ORD-300038,SAP-GRAN-022,143922.99,1054.12,-142868.87,SKU-TT12/SAP-GRAN-022:-142868.87
ORD-300039,ADH-HT-077,107061.30,958.43,-106102.87,SKU-TT12/ADH-HT-077:-106102.87
ORD-300039,POLY-BACK-11,54365.88,1060.79,-53305.09,SKU-TT12/POLY-BACK-11:-53305.09
ORD-300039,PULP-SOFT-009,83705.23,663.09,-83042.14,SKU-TT12/PULP-SOFT-009:-83042.14
ORD-300040,ADH-HT-077,176372.11,,,
ORD-300040,CART-CRG-15,122706.14,559.16,-122146.98,SKU-TT12/CART-CRG-15:-122146.98
ORD-300040,POLY-BACK-11,127483.63,1640.26,-125843.37,SKU-TT12/POLY-BACK-11:-125843.37
ORD-300040,PULP-SOFT-009,69040.16,1142.18,-67897.98,SKU-TT12/PULP-SOFT-009:-67897.98
ORD-300041,CART-CRG-15,50391.67,767.18,-49624.49,SKU-TT12/CART-CRG-15:-49624.49
ORD-300041,PULP-KRAFT-001,60516.62,1671.60,-58845.02,SKU-TT12/PULP-KRAFT-001:-58845.02
ORD-300041,PULP-RCYC-004,98867.11,864.91,-98002.20,SKU-TT12/PULP-RCYC-004:-98002.20
ORD-300042,ADH-HT-077,143709.50,763.94,-142945.56,SKU-TT12/ADH-HT-077:-142945.56
ORD-300042,POLY-BACK-11,118447.92,1012.90,-117435.02,SKU-TT12/POLY-BACK-11:-117435.02
ORD-300042,PULP-SOFT-009,90773.51,,,
ORD-300043,CART-CRG-15,36897.22,832.21,-36065.01,SKU-TT24/CART-CRG-15:-36065.01
ORD-300043,PULP-KRAFT-001,135266.20,791.32,-134474.88,SKU-TT24/PULP-KRAFT-001:-134474.88
ORD-300043,PULP-SOFT-009,85019.41,988.63,-84030.78,SKU-TT24/PULP-SOFT-009:-84030.78
ORD-300044,ADH-HT-077,120602.10,1126.40,-119475.70,SKU-TT24/ADH-HT-077:-119475.70
ORD-300044,PULP-KRAFT-001,14293.39,1030.50,-13262.89,SKU-TT24/PULP-KRAFT-001:-13262.89
ORD-300044,PULP-RCYC-004,77644.39,568.18,-77076.21,SKU-TT24/PULP-RCYC-004:-77076.21
ORD-300044,PULP-SOFT-009,42130.61,,,
ORD-300045,ADH-HT-077,192275.71,,,
ORD-300045,INK-FLX-003,114438.61,400.82,-114037.79,SKU-TT24/INK-FLX-003:-114037.79
ORD-300045,SAP-GRAN-022,150490.30,542.75,-149947.55,SKU-TT24/SAP-GRAN-022:-149947.55
ORD-300046,ADH-HT-077,88087.02,-414.93,-88501.95,SKU-TT24/ADH-HT-077:-88501.95
ORD-300046,POLY-BACK-11,138283.17,456.52,-137826.65,SKU-TT24/POLY-BACK-11:-137826.65
ORD-300046,SAP-GRAN-022,151025.53,1446.80,-149578.73,SKU-TT24/SAP-GRAN-022:-149578.73
ORD-300047,ADH-HT-077,28312.03,1009.01,-27303.02,SKU-TT24/ADH-HT-077:-27303.02
ORD-300047,CART-CRG-15,79752.20,,,
ORD-300047,POLY-BACK-11,60575.42,889.41,-59686.01,SKU-TT24/POLY-BACK-11:-59686.01
ORD-300047,PULP-SOFT-009,51875.18,974.78,-50900.40,SKU-TT24/PULP-SOFT-009:-50900.40
ORD-300047,SAP-GRAN-022,114190.65,223.35,-113967.30,SKU-TT24/SAP-GRAN-022:-113967.30
ORD-300048,ADH-HT-077,20006.62,2.66,-20003.96,SKU-TT24/ADH-HT-077:-20003.96
ORD-300048,INK-FLX-003,9432.97,,,
ORD-300048,PULP-RCYC-004,9879.32,628.33,-9250.99,SKU-TT24/PULP-RCYC-004:-9250.99
ORD-300048,SAP-GRAN-022,36987.95,594.73,-36393.22,SKU-TT24/SAP-GRAN-022:-36393.22
ORD-300049,ADH-HT-077,100811.55,414.41,-100397.14,SKU-TT24/ADH-HT-077:-100397.14
ORD-300049,INK-FLX-003,37817.37,949.44,-36867.93,SKU-TT24/INK-FLX-003:-36867.93
ORD-300049,POLY-BACK-11,46119.25,,,
ORD-300049,PULP-KRAFT-001,30454.14,-343.36,-30797.50,SKU-TT24/PULP-KRAFT-001:-30797.50
ORD-300049,SAP-GRAN-022,85855.64,815.32,-85040.32,SKU-TT24/SAP-GRAN-022:-85040.32
ORD-300050,CART-CRG-15,89089.40,785.72,-88303.68,SKU-TT24/CART-CRG-15:-88303.68
ORD-300050,INK-FLX-003,117321.41,302.75,-117018.66,SKU-TT24/INK-FLX-003:-117018.66
ORD-300050,PULP-KRAFT-001,141312.90,652.91,-140659.99,SKU-TT24/PULP-KRAFT-001:-140659.99
ORD-300050,PULP-SOFT-009,155448.01,814.53,-154633.48,SKU-TT24/PULP-SOFT-009:-154633.48
ORD-300051,ADH-HT-077,124601.72,1038.96,-123562.75,SKU-TT24/ADH-HT-077:-123562.75
ORD-300051,CART-CRG-15,132636.11,1683.28,-130952.83,SKU-TT24/CART-CRG-15:-130952.83
ORD-300051,INK-FLX-003,69288.03,1118.41,-68169.62,SKU-TT24/INK-FLX-003:-68169.62
ORD-300051,PULP-KRAFT-001,35983.08,,,
ORD-300051,PULP-RCYC-004,,198.80,,
ORD-300051,PULP-SOFT-009,96859.04,1332.07,-95526.97,SKU-TT24/PULP-SOFT-009:-95526.97
ORD-300052,ADH-HT-077,113310.44,,,
ORD-300052,CART-CRG-15,90666.30,,,
ORD-300052,INK-FLX-003,121805.74,1012.63,-120793.11,SKU-TT24/INK-FLX-003:-120793.11
ORD-300052,PULP-KRAFT-001,17947.80,,,
ORD-300052,SAP-GRAN-022,34938.38,967.85,-33970.53,SKU-TT24/SAP-GRAN-022:-33970.53
ORD-300053,CART-CRG-15,33878.25,144.38,-33733.87,SKU-TT24/CART-CRG-15:-33733.87
ORD-300053,POLY-BACK-11,84570.62,1057.69,-83512.93,SKU-TT24/POLY-BACK-11:-83512.93
ORD-300053,PULP-RCYC-004,55130.29,,,
ORD-300053,SAP-GRAN-022,69475.42,-134.25,-69609.67,SKU-TT24/SAP-GRAN-022:-69609.67
ORD-300054,ADH-HT-077,59981.25,89.22,-59892.03,SKU-DP40/ADH-HT-077:-59892.03
ORD-300054,INK-FLX-003,57893.13,1159.99,-56733.14,SKU-DP40/INK-FLX-003:-56733.14
ORD-300054,PULP-RCYC-004,49993.07,-390.72,-50383.79,SKU-DP40/PULP-RCYC-004:-50383.79
ORD-300054,PULP-SOFT-009,45155.60,1043.60,-44112.00,SKU-DP40/PULP-SOFT-009:-44112.00
ORD-300055,CART-CRG-15,107642.11,1109.96,-106532.15,SKU-DP40/CART-CRG-15:-106532.15
ORD-300055,POLY-BACK-11,72053.98,659.62,-71394.36,SKU-DP40/POLY-BACK-11:-71394.36
ORD-300055,PULP-KRAFT-001,98173.22,1099.39,-97073.83,SKU-DP40/PULP-KRAFT-001:-97073.83
ORD-300055,PULP-RCYC-004,71867.80,1434.97,-70432.83,SKU-DP40/PULP-RCYC-004:-70432.83
ORD-300055,PULP-SOFT-009,81762.25,1056.97,-80705.28,SKU-DP40/PULP-SOFT-009:-80705.28
ORD-300056,ADH-HT-077,71548.75,670.48,-70878.27,SKU-DP40/ADH-HT-077:-70878.27
ORD-300056,CART-CRG-15,146719.29,986.23,-145733.06,SKU-DP40/CART-CRG-15:-145733.06
ORD-300056,POLY-BACK-11,82783.68,1097.29,-81686.39,SKU-DP40/POLY-BACK-11:-81686.39
ORD-300056,PULP-RCYC-004,182789.32,632.74,-182156.58,SKU-DP40/PULP-RCYC-004:-182156.58
ORD-300057,ADH-HT-077,72116.41,789.55,-71326.86,SKU-DP40/ADH-HT-077:-71326.86
ORD-300057,INK-FLX-003,95450.55,,,
ORD-300057,PULP-RCYC-004,67123.42,,,
ORD-300057,SAP-GRAN-022,17334.51,,,
ORD-300058,CART-CRG-15,135060.17,961.76,-134098.41,SKU-DP40/CART-CRG-15:-134098.41
ORD-300058,INK-FLX-003,19439.38,1075.11,-18364.27,SKU-DP40/INK-FLX-003:-18364.27
ORD-300058,SAP-GRAN-022,41141.85,-7.91,-41149.76,SKU-DP40/SAP-GRAN-022:-41149.76
ORD-300059,ADH-HT-077,131538.21,,,
ORD-300059,CART-CRG-15,80075.25,587.07,-79488.18,SKU-DP40/CART-CRG-15:-79488.18
ORD-300059,POLY-BACK-11,129692.25,1152.72,-128539.53,SKU-DP40/POLY-BACK-11:-128539.53
ORD-300059,PULP-SOFT-009,74481.45,824.69,-73656.76,SKU-DP40/PULP-SOFT-009:-73656.76
ORD-300059,SAP-GRAN-022,32527.95,,,
ORD-300060,PULP-KRAFT-001,11828.39,632.94,-11195.45,SKU-DP40/PULP-KRAFT-001:-11195.45
ORD-300060,PULP-RCYC-004,24877.31,,,
ORD-300060,PULP-SOFT-009,33995.41,,,
ORD-300060,SAP-GRAN-022,59895.81,946.26,-58949.55,SKU-DP40/SAP-GRAN-022:-58949.55
ORD-300061,ADH-HT-077,127891.71,1525.08,-126366.63,SKU-DP40/ADH-HT-077:-126366.63
ORD-300061,POLY-BACK-11,125647.39,1292.64,-124354.75,SKU-DP40/POLY-BACK-11:-124354.75
ORD-300061,PULP-SOFT-009,99509.70,,,
ORD-300062,CART-CRG-15,,239.76,,
ORD-300062,POLY-BACK-11,9819.26,823.33,-8995.93,SKU-DP40/POLY-BACK-11:-8995.93
ORD-300062,PULP-KRAFT-001,23788.13,330.93,-23457.20,SKU-DP40/PULP-KRAFT-001:-23457.20
ORD-300062,PULP-SOFT-009,29623.78,,,
ORD-300062,SAP-GRAN-022,12090.62,141.97,-11948.65,SKU-DP40/SAP-GRAN-022:-11948.65
ORD-300063,ADH-HT-077,106257.72,,,
ORD-300063,INK-FLX-003,132201.09,941.99,-131259.10,SKU-DP40/INK-FLX-003:-131259.10
ORD-300063,PULP-RCYC-004,118989.45,705.94,-118283.51,SKU-DP40/PULP-RCYC-004:-118283.51
ORD-300063,PULP-SOFT-009,140895.93,374.19,-140521.74,SKU-DP40/PULP-SOFT-009:-140521.74
ORD-300064,ADH-HT-077,6509.69,,,
ORD-300064,INK-FLX-003,32049.54,1309.61,-30739.93,SKU-FT30/INK-FLX-003:-30739.93
ORD-300064,POLY-BACK-11,27036.60,974.24,-26062.36,SKU-FT30/POLY-BACK-11:-26062.36
ORD-300064,PULP-KRAFT-001,39652.10,1449.91,-38202.19,SKU-FT30/PULP-KRAFT-001:-38202.19
ORD-300065,ADH-HT-077,70348.38,,,
ORD-300065,CART-CRG-15,52070.03,770.84,-51299.19,SKU-FT30/CART-CRG-15:-51299.19
ORD-300065,POLY-BACK-11,105657.14,1286.90,-104370.24,SKU-FT30/POLY-BACK-11:-104370.24
ORD-300065,PULP-KRAFT-001,16785.73,452.46,-16333.27,SKU-FT30/PULP-KRAFT-001:-16333.27
ORD-300065,SAP-GRAN-022,42135.62,630.88,-41504.74,SKU-FT30/SAP-GRAN-022:-41504.74
ORD-300066,CART-CRG-15,176119.38,1271.12,-174848.26,SKU-FT30/CART-CRG-15:-174848.26
ORD-300066,INK-FLX-003,113535.45,742.24,-112793.21,SKU-FT30/INK-FLX-003:-112793.21
ORD-300066,POLY-BACK-11,111384.25,1038.28,-110345.97,SKU-FT30/POLY-BACK-11:-110345.97
ORD-300066,PULP-KRAFT-001,41430.48,1496.65,-39933.83,SKU-FT30/PULP-KRAFT-001:-39933.83
ORD-300066,PULP-RCYC-004,135326.29,,,
ORD-300067,ADH-HT-077,29839.97,1246.45,-28593.52,SKU-FT30/ADH-HT-077:-28593.52
ORD-300067,INK-FLX-003,87645.47,-362.47,-88007.94,SKU-FT30/INK-FLX-003:-88007.94
ORD-300067,PULP-KRAFT-001,94992.09,,,
ORD-300067,SAP-GRAN-022,,320.98,,
ORD-300068,CART-CRG-15,50970.87,1224.84,-49746.03,SKU-FT30/CART-CRG-15:-49746.03
ORD-300068,INK-FLX-003,132280.77,,,
ORD-300068,PULP-KRAFT-001,16178.69,1590.93,-14587.76,SKU-FT30/PULP-KRAFT-001:-14587.76
ORD-300068,PULP-RCYC-004,138207.62,1211.41,-136996.21,SKU-FT30/PULP-RCYC-004:-136996.21
ORD-300069,CART-CRG-15,26387.97,,,
ORD-300069,POLY-BACK-11,71953.11,1461.51,-70491.60,SKU-FT30/POLY-BACK-11:-70491.60
ORD-300069,PULP-KRAFT-001,23844.28,579.85,-23264.43,SKU-FT30/PULP-KRAFT-001:-23264.43
ORD-300069,PULP-RCYC-004,43972.57,714.73,-43257.84,SKU-FT30/PULP-RCYC-004:-43257.84
ORD-300070,CART-CRG-15,67340.52,626.30,-66714.22,SKU-FT30/CART-CRG-15:-66714.22
ORD-300070,INK-FLX-003,53864.81,238.67,-53626.14,SKU-FT30/INK-FLX-003:-53626.14
ORD-300070,POLY-BACK-11,169017.48,1357.89,-167659.59,SKU-FT30/POLY-BACK-11:-167659.59
ORD-300070,PULP-KRAFT-001,63381.56,1271.93,-62109.63,SKU-FT30/PULP-KRAFT-001:-62109.63
ORD-300070,PULP-SOFT-009,100458.81,,,
ORD-300071,ADH-HT-077,51111.90,296.96,-50814.94,SKU-FT30/ADH-HT-077:-50814.94
ORD-300071,INK-FLX-003,25567.92,1082.75,-24485.17,SKU-FT30/INK-FLX-003:-24485.17
ORD-300071,POLY-BACK-11,53254.53,898.29,-52356.24,SKU-FT30/POLY-BACK-11:-52356.24
ORD-300071,PULP-KRAFT-001,31912.02,675.16,-31236.86,SKU-FT30/PULP-KRAFT-001:-31236.86
ORD-300071,PULP-SOFT-009,,274.18,,
ORD-300071,SAP-GRAN-022,47365.29,,,
ORD-300072,ADH-HT-077,91613.48,803.94,-90809.54,SKU-FT30/ADH-HT-077:-90809.54
ORD-300072,CART-CRG-15,49809.58,,,
ORD-300072,INK-FLX-003,86319.39,828.81,-85490.58,SKU-FT30/INK-FLX-003:-85490.58
ORD-300072,POLY-BACK-11,108302.76,851.25,-107451.51,SKU-FT30/POLY-BACK-11:-107451.51
ORD-300072,PULP-KRAFT-001,79346.70,624.49,-78722.21,SKU-FT30/PULP-KRAFT-001:-78722.21
ORD-300073,CART-CRG-15,95517.71,749.93,-94767.78,SKU-FT30/CART-CRG-15:-94767.78
ORD-300073,INK-FLX-003,119928.53,1275.47,-118653.06,SKU-FT30/INK-FLX-003:-118653.06
ORD-300073,POLY-BACK-11,16672.42,1695.75,-14976.67,SKU-FT30/POLY-BACK-11:-14976.67
ORD-300073,PULP-RCYC-004,100167.39,1045.43,-99121.96,SKU-FT30/PULP-RCYC-004:-99121.96
ORD-300073,SAP-GRAN-022,26636.02,840.22,-25795.80,SKU-FT30/SAP-GRAN-022:-25795.80
ORD-300074,INK-FLX-003,29355.65,,,
ORD-300074,PULP-KRAFT-001,47940.26,751.76,-47188.50,SKU-FT30/PULP-KRAFT-001:-47188.50
ORD-300074,SAP-GRAN-022,135459.52,790.17,-134669.35,SKU-FT30/SAP-GRAN-022:-134669.35
ORD-300075,ADH-HT-077,15795.14,1400.72,-14394.42,SKU-TT12/ADH-HT-077:-14394.42
ORD-300075,PULP-KRAFT-001,10787.88,1072.48,-9715.40,SKU-TT12/PULP-KRAFT-001:-9715.40
ORD-300075,PULP-RCYC-004,12059.36,-44.04,-12103.40,SKU-TT12/PULP-RCYC-004:-12103.40
ORD-300075,PULP-SOFT-009,52484.43,363.23,-52121.20,SKU-TT12/PULP-SOFT-009:-52121.20
ORD-300075,SAP-GRAN-022,59025.32,1096.44,-57928.88,SKU-TT12/SAP-GRAN-022:-57928.88
ORD-300076,ADH-HT-077,142443.00,722.55,-141720.45,SKU-TT12/ADH-HT-077:-141720.45
ORD-300076,CART-CRG-15,132946.80,,,
ORD-300076,POLY-BACK-11,31269.63,981.35,-30288.28,SKU-TT12/POLY-BACK-11:-30288.28
ORD-300076,SAP-GRAN-022,24893.61,,,
ORD-300077,ADH-HT-077,11264.06,617.46,-10646.60,SKU-TT12/ADH-HT-077:-10646.60
ORD-300077,POLY-BACK-11,48134.40,1045.08,-47089.32,SKU-TT12/POLY-BACK-11:-47089.32
ORD-300077,PULP-KRAFT-001,12261.93,484.58,-11777.35,SKU-TT12/PULP-KRAFT-001:-11777.35
ORD-300077,PULP-SOFT-009,45783.49,1292.31,-44491.18,SKU-TT12/PULP-SOFT-009:-44491.18
ORD-300077,SAP-GRAN-022,63271.53,501.63,-62769.90,SKU-TT12/SAP-GRAN-022:-62769.90
ORD-300078,ADH-HT-077,97154.06,1032.46,-96121.60,SKU-TT12/ADH-HT-077:-96121.60
ORD-300078,POLY-BACK-11,66669.50,1237.33,-65432.17,SKU-TT12/POLY-BACK-11:-65432.17
ORD-300078,PULP-RCYC-004,127335.71,-289.37,-127625.08,SKU-TT12/PULP-RCYC-004:-127625.08
ORD-300079,ADH-HT-077,91737.41,,,
ORD-300079,CART-CRG-15,89046.13,414.45,-88631.68,SKU-TT12/CART-CRG-15:-88631.68
ORD-300079,PULP-KRAFT-001,18692.67,1173.85,-17518.82,SKU-TT12/PULP-KRAFT-001:-17518.82
ORD-300080,INK-FLX-003,88852.40,190.10,-88662.30,SKU-TT12/INK-FLX-003:-88662.30
ORD-300080,POLY-BACK-11,26655.72,970.09,-25685.63,SKU-TT12/POLY-BACK-11:-25685.63
ORD-300080,PULP-RCYC-004,79935.43,1015.47,-78919.96,SKU-TT12/PULP-RCYC-004:-78919.96
ORD-300081,POLY-BACK-11,5891.79,990.82,-4900.97,SKU-TT12/POLY-BACK-11:-4900.97
ORD-300081,PULP-RCYC-004,30820.23,1350.59,-29469.64,SKU-TT12/PULP-RCYC-004:-29469.64
ORD-300081,PULP-SOFT-009,35542.17,1236.09,-34306.08,SKU-TT12/PULP-SOFT-009:-34306.08
ORD-300081,SAP-GRAN-022,35382.65,1110.93,-34271.72,SKU-TT12/SAP-GRAN-022:-34271.72
ORD-300082,INK-FLX-003,114316.52,363.75,-113952.77,SKU-TT12/INK-FLX-003:-113952.77
ORD-300082,PULP-RCYC-004,71404.44,266.57,-71137.87,SKU-TT12/PULP-RCYC-004:-71137.87
ORD-300082,PULP-SOFT-009,115673.30,1096.05,-114577.25,SKU-TT12/PULP-SOFT-009:-114577.25
ORD-300082,SAP-GRAN-022,,175.44,,
ORD-300083,INK-FLX-003,147283.29,898.52,-146384.77,SKU-TT12/INK-FLX-003:-146384.77
ORD-300083,POLY-BACK-11,131999.18,1402.55,-130596.63,SKU-TT12/POLY-BACK-11:-130596.63
ORD-300083,PULP-KRAFT-001,58172.27,-137.98,-58310.25,SKU-TT12/PULP-KRAFT-001:-58310.25
ORD-300083,PULP-RCYC-004,28530.35,415.51,-28114.84,SKU-TT12/PULP-RCYC-004:-28114.84
ORD-300084,POLY-BACK-11,5485.14,1274.12,-4211.02,SKU-TT12/POLY-BACK-11:-4211.02
ORD-300084,PULP-RCYC-004,49081.19,672.94,-48408.25,SKU-TT12/PULP-RCYC-004:-48408.25
ORD-300084,SAP-GRAN-022,25636.64,1244.37,-24392.27,SKU-TT12/SAP-GRAN-022:-24392.27
ORD-300085,ADH-HT-077,95934.47,725.79,-95208.68,SKU-TT12/ADH-HT-077:-95208.68
ORD-300085,CART-CRG-15,36248.59,1174.03,-35074.56,SKU-TT12/CART-CRG-15:-35074.56
ORD-300085,PULP-KRAFT-001,66462.44,1138.14,-65324.30,SKU-TT12/PULP-KRAFT-001:-65324.30
ORD-300085,PULP-RCYC-004,27908.21,1113.54,-26794.67,SKU-TT12/PULP-RCYC-004:-26794.67
ORD-300085,SAP-GRAN-022,40599.23,564.46,-40034.77,SKU-TT12/SAP-GRAN-022:-40034.77
ORD-300086,CART-CRG-15,51756.06,684.32,-51071.74,SKU-TT12/CART-CRG-15:-51071.74
ORD-300086,POLY-BACK-11,11510.77,1224.39,-10286.38,SKU-TT12/POLY-BACK-11:-10286.38
ORD-300086,PULP-RCYC-004,47980.41,715.11,-47265.30,SKU-TT12/PULP-RCYC-004:-47265.30
ORD-300087,ADH-HT-077,49380.45,1250.27,-48130.18,SKU-DP40/ADH-HT-077:-48130.18
ORD-300087,PULP-RCYC-004,35480.54,,,
ORD-300087,PULP-SOFT-009,54262.52,1104.97,-53157.55,SKU-DP40/PULP-SOFT-009:-53157.55
ORD-300088,INK-FLX-003,174259.26,688.46,-173570.80,SKU-DP40/INK-FLX-003:-173570.80
ORD-300088,POLY-BACK-11,105174.02,430.77,-104743.25,SKU-DP40/POLY-BACK-11:-104743.25
ORD-300088,SAP-GRAN-022,95405.10,,,
ORD-300089,PULP-KRAFT-001,49690.64,1037.91,-48652.73,SKU-DP40/PULP-KRAFT-001:-48652.73
ORD-300089,PULP-RCYC-004,46178.84,578.44,-45600.40,SKU-DP40/PULP-RCYC-004:-45600.40
ORD-300089,PULP-SOFT-009,52137.85,580.76,-51557.09,SKU-DP40/PULP-SOFT-009:-51557.09
ORD-300090,POLY-BACK-11,97785.52,448.47,-97337.05,SKU-DP40/POLY-BACK-11:-97337.05
ORD-300090,PULP-KRAFT-001,140749.40,294.55,-140454.85,SKU-DP40/PULP-KRAFT-001:-140454.85
ORD-300090,PULP-RCYC-004,29529.45,,,
ORD-300090,SAP-GRAN-022,116935.32,586.02,-116349.30,SKU-DP40/SAP-GRAN-022:-116349.30
ORD-300091,ADH-HT-077,59193.63,1055.66,-58137.97,SKU-DP40/ADH-HT-077:-58137.97
ORD-300091,INK-FLX-003,76798.17,369.82,-76428.35,SKU-DP40/INK-FLX-003:-76428.35
ORD-300091,PULP-SOFT-009,114045.68,1403.75,-112641.93,SKU-DP40/PULP-SOFT-009:-112641.93
ORD-300091,SAP-GRAN-022,94879.23,,,
ORD-300092,CART-CRG-15,87685.87,1138.46,-86547.41,SKU-DP40/CART-CRG-15:-86547.41
ORD-300092,INK-FLX-003,39261.18,1458.91,-37802.27,SKU-DP40/INK-FLX-003:-37802.27
ORD-300092,PULP-RCYC-004,74688.27,,,
ORD-300092,SAP-GRAN-022,81474.63,,,
ORD-300093,POLY-BACK-11,73755.06,759.32,-72995.74,SKU-DP40/POLY-BACK-11:-72995.74
ORD-300093,PULP-KRAFT-001,63058.02,1221.42,-61836.60,SKU-DP40/PULP-KRAFT-001:-61836.60
ORD-300093,PULP-RCYC-004,49294.95,1180.88,-48114.07,SKU-DP40/PULP-RCYC-004:-48114.07
ORD-300093,PULP-SOFT-009,133542.64,862.64,-132680.00,SKU-DP40/PULP-SOFT-009:-132680.00
ORD-300093,SAP-GRAN-022,122607.13,357.69,-122249.44,SKU-DP40/SAP-GRAN-022:-122249.44
ORD-300094,ADH-HT-077,37807.88,-155.34,-37963.22,SKU-DP40/ADH-HT-077:-37963.22
ORD-300094,PULP-KRAFT-001,72727.26,886.77,-71840.49,SKU-DP40/PULP-KRAFT-001:-71840.49
ORD-300094,PULP-RCYC-004,119057.64,1253.70,-117803.94,SKU-DP40/PULP-RCYC-004:-117803.94
ORD-300095,ADH-HT-077,42888.74,99.28,-42789.46,SKU-WP36/ADH-HT-077:-42789.46
ORD-300095,PULP-SOFT-009,21007.10,1215.40,-19791.70,SKU-WP36/PULP-SOFT-009:-19791.70
ORD-300095,SAP-GRAN-022,64931.02,948.11,-63982.91,SKU-WP36/SAP-GRAN-022:-63982.91
ORD-300096,ADH-HT-077,26289.05,,,
ORD-300096,CART-CRG-15,70155.54,718.42,-69437.12,SKU-WP36/CART-CRG-15:-69437.12
ORD-300096,INK-FLX-003,63910.93,650.91,-63260.02,SKU-WP36/INK-FLX-003:-63260.02
ORD-300096,PULP-SOFT-009,97022.80,1218.53,-95804.27,SKU-WP36/PULP-SOFT-009:-95804.27
ORD-300096,SAP-GRAN-022,144898.17,-36.58,-144934.75,SKU-WP36/SAP-GRAN-022:-144934.75
ORD-300097,CART-CRG-15,88741.98,711.98,-88030.00,SKU-WP36/CART-CRG-15:-88030.00
ORD-300097,INK-FLX-003,160078.23,387.49,-159690.74,SKU-WP36/INK-FLX-003:-159690.74
ORD-300097,PULP-KRAFT-001,69973.38,739.90,-69233.48,SKU-WP36/PULP-KRAFT-001:-69233.48
ORD-300097,PULP-RCYC-004,181767.25,765.24,-181002.01,SKU-WP36/PULP-RCYC-004:-181002.01
ORD-300097,SAP-GRAN-022,48362.24,507.98,-47854.26,SKU-WP36/SAP-GRAN-022:-47854.26
ORD-300098,CART-CRG-15,51804.82,992.33,-50812.49,SKU-WP36/CART-CRG-15:-50812.49
ORD-300098,INK-FLX-003,16138.39,749.45,-15388.94,SKU-WP36/INK-FLX-003:-15388.94
ORD-300098,PULP-KRAFT-001,77842.22,1114.81,-76727.41,SKU-WP36/PULP-KRAFT-001:-76727.41
ORD-300099,CART-CRG-15,69391.86,1050.27,-68341.59,SKU-WP36/CART-CRG-15:-68341.59
ORD-300099,INK-FLX-003,27794.92,,,
ORD-300099,POLY-BACK-11,47954.68,1278.42,-46676.26,SKU-WP36/POLY-BACK-11:-46676.26
ORD-300099,PULP-KRAFT-001,21481.23,1316.74,-20164.49,SKU-WP36/PULP-KRAFT-001:-20164.49
ORD-300100,INK-FLX-003,87286.95,760.91,-86526.04,SKU-WP36/INK-FLX-003:-86526.04
ORD-300100,POLY-BACK-11,18450.61,1141.75,-17308.86,SKU-WP36/POLY-BACK-11:-17308.86
ORD-300100,PULP-RCYC-004,22144.27,849.38,-21294.89,SKU-WP36/PULP-RCYC-004:-21294.89
ORD-300100,PULP-SOFT-009,43510.93,588.92,-42922.01,SKU-WP36/PULP-SOFT-009:-42922.01
ORD-300100,SAP-GRAN-022,84229.52,-125.74,-84355.26,SKU-WP36/SAP-GRAN-022:-84355.26
ORD-300101,ADH-HT-077,24999.50,556.31,-24443.19,SKU-WP36/ADH-HT-077:-24443.19
ORD-300101,POLY-BACK-11,58867.53,1354.79,-57512.74,SKU-WP36/POLY-BACK-11:-57512.74
ORD-300101,PULP-RCYC-004,26140.07,1548.58,-24591.49,SKU-WP36/PULP-RCYC-004:-24591.49
ORD-300101,SAP-GRAN-022,115128.04,923.78,-114204.26,SKU-WP36/SAP-GRAN-022:-114204.26
ORD-300102,ADH-HT-077,60848.71,657.53,-60191.18,SKU-WP36/ADH-HT-077:-60191.18
ORD-300102,PULP-KRAFT-001,78978.29,1160.62,-77817.67,SKU-WP36/PULP-KRAFT-001:-77817.67
ORD-300102,PULP-SOFT-009,46747.93,454.55,-46293.38,SKU-WP36/PULP-SOFT-009:-46293.38
ORD-300103,ADH-HT-077,97483.00,606.51,-96876.49,SKU-WP36/ADH-HT-077:-96876.49
ORD-300103,POLY-BACK-11,43723.33,258.28,-43465.05,SKU-WP36/POLY-BACK-11:-43465.05
ORD-300103,PULP-RCYC-004,71041.97,840.74,-70201.23,SKU-WP36/PULP-RCYC-004:-70201.23
ORD-300104,CART-CRG-15,60877.65,1069.09,-59808.56,SKU-WP36/CART-CRG-15:-59808.56
ORD-300104,POLY-BACK-11,130630.92,1046.39,-129584.53,SKU-WP36/POLY-BACK-11:-129584.53
ORD-300104,PULP-KRAFT-001,49384.86,684.37,-48700.49,SKU-WP36/PULP-KRAFT-001:-48700.49
ORD-300104,PULP-RCYC-004,44947.05,1135.24,-43811.81,SKU-WP36/PULP-RCYC-004:-43811.81
ORD-300105,INK-FLX-003,114709.32,591.79,-114117.53,SKU-WP36/INK-FLX-003:-114117.53
ORD-300105,PULP-RCYC-004,114572.37,926.50,-113645.87,SKU-WP36/PULP-RCYC-004:-113645.87
ORD-300105,SAP-GRAN-022,100274.79,,,
ORD-300106,CART-CRG-15,11391.01,649.03,-10741.98,SKU-WP36/CART-CRG-15:-10741.98
ORD-300106,INK-FLX-003,32805.47,1227.91,-31577.56,SKU-WP36/INK-FLX-003:-31577.56
ORD-300106,POLY-BACK-11,80219.75,682.50,-79537.25,SKU-WP36/POLY-BACK-11:-79537.25
ORD-300106,PULP-KRAFT-001,46384.59,1442.45,-44942.14,SKU-WP36/PULP-KRAFT-001:-44942.14
ORD-300107,ADH-HT-077,31131.02,1361.91,-29769.11,SKU-WP36/ADH-HT-077:-29769.11
ORD-300107,INK-FLX-003,66873.38,-276.84,-67150.22,SKU-WP36/INK-FLX-003:-67150.22
ORD-300107,POLY-BACK-11,57951.04,,,
ORD-300107,PULP-SOFT-009,56537.60,1394.85,-55142.75,SKU-WP36/PULP-SOFT-009:-55142.75
ORD-300108,POLY-BACK-11,59636.34,851.86,-58784.48,SKU-WP36/POLY-BACK-11:-58784.48
ORD-300108,PULP-KRAFT-001,50875.96,,,
ORD-300108,PULP-SOFT-009,25909.58,1416.64,-24492.94,SKU-WP36/PULP-SOFT-009:-24492.94
ORD-300108,SAP-GRAN-022,24966.38,1374.02,-23592.36,SKU-WP36/SAP-GRAN-022:-23592.36
ORD-300109,CART-CRG-15,113175.00,1098.99,-112076.01,SKU-WP36/CART-CRG-15:-112076.01
ORD-300109,POLY-BACK-11,107575.00,1425.21,-106149.79,SKU-WP36/POLY-BACK-11:-106149.79
ORD-300109,PULP-KRAFT-001,56125.00,,,
ORD-300109,PULP-SOFT-009,28975.00,520.29,-28454.71,SKU-WP36/PULP-SOFT-009:-28454.71
ORD-300110,ADH-HT-077,55664.81,1113.94,-54550.87,SKU-WP36/ADH-HT-077:-54550.87
ORD-300110,PULP-KRAFT-001,68852.24,459.27,-68392.97,SKU-WP36/PULP-KRAFT-001:-68392.97
ORD-300110,PULP-RCYC-004,43810.01,1289.69,-42520.32,SKU-WP36/PULP-RCYC-004:-42520.32
ORD-300111,ADH-HT-077,113954.56,,,
ORD-300111,CART-CRG-15,136745.47,1042.30,-135703.17,SKU-WP36/CART-CRG-15:-135703.17
ORD-300111,INK-FLX-003,50361.09,508.56,-49852.53,SKU-WP36/INK-FLX-003:-49852.53
ORD-300111,PULP-RCYC-004,130405.63,-238.42,-130644.05,SKU-WP36/PULP-RCYC-004:-130644.05
ORD-300111,SAP-GRAN-022,18336.77,1390.66,-16946.11,SKU-WP36/SAP-GRAN-022:-16946.11
ORD-300112,ADH-HT-077,51178.34,760.12,-50418.22,SKU-WP36/ADH-HT-077:-50418.22
ORD-300112,CART-CRG-15,11115.10,167.85,-10947.25,SKU-WP36/CART-CRG-15:-10947.25
ORD-300112,PULP-RCYC-004,43627.62,1110.58,-42517.04,SKU-WP36/PULP-RCYC-004:-42517.04
ORD-300112,PULP-SOFT-009,16278.46,429.86,-15848.60,SKU-WP36/PULP-SOFT-009:-15848.60
ORD-300113,PULP-RCYC-004,79277.87,,,
ORD-300113,PULP-SOFT-009,41492.27,944.44,-40547.83,SKU-WP36/PULP-SOFT-009:-40547.83
ORD-300113,SAP-GRAN-022,54497.55,729.50,-53768.05,SKU-WP36/SAP-GRAN-022:-53768.05
ORD-300114,CART-CRG-15,49005.18,924.94,-48080.24,SKU-WP36/CART-CRG-15:-48080.24
ORD-300114,INK-FLX-003,27154.26,859.65,-26294.61,SKU-WP36/INK-FLX-003:-26294.61
ORD-300114,PULP-RCYC-004,44339.40,890.84,-43448.56,SKU-WP36/PULP-RCYC-004:-43448.56
ORD-300114,SAP-GRAN-022,131424.30,,,
ORD-300115,ADH-HT-077,37669.74,,,
ORD-300115,CART-CRG-15,55138.05,1353.08,-53784.97,SKU-WP36/CART-CRG-15:-53784.97
ORD-300115,PULP-KRAFT-001,110632.59,756.26,-109876.33,SKU-WP36/PULP-KRAFT-001:-109876.33
ORD-300115,PULP-RCYC-004,146638.69,715.18,-145923.51,SKU-WP36/PULP-RCYC-004:-145923.51
ORD-300116,CART-CRG-15,62836.44,597.02,-62239.42,SKU-WP36/CART-CRG-15:-62239.42
ORD-300116,INK-FLX-003,20873.46,1031.34,-19842.12,SKU-WP36/INK-FLX-003:-19842.12
ORD-300116,PULP-KRAFT-001,30130.25,908.63,-29221.62,SKU-WP36/PULP-KRAFT-001:-29221.62
ORD-300116,PULP-RCYC-004,31692.43,669.48,-31022.95,SKU-WP36/PULP-RCYC-004:-31022.95
ORD-300116,SAP-GRAN-022,77311.59,625.36,-76686.23,SKU-WP36/SAP-GRAN-022:-76686.23
ORD-300117,ADH-HT-077,62999.21,1411.18,-61588.03,SKU-DP32/ADH-HT-077:-61588.03
ORD-300117,PULP-SOFT-009,73887.96,1636.04,-72251.92,SKU-DP32/PULP-SOFT-009:-72251.92
ORD-300117,SAP-GRAN-022,146090.76,,,
ORD-300118,CART-CRG-15,91527.94,,,
ORD-300118,PULP-KRAFT-001,54511.10,647.37,-53863.73,SKU-DP32/PULP-KRAFT-001:-53863.73
ORD-300118,PULP-SOFT-009,174978.82,644.30,-174334.52,SKU-DP32/PULP-SOFT-009:-174334.52
ORD-300119,CART-CRG-15,59128.45,-21.05,-59149.50,SKU-DP32/CART-CRG-15:-59149.50
ORD-300119,INK-FLX-003,9990.73,1095.76,-8894.97,SKU-DP32/INK-FLX-003:-8894.97
ORD-300119,PULP-KRAFT-001,23553.47,292.75,-23260.72,SKU-DP32/PULP-KRAFT-001:-23260.72
ORD-300119,PULP-RCYC-004,13617.13,,,
ORD-300119,PULP-SOFT-009,43371.74,870.23,-42501.51,SKU-DP32/PULP-SOFT-009:-42501.51
ORD-300120,ADH-HT-077,110971.84,263.65,-110708.19,SKU-DP32/ADH-HT-077:-110708.19
ORD-300120,INK-FLX-003,53628.40,-4.12,-53632.52,SKU-DP32/INK-FLX-003:-53632.52
ORD-300120,PULP-KRAFT-001,27413.40,985.54,-26427.86,SKU-DP32/PULP-KRAFT-001:-26427.86
ORD-300120,PULP-RCYC-004,91527.80,,,
ORD-300120,PULP-SOFT-009,149051.00,845.62,-148205.38,SKU-DP32/PULP-SOFT-009:-148205.38
ORD-300121,CART-CRG-15,23179.30,59.79,-23119.51,SKU-DP32/CART-CRG-15:-23119.51
ORD-300121,INK-FLX-003,39815.90,281.79,-39534.11,SKU-DP32/INK-FLX-003:-39534.11
ORD-300121,PULP-KRAFT-001,64867.30,342.19,-64525.11,SKU-DP32/PULP-KRAFT-001:-64525.11
ORD-300121,PULP-RCYC-004,12757.30,1174.75,-11582.55,SKU-DP32/PULP-RCYC-004:-11582.55
ORD-300122,ADH-HT-077,58444.78,1147.98,-57296.80,SKU-DP32/ADH-HT-077:-57296.80
ORD-300122,INK-FLX-003,57100.46,955.81,-56144.65,SKU-DP32/INK-FLX-003:-56144.65
ORD-300122,PULP-SOFT-009,69948.61,707.00,-69241.61,SKU-DP32/PULP-SOFT-009:-69241.61
ORD-300123,ADH-HT-077,185425.85,832.13,-184593.72,SKU-DP32/ADH-HT-077:-184593.72
ORD-300123,CART-CRG-15,27748.66,550.64,-27198.02,SKU-DP32/CART-CRG-15:-27198.02
ORD-300123,INK-FLX-003,23598.22,-6.31,-23604.53,SKU-DP32/INK-FLX-003:-23604.53
ORD-300123,PULP-RCYC-004,177678.36,386.15,-177292.21,SKU-DP32/PULP-RCYC-004:-177292.21
ORD-300123,PULP-SOFT-009,55932.12,266.15,-55665.97,SKU-DP32/PULP-SOFT-009:-55665.97
ORD-300124,INK-FLX-003,124172.19,1046.72,-123125.47,SKU-DP32/INK-FLX-003:-123125.47
ORD-300124,POLY-BACK-11,21719.34,103.32,-21616.02,SKU-DP32/POLY-BACK-11:-21616.02
ORD-300124,PULP-RCYC-004,44534.61,303.72,-44230.89,SKU-DP32/PULP-RCYC-004:-44230.89
ORD-300124,PULP-SOFT-009,27663.93,976.71,-26687.22,SKU-DP32/PULP-SOFT-009:-26687.22
ORD-300124,SAP-GRAN-022,43438.68,821.27,-42617.41,SKU-DP32/SAP-GRAN-022:-42617.41
ORD-300125,ADH-HT-077,99899.70,662.45,-99237.25,SKU-DP32/ADH-HT-077:-99237.25
ORD-300125,INK-FLX-003,129084.24,1620.02,-127464.22,SKU-DP32/INK-FLX-003:-127464.22
ORD-300125,PULP-SOFT-009,98957.25,1403.78,-97553.47,SKU-DP32/PULP-SOFT-009:-97553.47
ORD-300125,SAP-GRAN-022,111931.65,906.58,-111025.07,SKU-DP32/SAP-GRAN-022:-111025.07
ORD-300126,ADH-HT-077,64283.99,953.68,-63330.31,SKU-DP32/ADH-HT-077:-63330.31
ORD-300126,INK-FLX-003,,319.07,,
ORD-300126,POLY-BACK-11,93207.07,503.69,-92703.38,SKU-DP32/POLY-BACK-11:-92703.38
ORD-300126,PULP-KRAFT-001,97854.86,1184.12,-96670.74,SKU-DP32/PULP-KRAFT-001:-96670.74
ORD-300127,POLY-BACK-11,50501.45,782.04,-49719.41,SKU-DP32/POLY-BACK-11:-49719.41
ORD-300127,PULP-SOFT-009,103230.59,,,
ORD-300127,SAP-GRAN-022,99342.63,1015.86,-98326.77,SKU-DP32/SAP-GRAN-022:-98326.77
ORD-300128,ADH-HT-077,51374.09,654.63,-50719.46,SKU-DP32/ADH-HT-077:-50719.46
ORD-300128,INK-FLX-003,43535.61,911.33,-42624.28,SKU-DP32/INK-FLX-003:-42624.28
ORD-300128,POLY-BACK-11,41653.55,917.61,-40735.94,SKU-DP32/POLY-BACK-11:-40735.94
ORD-300128,PULP-SOFT-009,47082.57,631.04,-46451.53,SKU-DP32/PULP-SOFT-009:-46451.53
ORD-300128,SAP-GRAN-022,48282.13,1193.77,-47088.36,SKU-DP32/SAP-GRAN-022:-47088.36
ORD-300129,ADH-HT-077,82318.08,1478.36,-80839.72,SKU-DP32/ADH-HT-077:-80839.72
ORD-300129,CART-CRG-15,120657.33,1047.36,-119609.97,SKU-DP32/CART-CRG-15:-119609.97
ORD-300129,PULP-KRAFT-001,54194.38,710.06,-53484.33,SKU-DP32/PULP-KRAFT-001:-53484.33
ORD-300129,PULP-SOFT-009,65028.32,501.28,-64527.04,SKU-DP32/PULP-SOFT-009:-64527.04
ORD-300130,ADH-HT-077,29302.32,1420.60,-27881.72,SKU-DP32/ADH-HT-077:-27881.72
ORD-300130,INK-FLX-003,26831.04,253.70,-26577.34,SKU-DP32/INK-FLX-003:-26577.34
ORD-300130,POLY-BACK-11,39628.74,1158.55,-38470.19,SKU-DP32/POLY-BACK-11:-38470.19
ORD-300130,PULP-RCYC-004,11765.06,859.33,-10905.73,SKU-DP32/PULP-RCYC-004:-10905.73
ORD-300130,SAP-GRAN-022,32197.25,610.62,-31586.63,SKU-DP32/SAP-GRAN-022:-31586.63
ORD-300131,CART-CRG-15,79924.14,1023.65,-78900.49,SKU-DP32/CART-CRG-15:-78900.49
ORD-300131,INK-FLX-003,46403.97,293.16,-46110.81,SKU-DP32/INK-FLX-003:-46110.81
ORD-300131,PULP-KRAFT-001,83828.32,-66.69,-83895.01,SKU-DP32/PULP-KRAFT-001:-83895.01
ORD-300131,SAP-GRAN-022,62801.52,1320.65,-61480.87,SKU-DP32/SAP-GRAN-022:-61480.87
ORD-300132,INK-FLX-003,72414.05,1030.72,-71383.33,SKU-DP32/INK-FLX-003:-71383.33
ORD-300132,POLY-BACK-11,94048.99,841.62,-93207.37,SKU-DP32/POLY-BACK-11:-93207.37
ORD-300132,SAP-GRAN-022,40775.57,1183.67,-39591.90,SKU-DP32/SAP-GRAN-022:-39591.90
ORD-300133,INK-FLX-003,30801.90,-66.01,-30867.91,SKU-DP32/INK-FLX-003:-30867.91
ORD-300133,PULP-KRAFT-001,35754.20,702.60,-35051.60,SKU-DP32/PULP-KRAFT-001:-35051.60
ORD-300133,PULP-SOFT-009,8480.95,803.57,-7677.38,SKU-DP32/PULP-SOFT-009:-7677.38
ORD-300133,SAP-GRAN-022,20460.03,856.49,-19603.54,SKU-DP32/SAP-GRAN-022:-19603.54
ORD-300134,INK-FLX-003,131495.04,1187.76,-130307.28,SKU-DP32/INK-FLX-003:-130307.28
ORD-300134,POLY-BACK-11,26453.52,937.05,-25516.47,SKU-DP32/POLY-BACK-11:-25516.47
ORD-300134,PULP-KRAFT-001,68145.12,1692.28,-66452.84,SKU-DP32/PULP-KRAFT-001:-66452.84
ORD-300134,PULP-SOFT-009,42917.04,754.97,-42162.07,SKU-DP32/PULP-SOFT-009:-42162.07
ORD-300134,SAP-GRAN-022,22670.64,278.92,-22391.72,SKU-DP32/SAP-GRAN-022:-22391.72
ORD-300135,ADH-HT-077,17488.94,736.76,-16752.18,SKU-DP32/ADH-HT-077:-16752.18
ORD-300135,POLY-BACK-11,23263.59,1268.23,-21995.36,SKU-DP32/POLY-BACK-11:-21995.36
ORD-300135,PULP-KRAFT-001,69147.31,1617.68,-67529.63,SKU-DP32/PULP-KRAFT-001:-67529.63
ORD-300135,PULP-RCYC-004,72876.08,,,
ORD-300135,SAP-GRAN-022,18627.37,1080.89,-17546.48,SKU-DP32/SAP-GRAN-022:-17546.48
ORD-300136,CART-CRG-15,52362.17,985.79,-51376.38,SKU-DP32/CART-CRG-15:-51376.38
ORD-300136,INK-FLX-003,43632.74,969.60,-42663.15,SKU-DP32/INK-FLX-003:-42663.15
ORD-300136,POLY-BACK-11,67876.36,793.65,-67082.71,SKU-DP32/POLY-BACK-11:-67082.71
ORD-300136,PULP-RCYC-004,54162.80,1013.23,-53149.57,SKU-DP32/PULP-RCYC-004:-53149.57
ORD-300136,SAP-GRAN-022,49063.43,,,
ORD-300137,INK-FLX-003,20699.25,1231.01,-19468.24,SKU-DP32/INK-FLX-003:-19468.24
ORD-300137,PULP-KRAFT-001,65322.35,505.19,-64817.16,SKU-DP32/PULP-KRAFT-001:-64817.16
ORD-300137,SAP-GRAN-022,36841.57,711.42,-36130.15,SKU-DP32/SAP-GRAN-022:-36130.15
ORD-300138,INK-FLX-003,30457.86,485.43,-29972.43,SKU-DP32/INK-FLX-003:-29972.43
ORD-300138,PULP-KRAFT-001,27551.74,621.41,-26930.33,SKU-DP32/PULP-KRAFT-001:-26930.33
ORD-300138,PULP-RCYC-004,25039.87,1227.32,-23812.55,SKU-DP32/PULP-RCYC-004:-23812.55
ORD-300139,ADH-HT-077,73139.86,345.26,-72794.61,SKU-DP32/ADH-HT-077:-72794.61
ORD-300139,PULP-KRAFT-001,81079.82,927.31,-80152.51,SKU-DP32/PULP-KRAFT-001:-80152.51
ORD-300139,PULP-SOFT-009,79713.41,1056.15,-78657.26,SKU-DP32/PULP-SOFT-009:-78657.26
ORD-300139,SAP-GRAN-022,73638.42,410.30,-73228.12,SKU-DP32/SAP-GRAN-022:-73228.12
ORD-300140,INK-FLX-003,23611.94,1322.16,-22289.78,SKU-DP32/INK-FLX-003:-22289.78
ORD-300140,POLY-BACK-11,36389.54,,,
ORD-300140,PULP-RCYC-004,115397.70,1036.71,-114360.99,SKU-DP32/PULP-RCYC-004:-114360.99
ORD-300140,PULP-SOFT-009,113800.50,,,
ORD-300140,SAP-GRAN-022,59389.22,798.37,-58590.85,SKU-DP32/SAP-GRAN-022:-58590.85
ORD-300141,POLY-BACK-11,13523.59,480.35,-13043.24,SKU-DP32/POLY-BACK-11:-13043.24
ORD-300141,PULP-KRAFT-001,60001.51,1354.70,-58646.81,SKU-DP32/PULP-KRAFT-001:-58646.81
ORD-300141,PULP-RCYC-004,10214.48,810.29,-9404.19,SKU-DP32/PULP-RCYC-004:-9404.19
ORD-300142,ADH-HT-077,11149.80,,,
ORD-300142,INK-FLX-003,57840.36,784.89,-57055.47,SKU-DP40/INK-FLX-003:-57055.47
ORD-300142,PULP-KRAFT-001,42459.23,841.85,-41617.38,SKU-DP40/PULP-KRAFT-001:-41617.38
ORD-300142,PULP-RCYC-004,55445.04,294.97,-55150.07,SKU-DP40/PULP-RCYC-004:-55150.07
ORD-300142,PULP-SOFT-009,9763.68,980.24,-8783.44,SKU-DP40/PULP-SOFT-009:-8783.44
ORD-300143,ADH-HT-077,20101.18,462.77,-19638.41,SKU-DP40/ADH-HT-077:-19638.41
ORD-300143,CART-CRG-15,39335.92,1313.40,-38022.52,SKU-DP40/CART-CRG-15:-38022.52
ORD-300143,PULP-KRAFT-001,40183.10,1183.32,-38999.78,SKU-DP40/PULP-KRAFT-001:-38999.78
ORD-300143,PULP-SOFT-009,5862.84,849.13,-5013.71,SKU-DP40/PULP-SOFT-009:-5013.71
ORD-300144,ADH-HT-077,40363.04,892.51,-39470.53,SKU-DP40/ADH-HT-077:-39470.53
ORD-300144,CART-CRG-15,58430.10,1524.68,-56905.42,SKU-DP40/CART-CRG-15:-56905.42
ORD-300144,INK-FLX-003,28008.36,670.68,-27337.68,SKU-DP40/INK-FLX-003:-27337.68
ORD-300144,PULP-KRAFT-001,66223.73,485.92,-65737.81,SKU-DP40/PULP-KRAFT-001:-65737.81
ORD-300144,PULP-SOFT-009,25971.39,847.39,-25124.00,SKU-DP40/PULP-SOFT-009:-25124.00
ORD-300145,ADH-HT-077,20405.09,1269.04,-19136.05,SKU-DP40/ADH-HT-077:-19136.05
ORD-300145,CART-CRG-15,30498.29,748.54,-29749.75,SKU-DP40/CART-CRG-15:-29749.75
ORD-300145,PULP-KRAFT-001,18066.83,,,
ORD-300145,PULP-RCYC-004,46580.12,1254.96,-45325.16,SKU-DP40/PULP-RCYC-004:-45325.16
ORD-300146,PULP-KRAFT-001,86245.47,724.19,-85521.28,SKU-DP40/PULP-KRAFT-001:-85521.28
ORD-300146,PULP-SOFT-009,80000.27,852.19,-79148.08,SKU-DP40/PULP-SOFT-009:-79148.08
ORD-300146,SAP-GRAN-022,78575.51,237.66,-78337.85,SKU-DP40/SAP-GRAN-022:-78337.85
ORD-300147,CART-CRG-15,113695.52,-130.54,-113826.06,SKU-DP40/CART-CRG-15:-113826.06
ORD-300147,POLY-BACK-11,145780.68,731.59,-145049.09,SKU-DP40/POLY-BACK-11:-145049.09
ORD-300147,PULP-SOFT-009,78368.30,752.94,-77615.36,SKU-DP40/PULP-SOFT-009:-77615.36
ORD-300148,POLY-BACK-11,60106.56,-315.41,-60421.97,SKU-DP40/POLY-BACK-11:-60421.97
ORD-300148,PULP-KRAFT-001,49984.72,1701.54,-48283.18,SKU-DP40/PULP-KRAFT-001:-48283.18
ORD-300148,PULP-RCYC-004,47123.89,190.92,-46932.97,SKU-DP40/PULP-RCYC-004:-46932.97
ORD-300149,ADH-HT-077,108040.42,845.48,-107194.94,SKU-DP40/ADH-HT-077:-107194.94
ORD-300149,CART-CRG-15,37061.57,,,
ORD-300149,INK-FLX-003,85798.32,719.48,-85078.84,SKU-DP40/INK-FLX-003:-85078.84
ORD-300149,PULP-RCYC-004,109947.62,,,
ORD-300149,PULP-SOFT-009,65901.56,-222.94,-66124.50,SKU-DP40/PULP-SOFT-009:-66124.50
ORD-300150,CART-CRG-15,98002.63,346.22,-97656.41,SKU-DP40/CART-CRG-15:-97656.41
ORD-300150,INK-FLX-003,23384.69,,,
ORD-300150,PULP-KRAFT-001,59501.60,634.00,-58867.60,SKU-DP40/PULP-KRAFT-001:-58867.60
ORD-300150,PULP-RCYC-004,44309.16,959.68,-43349.48,SKU-DP40/PULP-RCYC-004:-43349.48
ORD-300150,SAP-GRAN-022,22902.79,,,
ORD-300151,ADH-HT-077,118806.23,-266.03,-119072.26,SKU-DP40/ADH-HT-077:-119072.26
ORD-300151,PULP-RCYC-004,20722.38,502.00,-20220.38,SKU-DP40/PULP-RCYC-004:-20220.38
ORD-300151,PULP-SOFT-009,135611.58,987.83,-134623.75,SKU-DP40/PULP-SOFT-009:-134623.75
ORD-300151,SAP-GRAN-022,71770.21,873.65,-70896.56,SKU-DP40/SAP-GRAN-022:-70896.56
ORD-300152,ADH-HT-077,147061.62,1227.35,-145834.27,SKU-DP40/ADH-HT-077:-145834.27
ORD-300152,CART-CRG-15,137475.23,592.71,-136882.52,SKU-DP40/CART-CRG-15:-136882.52
ORD-300152,INK-FLX-003,114966.51,94.99,-114871.52,SKU-DP40/INK-FLX-003:-114871.52
ORD-300152,POLY-BACK-11,103905.29,253.91,-103651.38,SKU-DP40/POLY-BACK-11:-103651.38
ORD-300152,PULP-KRAFT-001,44244.90,1092.75,-43152.15,SKU-DP40/PULP-KRAFT-001:-43152.15
ORD-300153,ADH-HT-077,38381.17,1187.84,-37193.34,SKU-DP40/ADH-HT-077:-37193.34
ORD-300153,INK-FLX-003,15799.24,1031.02,-14768.22,SKU-DP40/INK-FLX-003:-14768.22
ORD-300153,PULP-RCYC-004,11096.02,925.97,-10170.05,SKU-DP40/PULP-RCYC-004:-10170.05
ORD-300153,PULP-SOFT-009,16221.63,-47.54,-16269.17,SKU-DP40/PULP-SOFT-009:-16269.17
ORD-300154,INK-FLX-003,71516.70,672.11,-70844.59,SKU-DP40/INK-FLX-003:-70844.59
ORD-300154,PULP-KRAFT-001,55750.05,492.28,-55257.77,SKU-DP40/PULP-KRAFT-001:-55257.77
ORD-300154,PULP-RCYC-004,152617.05,355.76,-152261.29,SKU-DP40/PULP-RCYC-004:-152261.29
ORD-300155,ADH-HT-077,67288.20,-497.12,-67785.32,SKU-DP40/ADH-HT-077:-67785.32
ORD-300155,CART-CRG-15,20804.78,1232.62,-19572.16,SKU-DP40/CART-CRG-15:-19572.16
ORD-300155,INK-FLX-003,15470.22,1501.64,-13968.58,SKU-DP40/INK-FLX-003:-13968.58
ORD-300155,PULP-KRAFT-001,42264.26,1245.11,-41019.15,SKU-DP40/PULP-KRAFT-001:-41019.15
ORD-300155,PULP-SOFT-009,19883.36,390.27,-19493.09,SKU-DP40/PULP-SOFT-009:-19493.09
ORD-300156,CART-CRG-15,29390.02,1143.98,-28246.05,SKU-DP40/CART-CRG-15:-28246.05
ORD-300156,INK-FLX-003,31529.41,1076.75,-30452.66,SKU-DP40/INK-FLX-003:-30452.66
ORD-300156,PULP-RCYC-004,12412.65,967.82,-11444.83,SKU-DP40/PULP-RCYC-004:-11444.83
ORD-300156,PULP-SOFT-009,30258.49,,,
ORD-300156,SAP-GRAN-022,44736.38,,,
ORD-300157,ADH-HT-077,,130.60,,
ORD-300157,POLY-BACK-11,115743.34,,,
ORD-300157,PULP-KRAFT-001,42164.46,-211.97,-42376.43,SKU-DP40/PULP-KRAFT-001:-42376.43
ORD-300157,PULP-RCYC-004,169759.43,1167.15,-168592.28,SKU-DP40/PULP-RCYC-004:-168592.28
ORD-300157,PULP-SOFT-009,173064.22,560.27,-172503.95,SKU-DP40/PULP-SOFT-009:-172503.95
ORD-300157,SAP-GRAN-022,59524.06,,,
ORD-300158,ADH-HT-077,7988.08,,,
ORD-300158,CART-CRG-15,37221.88,1135.07,-36086.81,SKU-DP40/CART-CRG-15:-36086.81
ORD-300158,POLY-BACK-11,23706.56,267.60,-23438.96,SKU-DP40/POLY-BACK-11:-23438.96
ORD-300158,PULP-RCYC-004,25935.49,72.06,-25863.43,SKU-DP40/PULP-RCYC-004:-25863.43
ORD-300159,ADH-HT-077,24617.40,1177.68,-23439.72,SKU-DP40/ADH-HT-077:-23439.72
ORD-300159,PULP-SOFT-009,83705.24,1368.42,-82336.82,SKU-DP40/PULP-SOFT-009:-82336.82
ORD-300159,SAP-GRAN-022,54024.89,,,
ORD-300160,ADH-HT-077,29570.64,644.11,-28926.53,SKU-DP40/ADH-HT-077:-28926.53
ORD-300160,CART-CRG-15,23785.08,938.67,-22846.41,SKU-DP40/CART-CRG-15:-22846.41
ORD-300160,INK-FLX-003,41109.62,602.35,-40507.27,SKU-DP40/INK-FLX-003:-40507.27
ORD-300160,POLY-BACK-11,44098.82,1036.35,-43062.47,SKU-DP40/POLY-BACK-11:-43062.47
ORD-300160,PULP-SOFT-009,32929.48,1079.97,-31849.51,SKU-DP40/PULP-SOFT-009:-31849.51
ORD-300161,ADH-HT-077,56160.92,-200.54,-56361.46,SKU-DP40/ADH-HT-077:-56361.46
ORD-300161,POLY-BACK-11,112911.05,925.19,-111985.86,SKU-DP40/POLY-BACK-11:-111985.86
ORD-300161,PULP-SOFT-009,70891.15,866.82,-70024.33,SKU-DP40/PULP-SOFT-009:-70024.33
ORD-300162,ADH-HT-077,71363.90,781.79,-70582.11,SKU-DP40/ADH-HT-077:-70582.11
ORD-300162,CART-CRG-15,15004.96,880.79,-14124.17,SKU-DP40/CART-CRG-15:-14124.17
ORD-300162,INK-FLX-003,32790.94,283.83,-32507.11,SKU-DP40/INK-FLX-003:-32507.11
ORD-300162,POLY-BACK-11,22028.22,838.34,-21189.88,SKU-DP40/POLY-BACK-11:-21189.88
ORD-300162,PULP-KRAFT-001,32555.26,313.41,-32241.85,SKU-DP40/PULP-KRAFT-001:-32241.85
ORD-300163,ADH-HT-077,29237.27,1408.47,-27828.80,SKU-DP40/ADH-HT-077:-27828.80
ORD-300163,PULP-KRAFT-001,23114.07,,,
ORD-300163,PULP-RCYC-004,20059.23,663.60,-19395.63,SKU-DP40/PULP-RCYC-004:-19395.63
ORD-300163,PULP-SOFT-009,59096.32,1236.64,-57859.68,SKU-DP40/PULP-SOFT-009:-57859.68
ORD-300163,SAP-GRAN-022,22681.53,1118.75,-21562.78,SKU-DP40/SAP-GRAN-022:-21562.78
ORD-300164,POLY-BACK-11,44248.88,1576.34,-42672.54,SKU-WP36/POLY-BACK-11:-42672.54
ORD-300164,PULP-KRAFT-001,23781.76,803.86,-22977.90,SKU-WP36/PULP-KRAFT-001:-22977.90
ORD-300164,PULP-SOFT-009,14020.19,412.88,-13607.31,SKU-WP36/PULP-SOFT-009:-13607.31
ORD-300164,SAP-GRAN-022,17828.27,587.24,-17241.03,SKU-WP36/SAP-GRAN-022:-17241.03
ORD-300165,ADH-HT-077,61028.32,,,
ORD-300165,CART-CRG-15,54937.47,502.98,-54434.49,SKU-WP36/CART-CRG-15:-54434.49
ORD-300165,PULP-KRAFT-001,31772.27,848.29,-30923.98,SKU-WP36/PULP-KRAFT-001:-30923.98
ORD-300165,PULP-RCYC-004,31292.99,1108.00,-30184.99,SKU-WP36/PULP-RCYC-004:-30184.99
ORD-300166,ADH-HT-077,60254.35,1260.97,-58993.38,SKU-WP36/ADH-HT-077:-58993.38
ORD-300166,CART-CRG-15,79327.19,31.36,-79295.83,SKU-WP36/CART-CRG-15:-79295.83
ORD-300166,INK-FLX-003,,399.85,,
ORD-300166,POLY-BACK-11,53654.75,972.96,-52681.79,SKU-WP36/POLY-BACK-11:-52681.79
ORD-300166,PULP-KRAFT-001,31001.62,730.95,-30270.67,SKU-WP36/PULP-KRAFT-001:-30270.67
ORD-300166,SAP-GRAN-022,24369.02,665.35,-23703.67,SKU-WP36/SAP-GRAN-022:-23703.67
ORD-300167,CART-CRG-15,29199.72,-323.86,-29523.58,SKU-WP36/CART-CRG-15:-29523.58
ORD-300167,PULP-RCYC-004,19221.14,1563.89,-17657.25,SKU-WP36/PULP-RCYC-004:-17657.25
ORD-300167,SAP-GRAN-022,28258.57,1430.76,-26827.81,SKU-WP36/SAP-GRAN-022:-26827.81
ORD-300168,ADH-HT-077,32075.43,1045.03,-31030.40,SKU-WP36/ADH-HT-077:-31030.40
ORD-300168,POLY-BACK-11,131011.10,1071.75,-129939.35,SKU-WP36/POLY-BACK-11:-129939.35
ORD-300168,PULP-KRAFT-001,30531.38,806.59,-29724.79,SKU-WP36/PULP-KRAFT-001:-29724.79
ORD-300169,PULP-RCYC-004,117070.22,386.64,-116683.58,SKU-WP36/PULP-RCYC-004:-116683.58
ORD-300169,PULP-SOFT-009,47180.52,708.30,-46472.22,SKU-WP36/PULP-SOFT-009:-46472.22
ORD-300169,SAP-GRAN-022,43769.88,1645.21,-42124.67,SKU-WP36/SAP-GRAN-022:-42124.67
ORD-300170,ADH-HT-077,88618.48,274.46,-88344.02,SKU-WP36/ADH-HT-077:-88344.02
ORD-300170,CART-CRG-15,44488.77,890.09,-43598.68,SKU-WP36/CART-CRG-15:-43598.68
ORD-300170,POLY-BACK-11,46248.22,1556.63,-44691.59,SKU-WP36/POLY-BACK-11:-44691.59
ORD-300170,PULP-KRAFT-001,55512.22,1492.06,-54020.16,SKU-WP36/PULP-KRAFT-001:-54020.16
ORD-300170,PULP-RCYC-004,85817.73,1374.61,-84443.12,SKU-WP36/PULP-RCYC-004:-84443.12
ORD-300171,CART-CRG-15,150382.28,905.15,-149477.13,SKU-WP36/CART-CRG-15:-149477.13
ORD-300171,PULP-SOFT-009,46146.43,134.82,-46011.61,SKU-WP36/PULP-SOFT-009:-46011.61
ORD-300171,SAP-GRAN-022,28032.88,949.53,-27083.35,SKU-WP36/SAP-GRAN-022:-27083.35
ORD-300172,INK-FLX-003,57885.94,924.96,-56960.98,SKU-WP36/INK-FLX-003:-56960.98
ORD-300172,POLY-BACK-11,70254.12,1237.50,-69016.62,SKU-WP36/POLY-BACK-11:-69016.62
ORD-300172,PULP-KRAFT-001,56537.67,340.26,-56197.41,SKU-WP36/PULP-KRAFT-001:-56197.41
ORD-300172,PULP-RCYC-004,50012.01,1042.09,-48969.92,SKU-WP36/PULP-RCYC-004:-48969.92
ORD-300172,PULP-SOFT-009,24790.28,605.87,-24184.41,SKU-WP36/PULP-SOFT-009:-24184.41
ORD-300173,ADH-HT-077,15693.83,653.07,-15040.76,SKU-WP36/ADH-HT-077:-15040.76
ORD-300173,INK-FLX-003,35316.01,504.80,-34811.21,SKU-WP36/INK-FLX-003:-34811.21
ORD-300173,POLY-BACK-11,16983.74,895.20,-16088.54,SKU-WP36/POLY-BACK-11:-16088.54
ORD-300173,SAP-GRAN-022,36449.56,-144.51,-36594.07,SKU-WP36/SAP-GRAN-022:-36594.07
ORD-300174,INK-FLX-003,125474.11,437.99,-125036.12,SKU-WP36/INK-FLX-003:-125036.12
ORD-300174,POLY-BACK-11,80276.45,1170.95,-79105.50,SKU-WP36/POLY-BACK-11:-79105.50
ORD-300174,PULP-KRAFT-001,30918.80,1155.37,-29763.43,SKU-WP36/PULP-KRAFT-001:-29763.43
ORD-300174,PULP-SOFT-009,32886.36,715.58,-32170.78,SKU-WP36/PULP-SOFT-009:-32170.78
ORD-300174,SAP-GRAN-022,66025.69,,,
ORD-300175,CART-CRG-15,58800.81,713.94,-58086.87,SKU-WP12/CART-CRG-15:-58086.87
ORD-300175,INK-FLX-003,144732.98,593.58,-144139.40,SKU-WP12/INK-FLX-003:-144139.40
ORD-300175,PULP-KRAFT-001,154976.12,1168.45,-153807.66,SKU-WP12/PULP-KRAFT-001:-153807.66
ORD-300175,PULP-SOFT-009,152026.35,803.50,-151222.85,SKU-WP12/PULP-SOFT-009:-151222.85
ORD-300176,ADH-HT-077,41404.55,863.74,-40540.81,SKU-WP12/ADH-HT-077:-40540.81
ORD-300176,CART-CRG-15,86580.41,-190.85,-86771.26,SKU-WP12/CART-CRG-15:-86771.26
ORD-300176,PULP-KRAFT-001,21650.09,1325.44,-20324.65,SKU-WP12/PULP-KRAFT-001:-20324.65
ORD-300177,CART-CRG-15,98863.46,368.90,-98494.56,SKU-WP12/CART-CRG-15:-98494.56
ORD-300177,INK-FLX-003,91212.04,818.77,-90393.27,SKU-WP12/INK-FLX-003:-90393.27
ORD-300177,PULP-KRAFT-001,49147.03,1026.47,-48120.56,SKU-WP12/PULP-KRAFT-001:-48120.56
ORD-300177,PULP-RCYC-004,170288.58,618.64,-169669.94,SKU-WP12/PULP-RCYC-004:-169669.94
ORD-300177,PULP-SOFT-009,118365.69,,,
ORD-300178,ADH-HT-077,78366.33,546.81,-77819.52,SKU-WP12/ADH-HT-077:-77819.52
ORD-300178,CART-CRG-15,84639.86,589.81,-84050.05,SKU-WP12/CART-CRG-15:-84050.05
ORD-300178,POLY-BACK-11,96510.99,831.85,-95679.14,SKU-WP12/POLY-BACK-11:-95679.14
ORD-300178,PULP-SOFT-009,102066.34,1334.27,-100732.07,SKU-WP12/PULP-SOFT-009:-100732.07
ORD-300179,POLY-BACK-11,35499.58,1118.30,-34381.28,SKU-WP12/POLY-BACK-11:-34381.28
ORD-300179,PULP-KRAFT-001,31764.58,948.69,-30815.89,SKU-WP12/PULP-KRAFT-001:-30815.89
ORD-300179,PULP-RCYC-004,13078.19,,,
ORD-300179,SAP-GRAN-022,15853.74,1371.95,-14481.79,SKU-WP12/SAP-GRAN-022:-14481.79
ORD-300180,CART-CRG-15,34123.60,,,
ORD-300180,INK-FLX-003,39555.52,1333.76,-38221.76,SKU-WP12/INK-FLX-003:-38221.76
ORD-300180,PULP-SOFT-009,36407.79,-134.98,-36542.77,SKU-WP12/PULP-SOFT-009:-36542.77
ORD-300180,SAP-GRAN-022,13245.53,,,
ORD-300181,CART-CRG-15,9775.89,557.23,-9218.66,SKU-WP12/CART-CRG-15:-9218.66
ORD-300181,INK-FLX-003,29620.15,,,
ORD-300181,PULP-KRAFT-001,16104.07,18.72,-16085.35,SKU-WP12/PULP-KRAFT-001:-16085.35
ORD-300181,PULP-RCYC-004,11947.32,,,
ORD-300181,PULP-SOFT-009,39032.65,648.25,-38384.40,SKU-WP12/PULP-SOFT-009:-38384.40
ORD-300182,ADH-HT-077,77564.60,1262.24,-76302.36,SKU-WP12/ADH-HT-077:-76302.36
ORD-300182,POLY-BACK-11,61705.22,1190.42,-60514.80,SKU-WP12/POLY-BACK-11:-60514.80
ORD-300182,PULP-RCYC-004,95813.34,-112.31,-95925.65,SKU-WP12/PULP-RCYC-004:-95925.65
ORD-300182,SAP-GRAN-022,89123.13,381.32,-88741.81,SKU-WP12/SAP-GRAN-022:-88741.81
ORD-300183,PULP-RCYC-004,11662.70,682.69,-10980.01,SKU-WP12/PULP-RCYC-004:-10980.01
ORD-300183,PULP-SOFT-009,44386.38,855.23,-43531.15,SKU-WP12/PULP-SOFT-009:-43531.15
ORD-300183,SAP-GRAN-022,82801.15,1321.65,-81479.50,SKU-WP12/SAP-GRAN-022:-81479.50
ORD-300184,ADH-HT-077,117840.75,1473.23,-116367.52,SKU-WP12/ADH-HT-077:-116367.52
ORD-300184,INK-FLX-003,22429.07,1700.92,-20728.15,SKU-WP12/INK-FLX-003:-20728.15
ORD-300184,POLY-BACK-11,83098.74,1359.75,-81738.99,SKU-WP12/POLY-BACK-11:-81738.99
ORD-300184,PULP-KRAFT-001,119929.06,657.16,-119271.90,SKU-WP12/PULP-KRAFT-001:-119271.90
ORD-300184,SAP-GRAN-022,131102.91,,,
ORD-300185,ADH-HT-077,29302.72,236.20,-29066.52,SKU-WP36/ADH-HT-077:-29066.52
ORD-300185,CART-CRG-15,13235.02,1480.91,-11754.11,SKU-WP36/CART-CRG-15:-11754.11
ORD-300185,PULP-KRAFT-001,31468.89,423.82,-31045.07,SKU-WP36/PULP-KRAFT-001:-31045.07
ORD-300185,PULP-RCYC-004,27434.11,1286.14,-26147.97,SKU-WP36/PULP-RCYC-004:-26147.97
ORD-300185,SAP-GRAN-022,32432.95,,,
ORD-300186,INK-FLX-003,149834.14,703.57,-149130.57,SKU-WP36/INK-FLX-003:-149130.57
ORD-300186,POLY-BACK-11,34371.21,1114.23,-33256.98,SKU-WP36/POLY-BACK-11:-33256.98
ORD-300186,PULP-KRAFT-001,45686.33,902.26,-44784.07,SKU-WP36/PULP-KRAFT-001:-44784.07
ORD-300186,PULP-RCYC-004,76377.09,1240.57,-75136.52,SKU-WP36/PULP-RCYC-004:-75136.52
ORD-300186,PULP-SOFT-009,84072.59,,,
ORD-300187,ADH-HT-077,17011.28,405.17,-16606.11,SKU-WP36/ADH-HT-077:-16606.11
ORD-300187,CART-CRG-15,29982.38,236.78,-29745.60,SKU-WP36/CART-CRG-15:-29745.60
ORD-300187,INK-FLX-003,39322.23,543.85,-38778.38,SKU-WP36/INK-FLX-003:-38778.38
ORD-300187,PULP-KRAFT-001,71218.38,1538.88,-69679.50,SKU-WP36/PULP-KRAFT-001:-69679.50
ORD-300188,ADH-HT-077,10754.20,907.75,-9846.45,SKU-WP36/ADH-HT-077:-9846.45
ORD-300188,CART-CRG-15,46195.00,225.01,-45969.99,SKU-WP36/CART-CRG-15:-45969.99
ORD-300188,INK-FLX-003,28419.16,,,
ORD-300188,PULP-RCYC-004,88971.57,,,
ORD-300188,SAP-GRAN-022,68239.25,644.07,-67595.18,SKU-WP36/SAP-GRAN-022:-67595.18
ORD-300189,CART-CRG-15,57233.27,,,
ORD-300189,POLY-BACK-11,36517.58,208.73,-36308.85,SKU-WP36/POLY-BACK-11:-36308.85
ORD-300189,PULP-KRAFT-001,129313.96,601.53,-128712.43,SKU-WP36/PULP-KRAFT-001:-128712.43
ORD-300189,PULP-RCYC-004,89402.68,1041.14,-88361.54,SKU-WP36/PULP-RCYC-004:-88361.54
ORD-300189,SAP-GRAN-022,174739.99,,,
ORD-300190,CART-CRG-15,75005.54,764.19,-74241.35,SKU-WP36/CART-CRG-15:-74241.35
ORD-300190,INK-FLX-003,33848.92,524.48,-33324.44,SKU-WP36/INK-FLX-003:-33324.44
ORD-300190,PULP-RCYC-004,76122.00,684.13,-75437.87,SKU-WP36/PULP-RCYC-004:-75437.87
ORD-300190,PULP-SOFT-009,23521.70,222.09,-23299.61,SKU-WP36/PULP-SOFT-009:-23299.61
ORD-300190,SAP-GRAN-022,114563.61,805.17,-113758.44,SKU-WP36/SAP-GRAN-022:-113758.44
ORD-300191,ADH-HT-077,102415.28,1574.57,-100840.71,SKU-WP36/ADH-HT-077:-100840.71
ORD-300191,INK-FLX-003,103099.49,1337.61,-101761.88,SKU-WP36/INK-FLX-003:-101761.88
ORD-300191,POLY-BACK-11,,117.12,,
ORD-300191,SAP-GRAN-022,107780.92,780.62,-107000.30,SKU-WP36/SAP-GRAN-022:-107000.30
ORD-300192,INK-FLX-003,19920.20,162.77,-19757.43,SKU-WP36/INK-FLX-003:-19757.43
ORD-300192,POLY-BACK-11,38317.38,891.78,-37425.60,SKU-WP36/POLY-BACK-11:-37425.60
ORD-300192,PULP-RCYC-004,115532.33,,,
ORD-300192,PULP-SOFT-009,70542.65,417.47,-70125.18,SKU-WP36/PULP-SOFT-009:-70125.18
ORD-300192,SAP-GRAN-022,104871.15,842.16,-104028.99,SKU-WP36/SAP-GRAN-022:-104028.99
ORD-300193,CART-CRG-15,31656.94,290.72,-31366.22,SKU-WP36/CART-CRG-15:-31366.22
ORD-300193,PULP-KRAFT-001,17298.04,,,
ORD-300193,PULP-RCYC-004,55445.58,573.12,-54872.46,SKU-WP36/PULP-RCYC-004:-54872.46
ORD-300193,PULP-SOFT-009,64737.53,237.04,-64500.49,SKU-WP36/PULP-SOFT-009:-64500.49
ORD-300194,ADH-HT-077,7310.12,853.40,-6456.72,SKU-WP36/ADH-HT-077:-6456.72
ORD-300194,CART-CRG-15,17605.31,767.99,-16837.32,SKU-WP36/CART-CRG-15:-16837.32
ORD-300194,POLY-BACK-11,11582.09,1361.44,-10220.65,SKU-WP36/POLY-BACK-11:-10220.65
ORD-300195,INK-FLX-003,129470.99,616.35,-128854.64,SKU-WP36/INK-FLX-003:-128854.64
ORD-300195,PULP-KRAFT-001,157690.36,1094.11,-156596.25,SKU-WP36/PULP-KRAFT-001:-156596.25
ORD-300195,PULP-RCYC-004,140510.35,823.40,-139686.95,SKU-WP36/PULP-RCYC-004:-139686.95
ORD-300195,PULP-SOFT-009,140234.37,910.25,-139324.12,SKU-WP36/PULP-SOFT-009:-139324.12
ORD-300195,SAP-GRAN-022,115775.29,300.07,-115475.22,SKU-WP36/SAP-GRAN-022:-115475.22
ORD-300196,INK-FLX-003,63504.08,,,
ORD-300196,POLY-BACK-11,65116.79,928.66,-64188.13,SKU-WP36/POLY-BACK-11:-64188.13
ORD-300196,PULP-KRAFT-001,21361.90,,,
ORD-300196,PULP-SOFT-009,18043.94,1365.62,-16678.32,SKU-WP36/PULP-SOFT-009:-16678.32
ORD-300196,SAP-GRAN-022,61508.01,1382.07,-60125.94,SKU-WP36/SAP-GRAN-022:-60125.94
ORD-300197,POLY-BACK-11,130066.43,1073.79,-128992.64,SKU-WP36/POLY-BACK-11:-128992.64
ORD-300197,PULP-SOFT-009,186099.77,746.77,-185353.00,SKU-WP36/PULP-SOFT-009:-185353.00
ORD-300197,SAP-GRAN-022,139853.08,623.01,-139230.07,SKU-WP36/SAP-GRAN-022:-139230.07
ORD-300198,ADH-HT-077,40582.37,885.38,-39696.99,SKU-WP36/ADH-HT-077:-39696.99
ORD-300198,POLY-BACK-11,90183.04,200.44,-89982.60,SKU-WP36/POLY-BACK-11:-89982.60
ORD-300198,PULP-RCYC-004,32242.43,,,
ORD-300198,PULP-SOFT-009,26296.74,1184.20,-25112.54,SKU-WP36/PULP-SOFT-009:-25112.54
ORD-300199,INK-FLX-003,60051.49,959.42,-59092.07,SKU-WP36/INK-FLX-003:-59092.07
ORD-300199,POLY-BACK-11,67515.41,905.06,-66610.35,SKU-WP36/POLY-BACK-11:-66610.35
ORD-300199,PULP-KRAFT-001,58313.06,610.88,-57702.18,SKU-WP36/PULP-KRAFT-001:-57702.18
ORD-300199,PULP-SOFT-009,91494.43,462.98,-91031.45,SKU-WP36/PULP-SOFT-009:-91031.45
ORD-300200,INK-FLX-003,103949.26,454.83,-103494.43,SKU-WP36/INK-FLX-003:-103494.43
ORD-300200,POLY-BACK-11,74525.96,,,
ORD-300200,PULP-RCYC-004,96085.08,996.59,-95088.49,SKU-WP36/PULP-RCYC-004:-95088.49
ORD-300200,PULP-SOFT-009,77367.84,184.17,-77183.67,SKU-WP36/PULP-SOFT-009:-77183.67
ORD-300200,SAP-GRAN-022,97653.01,,,
ORD-300201,INK-FLX-003,95864.60,1262.32,-94602.28,SKU-WP36/INK-FLX-003:-94602.28
ORD-300201,POLY-BACK-11,25979.42,-352.71,-26332.13,SKU-WP36/POLY-BACK-11:-26332.13
ORD-300201,PULP-RCYC-004,94458.08,,,
ORD-300201,PULP-SOFT-009,68451.08,872.70,-67578.38,SKU-WP36/PULP-SOFT-009:-67578.38
ORD-300202,ADH-HT-077,65000.00,680.61,-64319.39,SKU-WP36/ADH-HT-077:-64319.39
ORD-300202,CART-CRG-15,38392.42,773.46,-37618.96,SKU-WP36/CART-CRG-15:-37618.96
ORD-300202,PULP-RCYC-004,52143.83,583.87,-51559.96,SKU-WP36/PULP-RCYC-004:-51559.96
ORD-300203,ADH-HT-077,122925.77,1402.54,-121523.23,SKU-WP36/ADH-HT-077:-121523.23
ORD-300203,CART-CRG-15,82433.51,519.82,-81913.69,SKU-WP36/CART-CRG-15:-81913.69
ORD-300203,SAP-GRAN-022,95737.73,600.33,-95137.40,SKU-WP36/SAP-GRAN-022:-95137.40
ORD-300204,CART-CRG-15,16361.40,827.33,-15534.07,SKU-TT12/CART-CRG-15:-15534.07
ORD-300204,POLY-BACK-11,38355.13,,,
ORD-300204,PULP-KRAFT-001,29576.05,732.15,-28843.90,SKU-TT12/PULP-KRAFT-001:-28843.90
ORD-300204,PULP-SOFT-009,4602.95,368.87,-4234.08,SKU-TT12/PULP-SOFT-009:-4234.08
ORD-300205,INK-FLX-003,57822.80,,,
ORD-300205,PULP-KRAFT-001,63348.39,1178.40,-62169.99,SKU-TT12/PULP-KRAFT-001:-62169.99
ORD-300205,SAP-GRAN-022,38179.26,935.30,-37243.96,SKU-TT12/SAP-GRAN-022:-37243.96
ORD-300206,ADH-HT-077,58471.52,708.33,-57763.19,SKU-TT12/ADH-HT-077:-57763.19
ORD-300206,INK-FLX-003,49177.39,1165.10,-48012.29,SKU-TT12/INK-FLX-003:-48012.29
ORD-300206,PULP-RCYC-004,69657.10,490.80,-69166.30,SKU-TT12/PULP-RCYC-004:-69166.30
ORD-300206,PULP-SOFT-009,118117.04,765.74,-117351.30,SKU-TT12/PULP-SOFT-009:-117351.30
ORD-300207,ADH-HT-077,106175.94,1281.35,-104894.59,SKU-TT12/ADH-HT-077:-104894.59
ORD-300207,POLY-BACK-11,17788.38,968.45,-16819.93,SKU-TT12/POLY-BACK-11:-16819.93
ORD-300207,PULP-SOFT-009,61982.16,308.48,-61673.68,SKU-TT12/PULP-SOFT-009:-61673.68
ORD-300208,POLY-BACK-11,54795.18,578.41,-54216.77,SKU-TT12/POLY-BACK-11:-54216.77
ORD-300208,PULP-KRAFT-001,50437.79,502.71,-49935.08,SKU-TT12/PULP-KRAFT-001:-49935.08
ORD-300208,PULP-SOFT-009,73497.27,666.40,-72830.87,SKU-TT12/PULP-SOFT-009:-72830.87
ORD-300209,ADH-HT-077,63835.85,1090.35,-62745.50,SKU-TT12/ADH-HT-077:-62745.50
ORD-300209,CART-CRG-15,23839.40,754.04,-23085.36,SKU-TT12/CART-CRG-15:-23085.36
ORD-300209,POLY-BACK-11,33778.23,1157.60,-32620.63,SKU-TT12/POLY-BACK-11:-32620.63
ORD-300209,PULP-RCYC-004,49952.50,752.99,-49199.51,SKU-TT12/PULP-RCYC-004:-49199.51
ORD-300209,PULP-SOFT-009,81129.75,-282.43,-81412.18,SKU-TT12/PULP-SOFT-009:-81412.18
ORD-300210,ADH-HT-077,59094.60,181.73,-58912.87,SKU-TT12/ADH-HT-077:-58912.87
ORD-300210,INK-FLX-003,100042.66,1207.51,-98835.15,SKU-TT12/INK-FLX-003:-98835.15
ORD-300210,PULP-KRAFT-001,79016.35,898.96,-78117.39,SKU-TT12/PULP-KRAFT-001:-78117.39
ORD-300210,PULP-RCYC-004,107616.87,691.43,-106925.44,SKU-TT12/PULP-RCYC-004:-106925.44
ORD-300210,SAP-GRAN-022,132233.05,311.42,-131921.63,SKU-TT12/SAP-GRAN-022:-131921.63
ORD-300211,INK-FLX-003,53500.64,71.35,-53429.29,SKU-TT12/INK-FLX-003:-53429.29
ORD-300211,PULP-KRAFT-001,29891.21,250.14,-29641.07,SKU-TT12/PULP-KRAFT-001:-29641.07
ORD-300211,PULP-RCYC-004,7165.97,,,
ORD-300212,ADH-HT-077,37021.44,805.35,-36216.09,SKU-TT12/ADH-HT-077:-36216.09
ORD-300212,INK-FLX-003,92583.36,467.39,-92115.97,SKU-TT12/INK-FLX-003:-92115.97
ORD-300212,POLY-BACK-11,50145.60,-239.52,-50385.12,SKU-TT12/POLY-BACK-11:-50385.12
ORD-300212,PULP-KRAFT-001,82167.36,711.12,-81456.24,SKU-TT12/PULP-KRAFT-001:-81456.24
ORD-300212,PULP-SOFT-009,31605.12,463.76,-31141.36,SKU-TT12/PULP-SOFT-009:-31141.36
ORD-300213,CART-CRG-15,96557.21,-279.77,-96836.98,SKU-TT12/CART-CRG-15:-96836.98
ORD-300213,INK-FLX-003,65466.18,830.48,-64635.70,SKU-TT12/INK-FLX-003:-64635.70
ORD-300213,POLY-BACK-11,23788.21,699.43,-23088.78,SKU-TT12/POLY-BACK-11:-23088.78
ORD-300213,PULP-KRAFT-001,103082.23,1550.74,-101531.49,SKU-TT12/PULP-KRAFT-001:-101531.49
ORD-300214,ADH-HT-077,13199.81,1200.06,-11999.75,SKU-TT12/ADH-HT-077:-11999.75
ORD-300214,POLY-BACK-11,94895.29,,,
ORD-300214,PULP-KRAFT-001,104789.36,1331.95,-103457.41,SKU-TT12/PULP-KRAFT-001:-103457.41
ORD-300214,PULP-SOFT-009,53400.27,,,
ORD-300214,SAP-GRAN-022,108950.42,1210.95,-107739.47,SKU-TT12/SAP-GRAN-022:-107739.47
ORD-300215,CART-CRG-15,55899.76,809.01,-55090.75,SKU-TT12/CART-CRG-15:-55090.75
ORD-300215,PULP-KRAFT-001,54008.83,1482.03,-52526.80,SKU-TT12/PULP-KRAFT-001:-52526.80
ORD-300215,PULP-RCYC-004,31157.04,222.44,-30934.60,SKU-TT12/PULP-RCYC-004:-30934.60
ORD-300215,PULP-SOFT-009,33554.69,,,
ORD-300215,SAP-GRAN-022,48830.41,1383.77,-47446.64,SKU-TT12/SAP-GRAN-022:-47446.64
ORD-300216,ADH-HT-077,40333.73,357.51,-39976.22,SKU-TT12/ADH-HT-077:-39976.22
ORD-300216,CART-CRG-15,26392.77,,,
ORD-300216,POLY-BACK-11,156075.38,1184.19,-154891.19,SKU-TT12/POLY-BACK-11:-154891.19
ORD-300217,INK-FLX-003,13481.06,1422.58,-12058.48,SKU-DP32/INK-FLX-003:-12058.48
ORD-300217,PULP-RCYC-004,11296.31,,,
ORD-300217,PULP-SOFT-009,40028.24,1034.15,-38994.09,SKU-DP32/PULP-SOFT-009:-38994.09
ORD-300218,ADH-HT-077,167606.65,1297.00,-166309.65,SKU-DP32/ADH-HT-077:-166309.65
ORD-300218,CART-CRG-15,99905.52,904.73,-99000.79,SKU-DP32/CART-CRG-15:-99000.79
ORD-300218,PULP-RCYC-004,140775.96,211.78,-140564.18,SKU-DP32/PULP-RCYC-004:-140564.18
ORD-300219,CART-CRG-15,112128.44,344.12,-111784.32,SKU-DP32/CART-CRG-15:-111784.32
ORD-300219,INK-FLX-003,39211.28,430.77,-38780.51,SKU-DP32/INK-FLX-003:-38780.51
ORD-300219,POLY-BACK-11,144516.54,1014.78,-143501.76,SKU-DP32/POLY-BACK-11:-143501.76
ORD-300219,PULP-KRAFT-001,46151.58,390.56,-45761.02,SKU-DP32/PULP-KRAFT-001:-45761.02
ORD-300219,SAP-GRAN-022,133505.76,993.14,-132512.62,SKU-DP32/SAP-GRAN-022:-132512.62
ORD-300220,POLY-BACK-11,92630.63,572.89,-92057.74,SKU-DP32/POLY-BACK-11:-92057.74
ORD-300220,PULP-KRAFT-001,134695.32,863.69,-133831.63,SKU-DP32/PULP-KRAFT-001:-133831.63
ORD-300220,PULP-RCYC-004,67421.26,505.88,-66915.38,SKU-DP32/PULP-RCYC-004:-66915.38
ORD-300220,SAP-GRAN-022,51228.38,937.14,-50291.24,SKU-DP32/SAP-GRAN-022:-50291.24
ORD-300221,INK-FLX-003,123212.95,612.04,-122600.91,SKU-DP32/INK-FLX-003:-122600.91
ORD-300221,POLY-BACK-11,171328.55,184.28,-171144.27,SKU-DP32/POLY-BACK-11:-171144.27
ORD-300221,PULP-SOFT-009,117846.21,343.17,-117503.04,SKU-DP32/PULP-SOFT-009:-117503.04
ORD-300222,ADH-HT-077,95637.50,534.30,-95103.20,SKU-DP32/ADH-HT-077:-95103.20
ORD-300222,INK-FLX-003,55858.05,744.99,-55113.06,SKU-DP32/INK-FLX-003:-55113.06
ORD-300222,PULP-RCYC-004,91050.24,1429.30,-89620.94,SKU-DP32/PULP-RCYC-004:-89620.94
ORD-300222,PULP-SOFT-009,44366.72,1017.47,-43349.25,SKU-DP32/PULP-SOFT-009:-43349.25
ORD-300223,ADH-HT-077,61613.67,1378.00,-60235.67,SKU-DP32/ADH-HT-077:-60235.67
ORD-300223,INK-FLX-003,31086.73,129.98,-30956.75,SKU-DP32/INK-FLX-003:-30956.75
ORD-300223,PULP-KRAFT-001,42021.19,1019.53,-41001.66,SKU-DP32/PULP-KRAFT-001:-41001.66
ORD-300223,PULP-RCYC-004,89938.79,716.04,-89222.75,SKU-DP32/PULP-RCYC-004:-89222.75
ORD-300224,PULP-KRAFT-001,23009.28,971.87,-22037.41,SKU-DP32/PULP-KRAFT-001:-22037.41
ORD-300224,PULP-RCYC-004,61874.18,836.82,-61037.36,SKU-DP32/PULP-RCYC-004:-61037.36
ORD-300224,SAP-GRAN-022,64798.72,849.78,-63948.94,SKU-DP32/SAP-GRAN-022:-63948.94
ORD-300225,ADH-HT-077,37299.56,1021.35,-36278.21,SKU-DP32/ADH-HT-077:-36278.21
ORD-300225,POLY-BACK-11,45189.16,473.69,-44715.47,SKU-DP32/POLY-BACK-11:-44715.47
ORD-300225,PULP-SOFT-009,30872.34,1286.48,-29585.86,SKU-DP32/PULP-SOFT-009:-29585.86
ORD-300225,SAP-GRAN-022,53800.92,1108.90,-52692.02,SKU-DP32/SAP-GRAN-022:-52692.02
ORD-300226,ADH-HT-077,53021.64,95.27,-52926.37,SKU-DP32/ADH-HT-077:-52926.37
ORD-300226,CART-CRG-15,35522.27,61.53,-35460.74,SKU-DP32/CART-CRG-15:-35460.74
ORD-300226,INK-FLX-003,,298.44,,
ORD-300226,PULP-KRAFT-001,53767.95,1301.06,-52466.89,SKU-DP32/PULP-KRAFT-001:-52466.89
ORD-300226,PULP-RCYC-004,24494.66,211.68,-24282.98,SKU-DP32/PULP-RCYC-004:-24282.98
ORD-300226,SAP-GRAN-022,55516.78,997.70,-54519.08,SKU-DP32/SAP-GRAN-022:-54519.08
ORD-300227,POLY-BACK-11,47937.53,489.34,-47448.19,SKU-DP32/POLY-BACK-11:-47448.19
ORD-300227,PULP-RCYC-004,163470.18,-301.56,-163771.74,SKU-DP32/PULP-RCYC-004:-163771.74
ORD-300227,PULP-SOFT-009,156799.38,824.15,-155975.23,SKU-DP32/PULP-SOFT-009:-155975.23
ORD-300227,SAP-GRAN-022,78736.78,1053.95,-77682.83,SKU-DP32/SAP-GRAN-022:-77682.83
ORD-300228,ADH-HT-077,43831.26,759.47,-43071.79,SKU-WP12/ADH-HT-077:-43071.79
ORD-300228,CART-CRG-15,31670.04,890.80,-30779.24,SKU-WP12/CART-CRG-15:-30779.24
ORD-300228,INK-FLX-003,11652.54,1123.99,-10528.55,SKU-WP12/INK-FLX-003:-10528.55
ORD-300228,PULP-RCYC-004,25320.96,1115.86,-24205.10,SKU-WP12/PULP-RCYC-004:-24205.10
ORD-300229,ADH-HT-077,44468.55,1037.02,-43431.53,SKU-WP12/ADH-HT-077:-43431.53
ORD-300229,CART-CRG-15,61338.37,,,
ORD-300229,PULP-KRAFT-001,64401.75,1111.56,-63290.19,SKU-WP12/PULP-KRAFT-001:-63290.19
ORD-300229,PULP-RCYC-004,68933.31,,,
ORD-300229,PULP-SOFT-009,47489.59,-7.79,-47497.38,SKU-WP12/PULP-SOFT-009:-47497.38
ORD-300230,INK-FLX-003,97027.90,596.61,-96431.29,SKU-WP12/INK-FLX-003:-96431.29
ORD-300230,POLY-BACK-11,144476.49,1177.49,-143299.00,SKU-WP12/POLY-BACK-11:-143299.00
ORD-300230,PULP-RCYC-004,,114.66,,
ORD-300230,PULP-SOFT-009,29353.25,1669.51,-27683.74,SKU-WP12/PULP-SOFT-009:-27683.74
ORD-300231,ADH-HT-077,95905.74,856.86,-95048.88,SKU-WP12/ADH-HT-077:-95048.88
ORD-300231,CART-CRG-15,25020.31,835.98,-24184.33,SKU-WP12/CART-CRG-15:-24184.33
ORD-300231,PULP-RCYC-004,94568.28,320.77,-94247.51,SKU-WP12/PULP-RCYC-004:-94247.51
ORD-300231,PULP-SOFT-009,81291.53,732.43,-80559.10,SKU-WP12/PULP-SOFT-009:-80559.10
ORD-300231,SAP-GRAN-022,126341.13,574.40,-125766.73,SKU-WP12/SAP-GRAN-022:-125766.73
ORD-300232,ADH-HT-077,60615.41,,,
ORD-300232,POLY-BACK-11,83297.12,1150.95,-82146.17,SKU-WP12/POLY-BACK-11:-82146.17
ORD-300232,PULP-SOFT-009,19148.07,962.60,-18185.47,SKU-WP12/PULP-SOFT-009:-18185.47
ORD-300233,CART-CRG-15,28980.29,1091.25,-27889.04,SKU-WP12/CART-CRG-15:-27889.04
ORD-300233,INK-FLX-003,24637.14,912.74,-23724.40,SKU-WP12/INK-FLX-003:-23724.40
ORD-300233,PULP-RCYC-004,25912.82,1088.08,-24824.74,SKU-WP12/PULP-RCYC-004:-24824.74
ORD-300233,PULP-SOFT-009,24013.91,739.87,-23274.04,SKU-WP12/PULP-SOFT-009:-23274.04
ORD-300234,ADH-HT-077,172338.21,1228.21,-171110.00,SKU-WP12/ADH-HT-077:-171110.00
ORD-300234,CART-CRG-15,49179.36,1153.64,-48025.72,SKU-WP12/CART-CRG-15:-48025.72
ORD-300234,POLY-BACK-11,48056.86,1169.07,-46887.79,SKU-WP12/POLY-BACK-11:-46887.79
ORD-300234,PULP-KRAFT-001,120492.93,754.27,-119738.66,SKU-WP12/PULP-KRAFT-001:-119738.66
ORD-300235,INK-FLX-003,102367.47,970.21,-101397.26,SKU-WP12/INK-FLX-003:-101397.26
ORD-300235,PULP-RCYC-004,113604.26,772.41,-112831.85,SKU-WP12/PULP-RCYC-004:-112831.85
ORD-300235,PULP-SOFT-009,112367.85,466.22,-111901.63,SKU-WP12/PULP-SOFT-009:-111901.63
ORD-300235,SAP-GRAN-022,151423.86,514.49,-150909.37,SKU-WP12/SAP-GRAN-022:-150909.37
ORD-300236,POLY-BACK-11,61126.88,652.77,-60474.11,SKU-WP12/POLY-BACK-11:-60474.11
ORD-300236,PULP-KRAFT-001,28212.41,1251.36,-26961.05,SKU-WP12/PULP-KRAFT-001:-26961.05
ORD-300236,SAP-GRAN-022,43244.02,563.93,-42680.09,SKU-WP12/SAP-GRAN-022:-42680.09
ORD-300237,ADH-HT-077,23425.46,,,
ORD-300237,INK-FLX-003,80620.83,998.98,-79621.85,SKU-WP12/INK-FLX-003:-79621.85
ORD-300237,PULP-KRAFT-001,55817.41,1197.38,-54620.03,SKU-WP12/PULP-KRAFT-001:-54620.03
ORD-300237,SAP-GRAN-022,39534.10,276.13,-39257.97,SKU-WP12/SAP-GRAN-022:-39257.97
ORD-300238,INK-FLX-003,41043.00,695.90,-40347.10,SKU-WP12/INK-FLX-003:-40347.10
ORD-300238,POLY-BACK-11,112972.86,705.45,-112267.41,SKU-WP12/POLY-BACK-11:-112267.41
ORD-300238,PULP-RCYC-004,100001.90,109.54,-99892.36,SKU-WP12/PULP-RCYC-004:-99892.36
ORD-300238,PULP-SOFT-009,181935.75,670.77,-181264.98,SKU-WP12/PULP-SOFT-009:-181264.98
ORD-300239,CART-CRG-15,,289.21,,
ORD-300239,INK-FLX-003,6017.34,863.69,-5153.65,SKU-WP12/INK-FLX-003:-5153.65
ORD-300239,PULP-RCYC-004,15356.00,877.91,-14478.09,SKU-WP12/PULP-RCYC-004:-14478.09
ORD-300239,SAP-GRAN-022,31911.36,156.75,-31754.61,SKU-WP12/SAP-GRAN-022:-31754.61
ORD-300240,CART-CRG-15,162305.64,585.60,-161720.04,SKU-WP36/CART-CRG-15:-161720.04
ORD-300240,POLY-BACK-11,177652.91,385.03,-177267.88,SKU-WP36/POLY-BACK-11:-177267.88
ORD-300240,PULP-RCYC-004,20757.46,1533.83,-19223.63,SKU-WP36/PULP-RCYC-004:-19223.63
ORD-300240,PULP-SOFT-009,33822.88,430.30,-33392.58,SKU-WP36/PULP-SOFT-009:-33392.58
ORD-300241,INK-FLX-003,156938.42,995.48,-155942.94,SKU-WP36/INK-FLX-003:-155942.94
ORD-300241,POLY-BACK-11,128806.90,584.35,-128222.55,SKU-WP36/POLY-BACK-11:-128222.55
ORD-300241,PULP-RCYC-004,180086.00,530.30,-179555.70,SKU-WP36/PULP-RCYC-004:-179555.70
ORD-300242,CART-CRG-15,52406.45,987.10,-51419.35,SKU-WP36/CART-CRG-15:-51419.35
ORD-300242,POLY-BACK-11,51434.36,359.30,-51075.06,SKU-WP36/POLY-BACK-11:-51075.06
ORD-300242,PULP-KRAFT-001,56035.59,1321.73,-54713.86,SKU-WP36/PULP-KRAFT-001:-54713.86
ORD-300242,PULP-RCYC-004,67830.28,251.98,-67578.30,SKU-WP36/PULP-RCYC-004:-67578.30
ORD-300242,SAP-GRAN-022,92953.41,646.29,-92307.12,SKU-WP36/SAP-GRAN-022:-92307.12
ORD-300243,ADH-HT-077,30821.85,677.78,-30144.07,SKU-WP36/ADH-HT-077:-30144.07
ORD-300243,INK-FLX-003,139382.00,1527.60,-137854.40,SKU-WP36/INK-FLX-003:-137854.40
ORD-300243,POLY-BACK-11,102207.77,,,
ORD-300243,PULP-KRAFT-001,101751.99,1612.58,-100139.41,SKU-WP36/PULP-KRAFT-001:-100139.41
ORD-300243,SAP-GRAN-022,37658.49,711.87,-36946.62,SKU-WP36/SAP-GRAN-022:-36946.62
ORD-300244,ADH-HT-077,122152.59,1393.87,-120758.72,SKU-WP36/ADH-HT-077:-120758.72
ORD-300244,PULP-KRAFT-001,102387.38,926.37,-101461.01,SKU-WP36/PULP-KRAFT-001:-101461.01
ORD-300244,PULP-RCYC-004,21474.64,1187.83,-20286.81,SKU-WP36/PULP-RCYC-004:-20286.81
ORD-300244,PULP-SOFT-009,130806.55,1509.49,-129297.06,SKU-WP36/PULP-SOFT-009:-129297.06
ORD-300245,INK-FLX-003,50780.88,303.08,-50477.80,SKU-WP36/INK-FLX-003:-50477.80
ORD-300245,PULP-KRAFT-001,50810.10,1033.88,-49776.22,SKU-WP36/PULP-KRAFT-001:-49776.22
ORD-300245,PULP-RCYC-004,40598.41,343.45,-40254.96,SKU-WP36/PULP-RCYC-004:-40254.96
ORD-300246,ADH-HT-077,60892.02,,,
ORD-300246,PULP-RCYC-004,45155.88,1049.95,-44105.93,SKU-WP36/PULP-RCYC-004:-44105.93
ORD-300246,PULP-SOFT-009,65225.16,1435.94,-63789.22,SKU-WP36/PULP-SOFT-009:-63789.22
ORD-300246,SAP-GRAN-022,186210.99,,,
ORD-300247,ADH-HT-077,74175.09,,,
ORD-300247,CART-CRG-15,36296.23,621.55,-35674.68,SKU-WP36/CART-CRG-15:-35674.68
ORD-300247,POLY-BACK-11,15722.12,1079.11,-14643.01,SKU-WP36/POLY-BACK-11:-14643.01
ORD-300248,POLY-BACK-11,58138.62,1485.83,-56652.79,SKU-WP36/POLY-BACK-11:-56652.79
ORD-300248,PULP-SOFT-009,45547.34,998.38,-44548.96,SKU-WP36/PULP-SOFT-009:-44548.96
ORD-300248,SAP-GRAN-022,60976.09,383.96,-60592.13,SKU-WP36/SAP-GRAN-022:-60592.13
ORD-300249,ADH-HT-077,93924.71,705.05,-93219.66,SKU-WP36/ADH-HT-077:-93219.66
ORD-300249,CART-CRG-15,145412.28,,,
ORD-300249,POLY-BACK-11,43224.13,,,
ORD-300249,PULP-RCYC-004,120046.85,628.31,-119418.54,SKU-WP36/PULP-RCYC-004:-119418.54
ORD-300249,PULP-SOFT-009,50307.08,654.70,-49652.38,SKU-WP36/PULP-SOFT-009:-49652.38
ORD-300250,ADH-HT-077,85087.55,970.99,-84116.56,SKU-WP36/ADH-HT-077:-84116.56
ORD-300250,INK-FLX-003,42802.14,1425.20,-41376.94,SKU-WP36/INK-FLX-003:-41376.94
ORD-300250,PULP-RCYC-004,95651.72,,,
ORD-300250,SAP-GRAN-022,93182.92,1230.02,-91952.90,SKU-WP36/SAP-GRAN-022:-91952.90
ORD-300251,CART-CRG-15,45784.38,951.82,-44832.56,SKU-WP12/CART-CRG-15:-44832.56
ORD-300251,POLY-BACK-11,28446.08,761.51,-27684.57,SKU-WP12/POLY-BACK-11:-27684.57
ORD-300251,PULP-KRAFT-001,43412.76,725.90,-42686.86,SKU-WP12/PULP-KRAFT-001:-42686.86
ORD-300251,PULP-SOFT-009,56932.35,637.60,-56294.75,SKU-WP12/PULP-SOFT-009:-56294.75
ORD-300252,CART-CRG-15,98245.36,621.38,-97623.98,SKU-WP12/CART-CRG-15:-97623.98
ORD-300252,INK-FLX-003,25865.48,131.50,-25733.98,SKU-WP12/INK-FLX-003:-25733.98
ORD-300252,POLY-BACK-11,91569.40,1110.53,-90458.87,SKU-WP12/POLY-BACK-11:-90458.87
ORD-300252,PULP-KRAFT-001,113025.64,308.03,-112717.61,SKU-WP12/PULP-KRAFT-001:-112717.61
ORD-300252,PULP-RCYC-004,18506.40,,,
ORD-300253,CART-CRG-15,56612.22,856.24,-55755.98,SKU-WP12/CART-CRG-15:-55755.98
ORD-300253,INK-FLX-003,26915.28,553.91,-26361.37,SKU-WP12/INK-FLX-003:-26361.37
ORD-300253,POLY-BACK-11,74265.66,838.79,-73426.87,SKU-WP12/POLY-BACK-11:-73426.87
ORD-300253,PULP-KRAFT-001,65034.90,835.14,-64199.76,SKU-WP12/PULP-KRAFT-001:-64199.76
ORD-300253,SAP-GRAN-022,56472.36,203.59,-56268.77,SKU-WP12/SAP-GRAN-022:-56268.77
ORD-300254,CART-CRG-15,61665.01,1312.68,-60352.33,SKU-WP12/CART-CRG-15:-60352.33
ORD-300254,POLY-BACK-11,59331.39,817.41,-58513.98,SKU-WP12/POLY-BACK-11:-58513.98
ORD-300254,PULP-KRAFT-001,58118.95,338.30,-57780.65,SKU-WP12/PULP-KRAFT-001:-57780.65
ORD-300254,PULP-RCYC-004,44260.62,905.50,-43355.12,SKU-WP12/PULP-RCYC-004:-43355.12
ORD-300254,PULP-SOFT-009,18916.69,1284.91,-17631.78,SKU-WP12/PULP-SOFT-009:-17631.78
ORD-300255,POLY-BACK-11,98510.59,1140.23,-97370.36,SKU-WP12/POLY-BACK-11:-97370.36
ORD-300255,PULP-KRAFT-001,123948.70,740.16,-123208.54,SKU-WP12/PULP-KRAFT-001:-123208.54
ORD-300255,SAP-GRAN-022,72314.30,1367.90,-70946.40,SKU-WP12/SAP-GRAN-022:-70946.40
ORD-300256,INK-FLX-003,68953.67,1124.12,-67829.55,SKU-WP12/INK-FLX-003:-67829.55
ORD-300256,POLY-BACK-11,48514.51,931.87,-47582.64,SKU-WP12/POLY-BACK-11:-47582.64
ORD-300256,PULP-KRAFT-001,,126.75,,
ORD-300256,PULP-RCYC-004,94635.58,1098.16,-93537.42,SKU-WP12/PULP-RCYC-004:-93537.42
ORD-300256,PULP-SOFT-009,164652.99,798.83,-163854.16,SKU-WP12/PULP-SOFT-009:-163854.16
ORD-300256,SAP-GRAN-022,118417.95,301.06,-118116.89,SKU-WP12/SAP-GRAN-022:-118116.89
ORD-300257,CART-CRG-15,108162.10,937.45,-107224.65,SKU-WP12/CART-CRG-15:-107224.65
ORD-300257,POLY-BACK-11,177976.47,-37.19,-178013.66,SKU-WP12/POLY-BACK-11:-178013.66
ORD-300257,PULP-KRAFT-001,79956.81,460.21,-79496.60,SKU-WP12/PULP-KRAFT-001:-79496.60
ORD-300258,CART-CRG-15,118943.46,1220.22,-117723.24,SKU-WP12/CART-CRG-15:-117723.24
ORD-300258,INK-FLX-003,156289.74,284.73,-156005.00,SKU-WP12/INK-FLX-003:-156005.00
ORD-300258,PULP-RCYC-004,153942.84,1191.03,-152751.81,SKU-WP12/PULP-RCYC-004:-152751.81
ORD-300258,PULP-SOFT-009,29829.40,,,
ORD-300258,SAP-GRAN-022,90780.70,,,
ORD-300259,POLY-BACK-11,85258.40,1313.08,-83945.32,SKU-WP12/POLY-BACK-11:-83945.32
ORD-300259,PULP-KRAFT-001,69310.06,388.06,-68922.00,SKU-WP12/PULP-KRAFT-001:-68922.00
ORD-300259,PULP-SOFT-009,101307.04,592.93,-100714.11,SKU-WP12/PULP-SOFT-009:-100714.11
ORD-300259,SAP-GRAN-022,76406.57,1291.32,-75115.25,SKU-WP12/SAP-GRAN-022:-75115.25
ORD-300260,ADH-HT-077,51482.88,524.23,-50958.65,SKU-WP12/ADH-HT-077:-50958.65
ORD-300260,INK-FLX-003,47441.12,,,
ORD-300260,PULP-RCYC-004,56033.38,1453.75,-54579.63,SKU-WP12/PULP-RCYC-004:-54579.63
ORD-300260,PULP-SOFT-009,31146.93,1005.12,-30141.81,SKU-WP12/PULP-SOFT-009:-30141.81
ORD-300261,POLY-BACK-11,61188.19,905.03,-60283.16,SKU-WP12/POLY-BACK-11:-60283.16
ORD-300261,PULP-KRAFT-001,50437.92,,,
ORD-300261,PULP-RCYC-004,181061.09,1317.92,-179743.17,SKU-WP12/PULP-RCYC-004:-179743.17
ORD-300261,SAP-GRAN-022,32766.24,1334.34,-31431.90,SKU-WP12/SAP-GRAN-022:-31431.90
