plant_id,line_id,production_day,sku_id,total_units,good_units,cases,yield_pct
PLT01,PLT01-L1,2025-10-20,SKU-TT18,242839,238578,13254,98.25
PLT01,PLT01-L1,2025-10-21,SKU-TT18,251782,247383,13743,98.25
PLT01,PLT01-L1,2025-10-22,SKU-TT18,254505,249702,13872,98.11
PLT01,PLT01-L1,2025-10-23,SKU-TT18,247597,243118,13506,98.19
PLT01,PLT01-L1,2025-10-24,SKU-TT18,252144,247920,13773,98.32
PLT01,PLT01-L1,2025-10-25,SKU-TT18,254425,249979,13887,98.25
PLT01,PLT01-L1,2025-10-26,SKU-TT18,248346,244124,13562,98.30
PLT01,PLT01-L1,2025-10-27,SKU-TT18,255684,251036,13946,98.18
PLT01,PLT01-L1,2025-10-28,SKU-TT18,255286,250803,13933,98.24
PLT01,PLT01-L1,2025-10-29,SKU-TT18,252520,248140,13785,98.27
PLT01,PLT01-L1,2025-10-30,SKU-TT18,257470,252918,14051,98.23
PLT01,PLT01-L1,2025-10-31,SKU-TT18,263842,259447,14413,98.33
PLT01,PLT01-L1,2025-11-01,SKU-TT18,244029,239865,13325,98.29
PLT01,PLT01-L1,2025-11-02,SKU-TT18,251260,246823,13712,98.23
PLT01,PLT01-L1,2025-11-03,SKU-TT18,259251,254697,14149,98.24
PLT01,PLT01-L1,2025-11-04,SKU-TT18,253925,249680,13871,98.33
PLT01,PLT01-L1,2025-11-05,SKU-TT18,252686,248191,13788,98.22
PLT01,PLT01-L1,2025-11-06,SKU-TT18,253491,248872,13826,98.18
PLT01,PLT01-L1,2025-11-07,SKU-TT18,253299,248707,13817,98.19
PLT01,PLT01-L1,2025-11-08,SKU-TT18,255805,251429,13968,98.29
PLT01,PLT01-L1,2025-11-09,SKU-TT18,249414,245414,13634,98.40
PLT01,PLT01-L1,2025-11-10,SKU-TT18,262752,258145,14341,98.25
PLT01,PLT01-L1,2025-11-11,SKU-TT18,249315,245121,13617,98.32
PLT01,PLT01-L1,2025-11-12,SKU-TT18,250215,245768,13653,98.22
PLT01,PLT01-L1,2025-11-13,SKU-TT18,261756,257178,14287,98.25
PLT01,PLT01-L1,2025-11-14,SKU-TT18,255596,251265,13959,98.31
PLT01,PLT01-L1,2025-11-15,SKU-TT18,251788,247180,13732,98.17
PLT01,PLT01-L1,2025-11-16,SKU-TT18,254154,249469,13859,98.16
PLT01,PLT01-L2,2025-10-20,SKU-TT24,294817,289457,12060,98.18
PLT01,PLT01-L2,2025-10-21,SKU-TT24,292696,287774,11990,98.32
PLT01,PLT01-L2,2025-10-22,SKU-TT24,290560,285409,11892,98.23
PLT01,PLT01-L2,2025-10-23,SKU-TT24,284809,279489,11645,98.13
PLT01,PLT01-L2,2025-10-24,SKU-TT24,299930,294806,12283,98.29
PLT01,PLT01-L2,2025-10-25,SKU-TT24,281505,276870,11536,98.35
PLT01,PLT01-L2,2025-10-26,SKU-TT24,298062,293058,12210,98.32
PLT01,PLT01-L2,2025-10-27,SKU-TT24,281984,277074,11544,98.26
PLT01,PLT01-L2,2025-10-28,SKU-TT24,295263,290016,12084,98.22
PLT01,PLT01-L2,2025-10-29,SKU-TT24,288634,283536,11814,98.23
PLT01,PLT01-L2,2025-10-30,SKU-TT24,293226,287803,11991,98.15
PLT01,PLT01-L2,2025-10-31,SKU-TT24,280254,275501,11479,98.30
PLT01,PLT01-L2,2025-11-01,SKU-TT24,289304,284443,11851,98.32
PLT01,PLT01-L2,2025-11-02,SKU-TT24,276207,271278,11303,98.22
PLT01,PLT01-L2,2025-11-03,SKU-TT24,287089,281997,11749,98.23
PLT01,PLT01-L2,2025-11-04,SKU-TT24,296768,291614,12150,98.26
PLT01,PLT01-L2,2025-11-05,SKU-TT24,282144,277095,11545,98.21
PLT01,PLT01-L2,2025-11-06,SKU-TT24,290518,285065,11877,98.12
PLT01,PLT01-L2,2025-11-07,SKU-TT24,282305,277240,11551,98.21
PLT01,PLT01-L2,2025-11-08,SKU-TT24,297913,292943,12205,98.33
PLT01,PLT01-L2,2025-11-09,SKU-TT24,288858,283803,11825,98.25
PLT01,PLT01-L2,2025-11-10,SKU-TT24,292212,286934,11955,98.19
PLT01,PLT01-L2,2025-11-11,SKU-TT24,285448,280256,11677,98.18
PLT01,PLT01-L2,2025-11-12,SKU-TT24,293336,288244,12010,98.26
PLT01,PLT01-L2,2025-11-13,SKU-TT24,286993,282282,11761,98.36
PLT01,PLT01-L2,2025-11-14,SKU-TT24,282837,278091,11587,98.32
PLT01,PLT01-L2,2025-11-15,SKU-TT24,291947,286415,11933,98.11
PLT01,PLT01-L2,2025-11-16,SKU-TT24,299262,293909,12246,98.21
PLT01,PLT01-L3,2025-10-20,SKU-TT12,231420,227421,18951,98.27
PLT01,PLT01-L3,2025-10-21,SKU-TT12,250017,245612,20467,98.24
PLT01,PLT01-L3,2025-10-22,SKU-TT12,250660,246586,20548,98.37
PLT01,PLT01-L3,2025-10-23,SKU-TT12,246819,242485,20207,98.24
PLT01,PLT01-L3,2025-10-24,SKU-TT12,244292,240109,20009,98.29
PLT01,PLT01-L3,2025-10-25,SKU-TT12,242193,237575,19797,98.09
PLT01,PLT01-L3,2025-10-26,SKU-TT12,245339,240947,20078,98.21
PLT01,PLT01-L3,2025-10-27,SKU-TT12,245570,241367,20113,98.29
PLT01,PLT01-L3,2025-10-28,SKU-TT12,236272,232191,19349,98.27
PLT01,PLT01-L3,2025-10-29,SKU-TT12,249394,245094,20424,98.28
PLT01,PLT01-L3,2025-10-30,SKU-TT12,243759,239793,19982,98.37
PLT01,PLT01-L3,2025-10-31,SKU-TT12,242445,238010,19834,98.17
PLT01,PLT01-L3,2025-11-01,SKU-TT12,248409,244246,20353,98.32
PLT01,PLT01-L3,2025-11-02,SKU-TT12,247274,242671,20222,98.14
PLT01,PLT01-L3,2025-11-03,SKU-TT12,244527,240320,20026,98.28
PLT01,PLT01-L3,2025-11-04,SKU-TT12,237460,233759,19479,98.44
PLT01,PLT01-L3,2025-11-05,SKU-TT12,244527,240088,20007,98.18
PLT01,PLT01-L3,2025-11-06,SKU-TT12,245101,240767,20063,98.23
PLT01,PLT01-L3,2025-11-07,SKU-TT12,233450,229415,19117,98.27
PLT01,PLT01-L3,2025-11-08,SKU-TT12,247996,243597,20299,98.23
PLT01,PLT01-L3,2025-11-09,SKU-TT12,233807,229645,19137,98.22
PLT01,PLT01-L3,2025-11-10,SKU-TT12,241023,236993,19749,98.33
PLT01,PLT01-L3,2025-11-11,SKU-TT12,232231,227903,18991,98.14
PLT01,PLT01-L3,2025-11-12,SKU-TT12,234085,229879,19156,98.20
PLT01,PLT01-L3,2025-11-13,SKU-TT12,241785,237531,19794,98.24
PLT01,PLT01-L3,2025-11-14,SKU-TT12,241285,237098,19758,98.26
PLT01,PLT01-L3,2025-11-15,SKU-TT12,237590,233664,19472,98.35
PLT01,PLT01-L3,2025-11-16,SKU-TT12,238884,234740,19561,98.27
PLT01,PLT01-L4,2025-10-20,SKU-TT12,236160,232241,19353,98.34
PLT01,PLT01-L4,2025-10-21,SKU-TT12,238887,235058,19588,98.40
PLT01,PLT01-L4,2025-10-22,SKU-TT12,243241,239377,19948,98.41
PLT01,PLT01-L4,2025-10-23,SKU-TT12,245049,240815,20067,98.27
PLT01,PLT01-L4,2025-10-24,SKU-TT12,231585,227470,18955,98.22
PLT01,PLT01-L4,2025-10-25,SKU-TT12,251267,246999,20583,98.30
PLT01,PLT01-L4,2025-10-26,SKU-TT12,240227,235987,19665,98.24
PLT01,PLT01-L4,2025-10-27,SKU-TT12,245337,241332,20111,98.37
PLT01,PLT01-L4,2025-10-28,SKU-TT12,237045,232580,19381,98.12
PLT01,PLT01-L4,2025-10-29,SKU-TT12,243719,239324,19943,98.20
PLT01,PLT01-L4,2025-10-30,SKU-TT12,237027,233004,19417,98.30
PLT01,PLT01-L4,2025-10-31,SKU-TT12,227014,223141,18595,98.29
PLT01,PLT01-L4,2025-11-01,SKU-TT12,235871,231691,19307,98.23
PLT01,PLT01-L4,2025-11-02,SKU-TT12,243490,239284,19940,98.27
PLT01,PLT01-L4,2025-11-03,SKU-TT12,250612,246588,20549,98.39
PLT01,PLT01-L4,2025-11-04,SKU-TT12,238908,234587,19548,98.19
PLT01,PLT01-L4,2025-11-05,SKU-TT12,230131,225993,18832,98.20
PLT01,PLT01-L4,2025-11-06,SKU-TT12,241264,237376,19781,98.39
PLT01,PLT01-L4,2025-11-07,SKU-TT12,241064,236952,19746,98.29
PLT01,PLT01-L4,2025-11-08,SKU-TT12,235134,231500,19291,98.45
PLT01,PLT01-L4,2025-11-09,SKU-TT12,244985,240612,20051,98.21
PLT01,PLT01-L4,2025-11-10,SKU-TT12,234196,230192,19182,98.29
PLT01,PLT01-L4,2025-11-11,SKU-TT12,241849,237826,19818,98.34
PLT01,PLT01-L4,2025-11-12,SKU-TT12,241666,237553,19796,98.30
PLT01,PLT01-L4,2025-11-13,SKU-TT12,249058,244850,20404,98.31
PLT01,PLT01-L4,2025-11-14,SKU-TT12,241208,236945,19745,98.23
PLT01,PLT01-L4,2025-11-15,SKU-TT12,237095,233093,19424,98.31
PLT01,PLT01-L4,2025-11-16,SKU-TT12,245511,241428,20119,98.34
PLT02,PLT02-L1,2025-10-20,SKU-TT24,283122,278147,11589,98.24
PLT02,PLT02-L1,2025-10-21,SKU-TT24,293231,288128,12005,98.26
PLT02,PLT02-L1,2025-10-22,SKU-TT24,291627,287062,11960,98.43
PLT02,PLT02-L1,2025-10-23,SKU-TT24,301903,296514,12354,98.21
PLT02,PLT02-L1,2025-10-24,SKU-TT24,291805,286921,11955,98.33
PLT02,PLT02-L1,2025-10-25,SKU-TT24,291967,286501,11937,98.13
PLT02,PLT02-L1,2025-10-26,SKU-TT24,307470,301851,12577,98.17
PLT02,PLT02-L1,2025-10-27,SKU-TT24,285360,280181,11674,98.19
PLT02,PLT02-L1,2025-10-28,SKU-TT24,297514,291857,12160,98.10
PLT02,PLT02-L1,2025-10-29,SKU-TT24,289883,284643,11860,98.19
PLT02,PLT02-L1,2025-10-30,SKU-TT24,287367,282527,11771,98.32
PLT02,PLT02-L1,2025-10-31,SKU-TT24,284974,279777,11657,98.18
PLT02,PLT02-L1,2025-11-01,SKU-TT24,286561,281658,11735,98.29
PLT02,PLT02-L1,2025-11-02,SKU-TT24,283788,279024,11626,98.32
PLT02,PLT02-L1,2025-11-03,SKU-TT24,291755,286411,11933,98.17
PLT02,PLT02-L1,2025-11-04,SKU-TT24,294065,288885,12036,98.24
PLT02,PLT02-L1,2025-11-05,SKU-TT24,302895,297578,12399,98.24
PLT02,PLT02-L1,2025-11-06,SKU-TT24,296358,291271,12136,98.28
PLT02,PLT02-L1,2025-11-07,SKU-TT24,279498,274659,11444,98.27
PLT02,PLT02-L1,2025-11-08,SKU-TT24,284093,279127,11630,98.25
PLT02,PLT02-L1,2025-11-09,SKU-TT24,296391,290995,12124,98.18
PLT02,PLT02-L1,2025-11-10,SKU-TT24,291576,286617,11942,98.30
PLT02,PLT02-L1,2025-11-11,SKU-TT24,287429,282647,11776,98.34
PLT02,PLT02-L1,2025-11-12,SKU-TT24,294929,290348,12097,98.45
PLT02,PLT02-L1,2025-11-13,SKU-TT24,289429,284256,11844,98.21
PLT02,PLT02-L1,2025-11-14,SKU-TT24,288010,282656,11777,98.14
PLT02,PLT02-L1,2025-11-15,SKU-TT24,300149,295174,12298,98.34
PLT02,PLT02-L1,2025-11-16,SKU-TT24,297465,292292,12178,98.26
PLT02,PLT02-L2,2025-10-20,SKU-DP40,230199,226294,5657,98.30
PLT02,PLT02-L2,2025-10-21,SKU-DP40,227918,224156,5603,98.35
PLT02,PLT02-L2,2025-10-22,SKU-DP40,236741,232388,5809,98.16
PLT02,PLT02-L2,2025-10-23,SKU-DP40,225329,221494,5537,98.30
PLT02,PLT02-L2,2025-10-24,SKU-DP40,221897,218068,5451,98.27
PLT02,PLT02-L2,2025-10-25,SKU-DP40,232608,228818,5720,98.37
PLT02,PLT02-L2,2025-10-26,SKU-DP40,223064,219265,5481,98.30
PLT02,PLT02-L2,2025-10-27,SKU-DP40,237305,233441,5836,98.37
PLT02,PLT02-L2,2025-10-28,SKU-DP40,225901,222024,5550,98.28
PLT02,PLT02-L2,2025-10-29,SKU-DP40,232644,228712,5717,98.31
PLT02,PLT02-L2,2025-10-30,SKU-DP40,217627,213933,5348,98.30
PLT02,PLT02-L2,2025-10-31,SKU-DP40,230551,226896,5672,98.41
PLT02,PLT02-L2,2025-11-01,SKU-DP40,227351,223207,5580,98.18
PLT02,PLT02-L2,2025-11-02,SKU-DP40,223585,219855,5496,98.33
PLT02,PLT02-L2,2025-11-03,SKU-DP40,232443,228246,5706,98.19
PLT02,PLT02-L2,2025-11-04,SKU-DP40,221506,217358,5433,98.13
PLT02,PLT02-L2,2025-11-05,SKU-DP40,226437,222435,5560,98.23
PLT02,PLT02-L2,2025-11-06,SKU-DP40,241199,237242,5931,98.36
PLT02,PLT02-L2,2025-11-07,SKU-DP40,221770,217881,5447,98.25
PLT02,PLT02-L2,2025-11-08,SKU-DP40,221352,217635,5440,98.32
PLT02,PLT02-L2,2025-11-09,SKU-DP40,230178,226240,5656,98.29
PLT02,PLT02-L2,2025-11-10,SKU-DP40,234248,230023,5750,98.20
PLT02,PLT02-L2,2025-11-11,SKU-DP40,235661,231808,5795,98.37
PLT02,PLT02-L2,2025-11-12,SKU-DP40,233162,228910,5722,98.18
PLT02,PLT02-L2,2025-11-13,SKU-DP40,229739,225825,5645,98.30
PLT02,PLT02-L2,2025-11-14,SKU-DP40,232108,228132,5703,98.29
PLT02,PLT02-L2,2025-11-15,SKU-DP40,228148,224253,5606,98.29
PLT02,PLT02-L2,2025-11-16,SKU-DP40,225299,221454,5536,98.29
PLT02,PLT02-L3,2025-10-20,SKU-FT30,358657,352389,11746,98.25
PLT02,PLT02-L3,2025-10-21,SKU-FT30,361875,355697,11856,98.29
PLT02,PLT02-L3,2025-10-22,SKU-FT30,346795,340707,11356,98.24
PLT02,PLT02-L3,2025-10-23,SKU-FT30,355815,349701,11656,98.28
PLT02,PLT02-L3,2025-10-24,SKU-FT30,348624,342639,11421,98.28
PLT02,PLT02-L3,2025-10-25,SKU-FT30,359579,352857,11761,98.13
PLT02,PLT02-L3,2025-10-26,SKU-FT30,325634,319835,10661,98.22
PLT02,PLT02-L3,2025-10-27,SKU-FT30,374618,367938,12264,98.22
PLT02,PLT02-L3,2025-10-28,SKU-FT30,368615,362237,12074,98.27
PLT02,PLT02-L3,2025-10-29,SKU-FT30,371901,365195,12173,98.20
PLT02,PLT02-L3,2025-10-30,SKU-FT30,368997,362185,12072,98.15
PLT02,PLT02-L3,2025-10-31,SKU-FT30,375364,369020,12300,98.31
PLT02,PLT02-L3,2025-11-01,SKU-FT30,367550,361130,12037,98.25
PLT02,PLT02-L3,2025-11-02,SKU-FT30,354742,348508,11616,98.24
PLT02,PLT02-L3,2025-11-03,SKU-FT30,383263,376670,12555,98.28
PLT02,PLT02-L3,2025-11-04,SKU-FT30,370703,364619,12153,98.36
PLT02,PLT02-L3,2025-11-05,SKU-FT30,346981,340739,11357,98.20
PLT02,PLT02-L3,2025-11-06,SKU-FT30,349191,342353,11411,98.04
PLT02,PLT02-L3,2025-11-07,SKU-FT30,362188,356056,11868,98.31
PLT02,PLT02-L3,2025-11-08,SKU-FT30,368705,362207,12073,98.24
PLT02,PLT02-L3,2025-11-09,SKU-FT30,363871,357122,11904,98.15
PLT02,PLT02-L3,2025-11-10,SKU-FT30,344260,338796,11293,98.41
PLT02,PLT02-L3,2025-11-11,SKU-FT30,354810,348539,11617,98.23
PLT02,PLT02-L3,2025-11-12,SKU-FT30,343682,337781,11259,98.28
PLT02,PLT02-L3,2025-11-13,SKU-FT30,345932,339883,11329,98.25
PLT02,PLT02-L3,2025-11-14,SKU-FT30,370989,365323,12177,98.47
PLT02,PLT02-L3,2025-11-15,SKU-FT30,368721,361803,12060,98.12
PLT02,PLT02-L3,2025-11-16,SKU-FT30,365401,359056,11968,98.26
PLT02,PLT02-L4,2025-10-20,SKU-TT12,243593,239204,19933,98.20
PLT02,PLT02-L4,2025-10-21,SKU-TT12,240201,235951,19662,98.23
PLT02,PLT02-L4,2025-10-22,SKU-TT12,241652,237352,19779,98.22
PLT02,PLT02-L4,2025-10-23,SKU-TT12,237578,233577,19464,98.32
PLT02,PLT02-L4,2025-10-24,SKU-TT12,239587,235357,19613,98.23
PLT02,PLT02-L4,2025-10-25,SKU-TT12,241651,237247,19770,98.18
PLT02,PLT02-L4,2025-10-26,SKU-TT12,243985,239479,19956,98.15
PLT02,PLT02-L4,2025-10-27,SKU-TT12,247211,242864,20238,98.24
PLT02,PLT02-L4,2025-10-28,SKU-TT12,242931,238884,19907,98.33
PLT02,PLT02-L4,2025-10-29,SKU-TT12,248990,244747,20395,98.30
PLT02,PLT02-L4,2025-10-30,SKU-TT12,245722,241159,20096,98.14
PLT02,PLT02-L4,2025-10-31,SKU-TT12,244292,240158,20013,98.31
PLT02,PLT02-L4,2025-11-01,SKU-TT12,239168,234927,19577,98.23
PLT02,PLT02-L4,2025-11-02,SKU-TT12,246358,242165,20180,98.30
PLT02,PLT02-L4,2025-11-03,SKU-TT12,229274,225104,18758,98.18
PLT02,PLT02-L4,2025-11-04,SKU-TT12,241063,237077,19756,98.35
PLT02,PLT02-L4,2025-11-05,SKU-TT12,234870,230949,19245,98.33
PLT02,PLT02-L4,2025-11-06,SKU-TT12,238877,234958,19579,98.36
PLT02,PLT02-L4,2025-11-07,SKU-TT12,252409,248141,20678,98.31
PLT02,PLT02-L4,2025-11-08,SKU-TT12,228464,224580,18715,98.30
PLT02,PLT02-L4,2025-11-09,SKU-TT12,255153,250515,20876,98.18
PLT02,PLT02-L4,2025-11-10,SKU-TT12,241665,237816,19818,98.41
PLT02,PLT02-L4,2025-11-11,SKU-TT12,245985,241841,20153,98.32
PLT02,PLT02-L4,2025-11-12,SKU-TT12,226735,222689,18557,98.22
PLT02,PLT02-L4,2025-11-13,SKU-TT12,239565,235482,19623,98.30
PLT02,PLT02-L4,2025-11-14,SKU-TT12,247925,243449,20287,98.19
PLT02,PLT02-L4,2025-11-15,SKU-TT12,242450,238294,19857,98.29
PLT02,PLT02-L4,2025-11-16,SKU-TT12,242461,238151,19845,98.22
PLT03,PLT03-L1,2025-10-20,SKU-DP40,236566,232173,5804,98.14
PLT03,PLT03-L1,2025-10-21,SKU-DP40,241234,237068,5926,98.27
PLT03,PLT03-L1,2025-10-22,SKU-DP40,235129,230954,5773,98.22
PLT03,PLT03-L1,2025-10-23,SKU-DP40,233380,229548,5738,98.36
PLT03,PLT03-L1,2025-10-24,SKU-DP40,224696,220595,5514,98.17
PLT03,PLT03-L1,2025-10-25,SKU-DP40,242368,238401,5960,98.36
PLT03,PLT03-L1,2025-10-26,SKU-DP40,215145,211294,5282,98.21
PLT03,PLT03-L1,2025-10-27,SKU-DP40,233081,229089,5727,98.29
PLT03,PLT03-L1,2025-10-28,SKU-DP40,234038,229939,5748,98.25
PLT03,PLT03-L1,2025-10-29,SKU-DP40,227939,224163,5604,98.34
PLT03,PLT03-L1,2025-10-30,SKU-DP40,228903,225354,5633,98.45
PLT03,PLT03-L1,2025-10-31,SKU-DP40,234261,230125,5753,98.23
PLT03,PLT03-L1,2025-11-01,SKU-DP40,232525,228306,5707,98.19
PLT03,PLT03-L1,2025-11-02,SKU-DP40,227479,223327,5583,98.17
PLT03,PLT03-L1,2025-11-03,SKU-DP40,222917,219395,5484,98.42
PLT03,PLT03-L1,2025-11-04,SKU-DP40,220788,217040,5426,98.30
PLT03,PLT03-L1,2025-11-05,SKU-DP40,236154,231859,5796,98.18
PLT03,PLT03-L1,2025-11-06,SKU-DP40,216838,213312,5332,98.37
PLT03,PLT03-L1,2025-11-07,SKU-DP40,230708,226829,5670,98.32
PLT03,PLT03-L1,2025-11-08,SKU-DP40,224791,220840,5521,98.24
PLT03,PLT03-L1,2025-11-09,SKU-DP40,232906,228706,5717,98.20
PLT03,PLT03-L1,2025-11-10,SKU-DP40,221116,217363,5434,98.30
PLT03,PLT03-L1,2025-11-11,SKU-DP40,236604,232106,5802,98.10
PLT03,PLT03-L1,2025-11-12,SKU-DP40,231637,227642,5691,98.28
PLT03,PLT03-L1,2025-11-13,SKU-DP40,234582,230357,5758,98.20
PLT03,PLT03-L1,2025-11-14,SKU-DP40,230030,226228,5655,98.35
PLT03,PLT03-L1,2025-11-15,SKU-DP40,221359,217632,5440,98.32
PLT03,PLT03-L1,2025-11-16,SKU-DP40,223215,219358,5483,98.27
PLT03,PLT03-L2,2025-10-20,SKU-WP36,315414,309835,8606,98.23
PLT03,PLT03-L2,2025-10-21,SKU-WP36,313677,308335,8564,98.30
PLT03,PLT03-L2,2025-10-22,SKU-WP36,307543,301822,8383,98.14
PLT03,PLT03-L2,2025-10-23,SKU-WP36,304550,298970,8304,98.17
PLT03,PLT03-L2,2025-10-24,SKU-WP36,314911,309319,8592,98.22
PLT03,PLT03-L2,2025-10-25,SKU-WP36,312485,307034,8528,98.26
PLT03,PLT03-L2,2025-10-26,SKU-WP36,302512,297465,8262,98.33
PLT03,PLT03-L2,2025-10-27,SKU-WP36,325466,319400,8872,98.14
PLT03,PLT03-L2,2025-10-28,SKU-WP36,318622,313035,8695,98.25
PLT03,PLT03-L2,2025-10-29,SKU-WP36,316443,311110,8641,98.31
PLT03,PLT03-L2,2025-10-30,SKU-WP36,320724,314951,8748,98.20
PLT03,PLT03-L2,2025-10-31,SKU-WP36,319263,313628,8711,98.23
PLT03,PLT03-L2,2025-11-01,SKU-WP36,302297,297094,8252,98.28
PLT03,PLT03-L2,2025-11-02,SKU-WP36,320294,314821,8745,98.29
PLT03,PLT03-L2,2025-11-03,SKU-WP36,321699,316128,8781,98.27
PLT03,PLT03-L2,2025-11-04,SKU-WP36,319426,313934,8720,98.28
PLT03,PLT03-L2,2025-11-05,SKU-WP36,316440,310904,8636,98.25
PLT03,PLT03-L2,2025-11-06,SKU-WP36,304234,298701,8297,98.18
PLT03,PLT03-L2,2025-11-07,SKU-WP36,294682,289599,8044,98.28
PLT03,PLT03-L2,2025-11-08,SKU-WP36,320848,315282,8757,98.27
PLT03,PLT03-L2,2025-11-09,SKU-WP36,318029,312486,8680,98.26
PLT03,PLT03-L2,2025-11-10,SKU-WP36,309372,303620,8433,98.14
PLT03,PLT03-L2,2025-11-11,SKU-WP36,317349,312106,8669,98.35
PLT03,PLT03-L2,2025-11-12,SKU-WP36,309017,303872,8440,98.34
PLT03,PLT03-L2,2025-11-13,SKU-WP36,319076,313198,8699,98.16
PLT03,PLT03-L2,2025-11-14,SKU-WP36,322569,317368,8815,98.39
PLT03,PLT03-L2,2025-11-15,SKU-WP36,309673,304606,8461,98.36
PLT03,PLT03-L2,2025-11-16,SKU-WP36,298392,293111,8141,98.23
PLT03,PLT03-L3,2025-10-20,SKU-WP36,312424,306881,8524,98.23
PLT03,PLT03-L3,2025-10-21,SKU-WP36,322726,316972,8804,98.22
PLT03,PLT03-L3,2025-10-22,SKU-WP36,307675,302037,8389,98.17
PLT03,PLT03-L3,2025-10-23,SKU-WP36,309692,304564,8460,98.34
PLT03,PLT03-L3,2025-10-24,SKU-WP36,314825,309233,8589,98.22
PLT03,PLT03-L3,2025-10-25,SKU-WP36,315798,310466,8624,98.31
PLT03,PLT03-L3,2025-10-26,SKU-WP36,320446,314850,8745,98.25
PLT03,PLT03-L3,2025-10-27,SKU-WP36,307915,302383,8399,98.20
PLT03,PLT03-L3,2025-10-28,SKU-WP36,298877,293610,8155,98.24
PLT03,PLT03-L3,2025-10-29,SKU-WP36,311666,306072,8502,98.21
PLT03,PLT03-L3,2025-10-30,SKU-WP36,321191,315773,8771,98.31
PLT03,PLT03-L3,2025-10-31,SKU-WP36,322726,316933,8803,98.20
PLT03,PLT03-L3,2025-11-01,SKU-WP36,314408,308993,8583,98.28
PLT03,PLT03-L3,2025-11-02,SKU-WP36,327231,321254,8923,98.17
PLT03,PLT03-L3,2025-11-03,SKU-WP36,310320,305023,8472,98.29
PLT03,PLT03-L3,2025-11-04,SKU-WP36,310703,305543,8487,98.34
PLT03,PLT03-L3,2025-11-05,SKU-WP36,308037,302834,8412,98.31
PLT03,PLT03-L3,2025-11-06,SKU-WP36,303561,298280,8285,98.26
PLT03,PLT03-L3,2025-11-07,SKU-WP36,306127,301204,8366,98.39
PLT03,PLT03-L3,2025-11-08,SKU-WP36,324256,318615,8850,98.26
PLT03,PLT03-L3,2025-11-09,SKU-WP36,304670,299614,8322,98.34
PLT03,PLT03-L3,2025-11-10,SKU-WP36,304449,298905,8302,98.18
PLT03,PLT03-L3,2025-11-11,SKU-WP36,318091,312725,8686,98.31
PLT03,PLT03-L3,2025-11-12,SKU-WP36,314591,308474,8568,98.06
PLT03,PLT03-L3,2025-11-13,SKU-WP36,309332,304013,8444,98.28
PLT03,PLT03-L3,2025-11-14,SKU-WP36,321342,315741,8770,98.26
PLT03,PLT03-L3,2025-11-15,SKU-WP36,292872,287604,7989,98.20
PLT03,PLT03-L3,2025-11-16,SKU-WP36,318258,312841,8690,98.30
PLT03,PLT03-L4,2025-10-20,SKU-DP32,209763,206162,6442,98.28
PLT03,PLT03-L4,2025-10-21,SKU-DP32,218298,214660,6708,98.33
PLT03,PLT03-L4,2025-10-22,SKU-DP32,217289,213236,6663,98.13
PLT03,PLT03-L4,2025-10-23,SKU-DP32,209587,205995,6437,98.29
PLT03,PLT03-L4,2025-10-24,SKU-DP32,216622,212939,6654,98.30
PLT03,PLT03-L4,2025-10-25,SKU-DP32,207744,204255,6382,98.32
PLT03,PLT03-L4,2025-10-26,SKU-DP32,221627,217852,6807,98.30
PLT03,PLT03-L4,2025-10-27,SKU-DP32,221496,217309,6790,98.11
PLT03,PLT03-L4,2025-10-28,SKU-DP32,214432,210745,6585,98.28
PLT03,PLT03-L4,2025-10-29,SKU-DP32,215100,211384,6605,98.27
PLT03,PLT03-L4,2025-10-30,SKU-DP32,213324,209673,6552,98.29
PLT03,PLT03-L4,2025-10-31,SKU-DP32,222391,218510,6828,98.25
PLT03,PLT03-L4,2025-11-01,SKU-DP32,211949,208217,6506,98.24
PLT03,PLT03-L4,2025-11-02,SKU-DP32,217936,213988,6687,98.19
PLT03,PLT03-L4,2025-11-03,SKU-DP32,224389,220775,6899,98.39
PLT03,PLT03-L4,2025-11-04,SKU-DP32,212600,209011,6531,98.31
PLT03,PLT03-L4,2025-11-05,SKU-DP32,212738,208918,6528,98.20
PLT03,PLT03-L4,2025-11-06,SKU-DP32,217014,213183,6661,98.23
PLT03,PLT03-L4,2025-11-07,SKU-DP32,213870,209997,6562,98.19
PLT03,PLT03-L4,2025-11-08,SKU-DP32,212182,208416,6513,98.23
PLT03,PLT03-L4,2025-11-09,SKU-DP32,220626,216782,6774,98.26
PLT03,PLT03-L4,2025-11-10,SKU-DP32,221594,217724,6803,98.25
PLT03,PLT03-L4,2025-11-11,SKU-DP32,210602,206686,6458,98.14
PLT03,PLT03-L4,2025-11-12,SKU-DP32,219264,215230,6725,98.16
PLT03,PLT03-L4,2025-11-13,SKU-DP32,220925,217022,6781,98.23
PLT03,PLT03-L4,2025-11-14,SKU-DP32,213914,210326,6572,98.32
PLT03,PLT03-L4,2025-11-15,SKU-DP32,204847,201519,6297,98.38
PLT03,PLT03-L4,2025-11-16,SKU-DP32,226145,222462,6951,98.37
PLT04,PLT04-L1,2025-10-20,SKU-DP32,219594,215704,6740,98.23
PLT04,PLT04-L1,2025-10-21,SKU-DP32,213668,210058,6564,98.31
PLT04,PLT04-L1,2025-10-22,SKU-DP32,207100,203772,6367,98.39
PLT04,PLT04-L1,2025-10-23,SKU-DP32,214787,211132,6597,98.30
PLT04,PLT04-L1,2025-10-24,SKU-DP32,218246,214167,6692,98.13
PLT04,PLT04-L1,2025-10-25,SKU-DP32,211628,207916,6497,98.25
PLT04,PLT04-L1,2025-10-26,SKU-DP32,223166,219100,6846,98.18
PLT04,PLT04-L1,2025-10-27,SKU-DP32,220151,216727,6772,98.44
PLT04,PLT04-L1,2025-10-28,SKU-DP32,222241,218429,6825,98.28
PLT04,PLT04-L1,2025-10-29,SKU-DP32,204686,201240,6288,98.32
PLT04,PLT04-L1,2025-10-30,SKU-DP32,214925,211115,6597,98.23
PLT04,PLT04-L1,2025-10-31,SKU-DP32,221723,217709,6803,98.19
PLT04,PLT04-L1,2025-11-01,SKU-DP32,207308,204127,6378,98.47
PLT04,PLT04-L1,2025-11-02,SKU-DP32,220029,216216,6756,98.27
PLT04,PLT04-L1,2025-11-03,SKU-DP32,210553,206746,6460,98.19
PLT04,PLT04-L1,2025-11-04,SKU-DP32,210397,206567,6455,98.18
PLT04,PLT04-L1,2025-11-05,SKU-DP32,214239,210458,6576,98.24
PLT04,PLT04-L1,2025-11-06,SKU-DP32,208090,204666,6395,98.35
PLT04,PLT04-L1,2025-11-07,SKU-DP32,212454,208809,6525,98.28
PLT04,PLT04-L1,2025-11-08,SKU-DP32,214509,210827,6588,98.28
PLT04,PLT04-L1,2025-11-09,SKU-DP32,211825,208042,6501,98.21
PLT04,PLT04-L1,2025-11-10,SKU-DP32,222453,218676,6833,98.30
PLT04,PLT04-L1,2025-11-11,SKU-DP32,221680,217771,6805,98.24
PLT04,PLT04-L1,2025-11-12,SKU-DP32,211506,207808,6494,98.25
PLT04,PLT04-L1,2025-11-13,SKU-DP32,209966,206298,6446,98.25
PLT04,PLT04-L1,2025-11-14,SKU-DP32,206870,203157,6348,98.21
PLT04,PLT04-L1,2025-11-15,SKU-DP32,215218,211301,6603,98.18
PLT04,PLT04-L1,2025-11-16,SKU-DP32,216909,213151,6660,98.27
PLT04,PLT04-L2,2025-10-20,SKU-DP40,229589,225650,5641,98.28
PLT04,PLT04-L2,2025-10-21,SKU-DP40,230574,226739,5668,98.34
PLT04,PLT04-L2,2025-10-22,SKU-DP40,234187,230363,5759,98.37
PLT04,PLT04-L2,2025-10-23,SKU-DP40,234115,229913,5747,98.21
PLT04,PLT04-L2,2025-10-24,SKU-DP40,224558,220637,5515,98.25
PLT04,PLT04-L2,2025-10-25,SKU-DP40,231460,227244,5681,98.18
PLT04,PLT04-L2,2025-10-26,SKU-DP40,231175,227227,5680,98.29
PLT04,PLT04-L2,2025-10-27,SKU-DP40,219627,215692,5392,98.21
PLT04,PLT04-L2,2025-10-28,SKU-DP40,230193,226158,5653,98.25
PLT04,PLT04-L2,2025-10-29,SKU-DP40,230884,226816,5670,98.24
PLT04,PLT04-L2,2025-10-30,SKU-DP40,230931,226998,5674,98.30
PLT04,PLT04-L2,2025-10-31,SKU-DP40,231368,227483,5687,98.32
PLT04,PLT04-L2,2025-11-01,SKU-DP40,234755,230977,5774,98.39
PLT04,PLT04-L2,2025-11-02,SKU-DP40,227794,223710,5592,98.21
PLT04,PLT04-L2,2025-11-03,SKU-DP40,230079,226206,5655,98.32
PLT04,PLT04-L2,2025-11-04,SKU-DP40,217417,213558,5338,98.23
PLT04,PLT04-L2,2025-11-05,SKU-DP40,226798,222884,5572,98.27
PLT04,PLT04-L2,2025-11-06,SKU-DP40,231041,227251,5681,98.36
PLT04,PLT04-L2,2025-11-07,SKU-DP40,228952,225038,5625,98.29
PLT04,PLT04-L2,2025-11-08,SKU-DP40,225116,221121,5528,98.23
PLT04,PLT04-L2,2025-11-09,SKU-DP40,234646,230629,5765,98.29
PLT04,PLT04-L2,2025-11-10,SKU-DP40,229858,225574,5639,98.14
PLT04,PLT04-L2,2025-11-11,SKU-DP40,228277,224254,5606,98.24
PLT04,PLT04-L2,2025-11-12,SKU-DP40,231656,227347,5683,98.14
PLT04,PLT04-L2,2025-11-13,SKU-DP40,233956,229848,5746,98.24
PLT04,PLT04-L2,2025-11-14,SKU-DP40,233796,229707,5742,98.25
PLT04,PLT04-L2,2025-11-15,SKU-DP40,236364,232208,5805,98.24
PLT04,PLT04-L2,2025-11-16,SKU-DP40,231466,227549,5688,98.31
PLT04,PLT04-L3,2025-10-20,SKU-DP40,229150,225376,5634,98.35
PLT04,PLT04-L3,2025-10-21,SKU-DP40,218133,214310,5357,98.25
PLT04,PLT04-L3,2025-10-22,SKU-DP40,232087,227996,5699,98.24
PLT04,PLT04-L3,2025-10-23,SKU-DP40,236364,232198,5804,98.24
PLT04,PLT04-L3,2025-10-24,SKU-DP40,230099,226279,5656,98.34
PLT04,PLT04-L3,2025-10-25,SKU-DP40,237476,233242,5831,98.22
PLT04,PLT04-L3,2025-10-26,SKU-DP40,226845,223161,5579,98.38
PLT04,PLT04-L3,2025-10-27,SKU-DP40,228269,224116,5602,98.18
PLT04,PLT04-L3,2025-10-28,SKU-DP40,225698,221763,5544,98.26
PLT04,PLT04-L3,2025-10-29,SKU-DP40,226855,222859,5571,98.24
PLT04,PLT04-L3,2025-10-30,SKU-DP40,225369,221810,5545,98.42
PLT04,PLT04-L3,2025-10-31,SKU-DP40,232177,228263,5706,98.31
PLT04,PLT04-L3,2025-11-01,SKU-DP40,222412,218843,5471,98.40
PLT04,PLT04-L3,2025-11-02,SKU-DP40,231502,227636,5690,98.33
PLT04,PLT04-L3,2025-11-03,SKU-DP40,225887,222248,5556,98.39
PLT04,PLT04-L3,2025-11-04,SKU-DP40,232797,228612,5715,98.20
PLT04,PLT04-L3,2025-11-05,SKU-DP40,232492,228344,5708,98.22
PLT04,PLT04-L3,2025-11-06,SKU-DP40,225437,221833,5545,98.40
PLT04,PLT04-L3,2025-11-07,SKU-DP40,234008,229534,5738,98.09
PLT04,PLT04-L3,2025-11-08,SKU-DP40,222923,219331,5483,98.39
PLT04,PLT04-L3,2025-11-09,SKU-DP40,215510,211846,5296,98.30
PLT04,PLT04-L3,2025-11-10,SKU-DP40,231390,226841,5671,98.03
PLT04,PLT04-L3,2025-11-11,SKU-DP40,231481,227548,5688,98.30
PLT04,PLT04-L3,2025-11-12,SKU-DP40,228916,225182,5629,98.37
PLT04,PLT04-L3,2025-11-13,SKU-DP40,228089,224275,5606,98.33
PLT04,PLT04-L3,2025-11-14,SKU-DP40,222887,219319,5482,98.40
PLT04,PLT04-L3,2025-11-15,SKU-DP40,226489,222566,5564,98.27
PLT04,PLT04-L3,2025-11-16,SKU-DP40,234754,230648,5766,98.25
PLT04,PLT04-L4,2025-10-20,SKU-WP36,292539,287359,7982,98.23
PLT04,PLT04-L4,2025-10-21,SKU-WP36,302998,297539,8264,98.20
PLT04,PLT04-L4,2025-10-22,SKU-WP36,312125,306594,8516,98.23
PLT04,PLT04-L4,2025-10-23,SKU-WP36,312455,306926,8525,98.23
PLT04,PLT04-L4,2025-10-24,SKU-WP36,318441,313239,8701,98.37
PLT04,PLT04-L4,2025-10-25,SKU-WP36,327186,321654,8934,98.31
PLT04,PLT04-L4,2025-10-26,SKU-WP36,306589,301154,8365,98.23
PLT04,PLT04-L4,2025-10-27,SKU-WP36,316034,310363,8621,98.21
PLT04,PLT04-L4,2025-10-28,SKU-WP36,313350,307765,8549,98.22
PLT04,PLT04-L4,2025-10-29,SKU-WP36,315719,309690,8602,98.09
PLT04,PLT04-L4,2025-10-30,SKU-WP36,304501,298743,8298,98.11
PLT04,PLT04-L4,2025-10-31,SKU-WP36,301480,296563,8237,98.37
PLT04,PLT04-L4,2025-11-01,SKU-WP36,319699,314556,8737,98.39
PLT04,PLT04-L4,2025-11-02,SKU-WP36,318668,313073,8696,98.24
PLT04,PLT04-L4,2025-11-03,SKU-WP36,316878,311454,8651,98.29
PLT04,PLT04-L4,2025-11-04,SKU-WP36,289745,284930,7914,98.34
PLT04,PLT04-L4,2025-11-05,SKU-WP36,316339,311011,8639,98.32
PLT04,PLT04-L4,2025-11-06,SKU-WP36,284339,279184,7755,98.19
PLT04,PLT04-L4,2025-11-07,SKU-WP36,322422,316656,8796,98.21
PLT04,PLT04-L4,2025-11-08,SKU-WP36,317103,311593,8655,98.26
PLT04,PLT04-L4,2025-11-09,SKU-WP36,312451,306940,8526,98.24
PLT04,PLT04-L4,2025-11-10,SKU-WP36,313894,308378,8566,98.24
PLT04,PLT04-L4,2025-11-11,SKU-WP36,310970,305584,8488,98.27
PLT04,PLT04-L4,2025-11-12,SKU-WP36,318985,313706,8714,98.35
PLT04,PLT04-L4,2025-11-13,SKU-WP36,289983,284779,7910,98.21
PLT04,PLT04-L4,2025-11-14,SKU-WP36,312507,307091,8530,98.27
PLT04,PLT04-L4,2025-11-15,SKU-WP36,315231,310231,8617,98.41
PLT04,PLT04-L4,2025-11-16,SKU-WP36,304435,299574,8321,98.40
PLT05,PLT05-L1,2025-10-20,SKU-WP12,176449,173397,14449,98.27
PLT05,PLT05-L1,2025-10-21,SKU-WP12,179301,176388,14699,98.38
PLT05,PLT05-L1,2025-10-22,SKU-WP12,175709,172707,14392,98.29
PLT05,PLT05-L1,2025-10-23,SKU-WP12,174266,171344,14278,98.32
PLT05,PLT05-L1,2025-10-24,SKU-WP12,177755,174630,14552,98.24
PLT05,PLT05-L1,2025-10-25,SKU-WP12,173135,170032,14169,98.21
PLT05,PLT05-L1,2025-10-26,SKU-WP12,177912,174600,14550,98.14
PLT05,PLT05-L1,2025-10-27,SKU-WP12,181134,177946,14828,98.24
PLT05,PLT05-L1,2025-10-28,SKU-WP12,181219,178002,14833,98.22
PLT05,PLT05-L1,2025-10-29,SKU-WP12,187840,184706,15392,98.33
PLT05,PLT05-L1,2025-10-30,SKU-WP12,179436,176253,14687,98.23
PLT05,PLT05-L1,2025-10-31,SKU-WP12,184877,181816,15151,98.34
PLT05,PLT05-L1,2025-11-01,SKU-WP12,171312,168417,14034,98.31
PLT05,PLT05-L1,2025-11-02,SKU-WP12,187298,184062,15338,98.27
PLT05,PLT05-L1,2025-11-03,SKU-WP12,178880,175747,14645,98.25
PLT05,PLT05-L1,2025-11-04,SKU-WP12,183258,179994,14999,98.22
PLT05,PLT05-L1,2025-11-05,SKU-WP12,182059,179071,14922,98.36
PLT05,PLT05-L1,2025-11-06,SKU-WP12,173917,170809,14234,98.21
PLT05,PLT05-L1,2025-11-07,SKU-WP12,183428,180226,15018,98.25
PLT05,PLT05-L1,2025-11-08,SKU-WP12,187793,184651,15387,98.33
PLT05,PLT05-L1,2025-11-09,SKU-WP12,185663,182291,15190,98.18
PLT05,PLT05-L1,2025-11-10,SKU-WP12,179923,176856,14738,98.30
PLT05,PLT05-L1,2025-11-11,SKU-WP12,181491,178267,14855,98.22
PLT05,PLT05-L1,2025-11-12,SKU-WP12,183384,180010,15000,98.16
PLT05,PLT05-L1,2025-11-13,SKU-WP12,187650,184653,15387,98.40
PLT05,PLT05-L1,2025-11-14,SKU-WP12,181104,177934,14827,98.25
PLT05,PLT05-L1,2025-11-15,SKU-WP12,184062,180930,15077,98.30
PLT05,PLT05-L1,2025-11-16,SKU-WP12,186657,183443,15286,98.28
PLT05,PLT05-L2,2025-10-20,SKU-WP36,317337,312133,8670,98.36
PLT05,PLT05-L2,2025-10-21,SKU-WP36,311448,306038,8501,98.26
PLT05,PLT05-L2,2025-10-22,SKU-WP36,325385,319521,8875,98.20
PLT05,PLT05-L2,2025-10-23,SKU-WP36,310636,305050,8473,98.20
PLT05,PLT05-L2,2025-10-24,SKU-WP36,319092,313968,8721,98.39
PLT05,PLT05-L2,2025-10-25,SKU-WP36,297133,291778,8104,98.20
PLT05,PLT05-L2,2025-10-26,SKU-WP36,323078,317841,8828,98.38
PLT05,PLT05-L2,2025-10-27,SKU-WP36,309151,303421,8428,98.15
PLT05,PLT05-L2,2025-10-28,SKU-WP36,325842,320240,8895,98.28
PLT05,PLT05-L2,2025-10-29,SKU-WP36,315486,309822,8606,98.20
PLT05,PLT05-L2,2025-10-30,SKU-WP36,311375,306182,8505,98.33
PLT05,PLT05-L2,2025-10-31,SKU-WP36,315511,310117,8614,98.29
PLT05,PLT05-L2,2025-11-01,SKU-WP36,314630,309053,8584,98.23
PLT05,PLT05-L2,2025-11-02,SKU-WP36,303623,298351,8287,98.26
PLT05,PLT05-L2,2025-11-03,SKU-WP36,310305,304748,8465,98.21
PLT05,PLT05-L2,2025-11-04,SKU-WP36,309090,303054,8418,98.05
PLT05,PLT05-L2,2025-11-05,SKU-WP36,320349,315176,8754,98.39
PLT05,PLT05-L2,2025-11-06,SKU-WP36,319089,313621,8711,98.29
PLT05,PLT05-L2,2025-11-07,SKU-WP36,318333,313444,8706,98.46
PLT05,PLT05-L2,2025-11-08,SKU-WP36,301142,296067,8224,98.31
PLT05,PLT05-L2,2025-11-09,SKU-WP36,324631,318787,8855,98.20
PLT05,PLT05-L2,2025-11-10,SKU-WP36,314135,308662,8573,98.26
PLT05,PLT05-L2,2025-11-11,SKU-WP36,307405,301885,8385,98.20
PLT05,PLT05-L2,2025-11-12,SKU-WP36,317533,312345,8676,98.37
PLT05,PLT05-L2,2025-11-13,SKU-WP36,307152,301795,8383,98.26
PLT05,PLT05-L2,2025-11-14,SKU-WP36,314033,308585,8571,98.27
PLT05,PLT05-L2,2025-11-15,SKU-WP36,320782,315476,8763,98.35
PLT05,PLT05-L2,2025-11-16,SKU-WP36,308252,303431,8428,98.44
PLT05,PLT05-L3,2025-10-20,SKU-WP36,323512,317944,8831,98.28
PLT05,PLT05-L3,2025-10-21,SKU-WP36,307313,301734,8381,98.18
PLT05,PLT05-L3,2025-10-22,SKU-WP36,312028,306631,8517,98.27
PLT05,PLT05-L3,2025-10-23,SKU-WP36,321636,316308,8786,98.34
PLT05,PLT05-L3,2025-10-24,SKU-WP36,311221,305795,8494,98.26
PLT05,PLT05-L3,2025-10-25,SKU-WP36,325255,319600,8877,98.26
PLT05,PLT05-L3,2025-10-26,SKU-WP36,321136,315712,8769,98.31
PLT05,PLT05-L3,2025-10-27,SKU-WP36,316613,311290,8646,98.32
PLT05,PLT05-L3,2025-10-28,SKU-WP36,316640,311086,8641,98.25
PLT05,PLT05-L3,2025-10-29,SKU-WP36,322271,317246,8812,98.44
PLT05,PLT05-L3,2025-10-30,SKU-WP36,308255,302746,8409,98.21
PLT05,PLT05-L3,2025-10-31,SKU-WP36,305293,299604,8322,98.14
PLT05,PLT05-L3,2025-11-01,SKU-WP36,307151,301649,8379,98.21
PLT05,PLT05-L3,2025-11-02,SKU-WP36,306826,301727,8381,98.34
PLT05,PLT05-L3,2025-11-03,SKU-WP36,314592,309522,8597,98.39
PLT05,PLT05-L3,2025-11-04,SKU-WP36,319096,313239,8701,98.16
PLT05,PLT05-L3,2025-11-05,SKU-WP36,319550,313872,8718,98.22
PLT05,PLT05-L3,2025-11-06,SKU-WP36,312654,307404,8539,98.32
PLT05,PLT05-L3,2025-11-07,SKU-WP36,312654,307154,8532,98.24
PLT05,PLT05-L3,2025-11-08,SKU-WP36,316118,310328,8620,98.17
PLT05,PLT05-L3,2025-11-09,SKU-WP36,324185,317933,8831,98.07
PLT05,PLT05-L3,2025-11-10,SKU-WP36,312210,307123,8531,98.37
PLT05,PLT05-L3,2025-11-11,SKU-WP36,309083,303654,8434,98.24
PLT05,PLT05-L3,2025-11-12,SKU-WP36,322182,316962,8804,98.38
PLT05,PLT05-L3,2025-11-13,SKU-WP36,312312,306960,8526,98.29
PLT05,PLT05-L3,2025-11-14,SKU-WP36,301505,296163,8226,98.23
PLT05,PLT05-L3,2025-11-15,SKU-WP36,316639,311093,8641,98.25
PLT05,PLT05-L3,2025-11-16,SKU-WP36,326402,320983,8916,98.34
PLT05,PLT05-L4,2025-10-20,SKU-TT12,232296,228275,19022,98.27
PLT05,PLT05-L4,2025-10-21,SKU-TT12,238267,234233,19519,98.31
PLT05,PLT05-L4,2025-10-22,SKU-TT12,237538,233526,19460,98.31
PLT05,PLT05-L4,2025-10-23,SKU-TT12,234028,229907,19158,98.24
PLT05,PLT05-L4,2025-10-24,SKU-TT12,245039,240731,20060,98.24
PLT05,PLT05-L4,2025-10-25,SKU-TT12,244752,240405,20033,98.22
PLT05,PLT05-L4,2025-10-26,SKU-TT12,230463,226704,18892,98.37
PLT05,PLT05-L4,2025-10-27,SKU-TT12,230279,226002,18833,98.14
PLT05,PLT05-L4,2025-10-28,SKU-TT12,239989,236003,19666,98.34
PLT05,PLT05-L4,2025-10-29,SKU-TT12,246585,242379,20198,98.29
PLT05,PLT05-L4,2025-10-30,SKU-TT12,240824,236717,19726,98.29
PLT05,PLT05-L4,2025-10-31,SKU-TT12,244590,240245,20020,98.22
PLT05,PLT05-L4,2025-11-01,SKU-TT12,238981,235109,19592,98.38
PLT05,PLT05-L4,2025-11-02,SKU-TT12,249014,245023,20418,98.40
PLT05,PLT05-L4,2025-11-03,SKU-TT12,247088,242569,20214,98.17
PLT05,PLT05-L4,2025-11-04,SKU-TT12,243770,239484,19957,98.24
PLT05,PLT05-L4,2025-11-05,SKU-TT12,236838,233002,19416,98.38
PLT05,PLT05-L4,2025-11-06,SKU-TT12,239007,234860,19571,98.26
PLT05,PLT05-L4,2025-11-07,SKU-TT12,245772,241679,20139,98.33
PLT05,PLT05-L4,2025-11-08,SKU-TT12,233903,229775,19147,98.24
PLT05,PLT05-L4,2025-11-09,SKU-TT12,245507,240930,20077,98.14
PLT05,PLT05-L4,2025-11-10,SKU-TT12,234208,230074,19172,98.23
PLT05,PLT05-L4,2025-11-11,SKU-TT12,249479,245232,20436,98.30
PLT05,PLT05-L4,2025-11-12,SKU-TT12,241678,237285,19773,98.18
PLT05,PLT05-L4,2025-11-13,SKU-TT12,240350,236293,19691,98.31
PLT05,PLT05-L4,2025-11-14,SKU-TT12,255371,250709,20892,98.17
PLT05,PLT05-L4,2025-11-15,SKU-TT12,235201,230966,19247,98.20
PLT05,PLT05-L4,2025-11-16,SKU-TT12,241835,237426,19785,98.18
PLT06,PLT06-L1,2025-10-20,SKU-DP32,215150,211290,6602,98.21
PLT06,PLT06-L1,2025-10-21,SKU-DP32,211510,208014,6500,98.35
PLT06,PLT06-L1,2025-10-22,SKU-DP32,220103,216224,6757,98.24
PLT06,PLT06-L1,2025-10-23,SKU-DP32,221241,217558,6798,98.34
PLT06,PLT06-L1,2025-10-24,SKU-DP32,220556,216499,6765,98.16
PLT06,PLT06-L1,2025-10-25,SKU-DP32,226966,223203,6975,98.34
PLT06,PLT06-L1,2025-10-26,SKU-DP32,218039,214488,6702,98.37
PLT06,PLT06-L1,2025-10-27,SKU-DP32,215480,211858,6620,98.32
PLT06,PLT06-L1,2025-10-28,SKU-DP32,207337,204120,6378,98.45
PLT06,PLT06-L1,2025-10-29,SKU-DP32,213622,209984,6562,98.30
PLT06,PLT06-L1,2025-10-30,SKU-DP32,222864,219286,6852,98.39
PLT06,PLT06-L1,2025-10-31,SKU-DP32,219405,215763,6742,98.34
PLT06,PLT06-L1,2025-11-01,SKU-DP32,219423,215868,6745,98.38
PLT06,PLT06-L1,2025-11-02,SKU-DP32,218751,215191,6724,98.37
PLT06,PLT06-L1,2025-11-03,SKU-DP32,218888,215075,6721,98.26
PLT06,PLT06-L1,2025-11-04,SKU-DP32,218060,214270,6695,98.26
PLT06,PLT06-L1,2025-11-05,SKU-DP32,221691,217933,6810,98.30
PLT06,PLT06-L1,2025-11-06,SKU-DP32,208264,204761,6398,98.32
PLT06,PLT06-L1,2025-11-07,SKU-DP32,212204,208388,6512,98.20
PLT06,PLT06-L1,2025-11-08,SKU-DP32,224207,220694,6896,98.43
PLT06,PLT06-L1,2025-11-09,SKU-DP32,221878,218027,6813,98.26
PLT06,PLT06-L1,2025-11-10,SKU-DP32,212857,209451,6545,98.40
PLT06,PLT06-L1,2025-11-11,SKU-DP32,209908,206417,6450,98.34
PLT06,PLT06-L1,2025-11-12,SKU-DP32,208071,204459,6389,98.26
PLT06,PLT06-L1,2025-11-13,SKU-DP32,220337,216594,6768,98.30
PLT06,PLT06-L1,2025-11-14,SKU-DP32,215705,211937,6623,98.25
PLT06,PLT06-L1,2025-11-15,SKU-DP32,215900,212197,6631,98.28
PLT06,PLT06-L1,2025-11-16,SKU-DP32,222176,217987,6812,98.11
PLT06,PLT06-L2,2025-10-20,SKU-WP12,176073,173140,14428,98.33
PLT06,PLT06-L2,2025-10-21,SKU-WP12,167788,164762,13730,98.20
PLT06,PLT06-L2,2025-10-22,SKU-WP12,174213,171262,14271,98.31
PLT06,PLT06-L2,2025-10-23,SKU-WP12,182364,179428,14952,98.39
PLT06,PLT06-L2,2025-10-24,SKU-WP12,181440,178478,14873,98.37
PLT06,PLT06-L2,2025-10-25,SKU-WP12,176510,173284,14440,98.17
PLT06,PLT06-L2,2025-10-26,SKU-WP12,184860,181446,15120,98.15
PLT06,PLT06-L2,2025-10-27,SKU-WP12,176580,173482,14456,98.25
PLT06,PLT06-L2,2025-10-28,SKU-WP12,179467,176507,14708,98.35
PLT06,PLT06-L2,2025-10-29,SKU-WP12,185980,182780,15231,98.28
PLT06,PLT06-L2,2025-10-30,SKU-WP12,184819,181687,15140,98.31
PLT06,PLT06-L2,2025-10-31,SKU-WP12,184465,181221,15101,98.24
PLT06,PLT06-L2,2025-11-01,SKU-WP12,186634,183724,15310,98.44
PLT06,PLT06-L2,2025-11-02,SKU-WP12,180916,177930,14827,98.35
PLT06,PLT06-L2,2025-11-03,SKU-WP12,185335,181938,15161,98.17
PLT06,PLT06-L2,2025-11-04,SKU-WP12,184112,180938,15078,98.28
PLT06,PLT06-L2,2025-11-05,SKU-WP12,172493,169517,14126,98.27
PLT06,PLT06-L2,2025-11-06,SKU-WP12,182180,179254,14937,98.39
PLT06,PLT06-L2,2025-11-07,SKU-WP12,182955,179893,14991,98.33
PLT06,PLT06-L2,2025-11-08,SKU-WP12,185955,182549,15212,98.17
PLT06,PLT06-L2,2025-11-09,SKU-WP12,186445,183330,15277,98.33
PLT06,PLT06-L2,2025-11-10,SKU-WP12,180951,178201,14850,98.48
PLT06,PLT06-L2,2025-11-11,SKU-WP12,181869,178548,14879,98.17
PLT06,PLT06-L2,2025-11-12,SKU-WP12,178342,175453,14621,98.38
PLT06,PLT06-L2,2025-11-13,SKU-WP12,177698,174603,14550,98.26
PLT06,PLT06-L2,2025-11-14,SKU-WP12,184945,181596,15133,98.19
PLT06,PLT06-L2,2025-11-15,SKU-WP12,188012,184592,15382,98.18
PLT06,PLT06-L2,2025-11-16,SKU-WP12,175252,172394,14366,98.37
PLT06,PLT06-L3,2025-10-20,SKU-WP36,326343,321280,8924,98.45
PLT06,PLT06-L3,2025-10-21,SKU-WP36,315732,309919,8608,98.16
PLT06,PLT06-L3,2025-10-22,SKU-WP36,311329,305724,8492,98.20
PLT06,PLT06-L3,2025-10-23,SKU-WP36,315666,310160,8615,98.26
PLT06,PLT06-L3,2025-10-24,SKU-WP36,325379,320003,8888,98.35
PLT06,PLT06-L3,2025-10-25,SKU-WP36,316811,311084,8641,98.19
PLT06,PLT06-L3,2025-10-26,SKU-WP36,303781,298267,8285,98.18
PLT06,PLT06-L3,2025-10-27,SKU-WP36,316753,311214,8644,98.25
PLT06,PLT06-L3,2025-10-28,SKU-WP36,308409,303175,8421,98.30
PLT06,PLT06-L3,2025-10-29,SKU-WP36,315708,310062,8612,98.21
PLT06,PLT06-L3,2025-10-30,SKU-WP36,318028,312480,8680,98.26
PLT06,PLT06-L3,2025-10-31,SKU-WP36,300307,295130,8198,98.28
PLT06,PLT06-L3,2025-11-01,SKU-WP36,312792,307539,8542,98.32
PLT06,PLT06-L3,2025-11-02,SKU-WP36,322555,316901,8802,98.25
PLT06,PLT06-L3,2025-11-03,SKU-WP36,314452,309065,8585,98.29
PLT06,PLT06-L3,2025-11-04,SKU-WP36,315884,310420,8622,98.27
PLT06,PLT06-L3,2025-11-05,SKU-WP36,309286,303701,8436,98.19
PLT06,PLT06-L3,2025-11-06,SKU-WP36,294278,288991,8027,98.20
PLT06,PLT06-L3,2025-11-07,SKU-WP36,313807,308150,8559,98.20
PLT06,PLT06-L3,2025-11-08,SKU-WP36,324681,318948,8859,98.23
PLT06,PLT06-L3,2025-11-09,SKU-WP36,306852,301749,8381,98.34
PLT06,PLT06-L3,2025-11-10,SKU-WP36,317185,310865,8635,98.01
PLT06,PLT06-L3,2025-11-11,SKU-WP36,319048,313618,8711,98.30
PLT06,PLT06-L3,2025-11-12,SKU-WP36,314516,309223,8589,98.32
PLT06,PLT06-L3,2025-11-13,SKU-WP36,324270,318570,8849,98.24
PLT06,PLT06-L3,2025-11-14,SKU-WP36,312754,307764,8549,98.40
PLT06,PLT06-L3,2025-11-15,SKU-WP36,324965,318981,8860,98.16
PLT06,PLT06-L3,2025-11-16,SKU-WP36,326541,320906,8914,98.27
PLT06,PLT06-L4,2025-10-20,SKU-WP12,178178,175331,14610,98.40
PLT06,PLT06-L4,2025-10-21,SKU-WP12,178148,175040,14586,98.26
PLT06,PLT06-L4,2025-10-22,SKU-WP12,170572,167603,13966,98.26
PLT06,PLT06-L4,2025-10-23,SKU-WP12,180277,177412,14784,98.41
PLT06,PLT06-L4,2025-10-24,SKU-WP12,180217,177125,14760,98.28
PLT06,PLT06-L4,2025-10-25,SKU-WP12,178171,175097,14591,98.27
PLT06,PLT06-L4,2025-10-26,SKU-WP12,183460,180563,15046,98.42
PLT06,PLT06-L4,2025-10-27,SKU-WP12,182995,179867,14988,98.29
PLT06,PLT06-L4,2025-10-28,SKU-WP12,181486,177950,14829,98.05
PLT06,PLT06-L4,2025-10-29,SKU-WP12,179486,176565,14713,98.37
PLT06,PLT06-L4,2025-10-30,SKU-WP12,183544,180652,15054,98.42
PLT06,PLT06-L4,2025-10-31,SKU-WP12,177499,174584,14548,98.36
PLT06,PLT06-L4,2025-11-01,SKU-WP12,182259,179133,14927,98.28
PLT06,PLT06-L4,2025-11-02,SKU-WP12,186031,182809,15234,98.27
PLT06,PLT06-L4,2025-11-03,SKU-WP12,183029,179821,14985,98.25
PLT06,PLT06-L4,2025-11-04,SKU-WP12,0,0,0,
PLT06,PLT06-L4,2025-11-05,SKU-WP12,184334,181011,15084,98.20
PLT06,PLT06-L4,2025-11-06,SKU-WP12,183409,179925,14993,98.10
PLT06,PLT06-L4,2025-11-07,SKU-WP12,179831,176587,14715,98.20
PLT06,PLT06-L4,2025-11-08,SKU-WP12,172611,169678,14139,98.30
PLT06,PLT06-L4,2025-11-09,SKU-WP12,185243,181789,15149,98.14
PLT06,PLT06-L4,2025-11-10,SKU-WP12,178087,175048,14587,98.29
PLT06,PLT06-L4,2025-11-11,SKU-WP12,185654,182475,15206,98.29
PLT06,PLT06-L4,2025-11-12,SKU-WP12,182039,179012,14917,98.34
PLT06,PLT06-L4,2025-11-13,SKU-WP12,166544,163687,13640,98.28
PLT06,PLT06-L4,2025-11-14,SKU-WP12,179401,176594,14716,98.44
PLT06,PLT06-L4,2025-11-15,SKU-WP12,185427,182197,15183,98.26
PLT06,PLT06-L4,2025-11-16,SKU-WP12,184196,180893,15074,98.21
