plant_id,line_id,iso_year,iso_week,good_units,scrap_units,scrap_pct
PLT01,PLT01-L1,2026,43,1577027,824,0.05
PLT01,PLT01-L1,2026,44,1512797,1452,0.10
PLT01,PLT01-L1,2026,45,1587847,1240,0.08
PLT01,PLT01-L1,2026,46,1566579,1232,0.08
PLT01,PLT01-L2,2026,43,1231140,1308,0.11
PLT01,PLT01-L2,2026,44,1264283,1131,0.09
PLT01,PLT01-L2,2026,45,1221166,521,0.04
PLT01,PLT01-L2,2026,46,1206128,1194,0.10
PLT01,PLT01-L3,2026,43,1076952,2567,0.24
PLT01,PLT01-L3,2026,44,1062505,227,0.02
PLT01,PLT01-L3,2026,45,1070596,1112,0.10
PLT01,PLT01-L3,2026,46,1061569,1864,0.18
PLT01,PLT01-L4,2026,43,1198807,2045,0.17
PLT01,PLT01-L4,2026,44,1164276,925,0.08
PLT01,PLT01-L4,2026,45,1204955,1437,0.12
PLT01,PLT01-L4,2026,46,1189037,1555,0.13
PLT02,PLT02-L1,2026,43,1111695,2337,0.21
PLT02,PLT02-L1,2026,44,1124526,1159,0.10
PLT02,PLT02-L1,2026,45,1167903,1058,0.09
PLT02,PLT02-L1,2026,46,1144018,843,0.07
PLT02,PLT02-L2,2026,43,1173356,1063,0.09
PLT02,PLT02-L2,2026,44,1097076,1092,0.10
PLT02,PLT02-L2,2026,45,1087127,547,0.05
PLT02,PLT02-L2,2026,46,1107196,1737,0.16
PLT02,PLT02-L3,2026,43,1419528,1570,0.11
PLT02,PLT02-L3,2026,44,1442991,2650,0.18
PLT02,PLT02-L3,2026,45,1379527,1911,0.14
PLT02,PLT02-L3,2026,46,1486843,1176,0.08
PLT02,PLT02-L4,2026,43,1595258,2030,0.13
PLT02,PLT02-L4,2026,44,1500579,1032,0.07
PLT02,PLT02-L4,2026,45,1562061,1275,0.08
PLT02,PLT02-L4,2026,46,1524810,2310,0.15
PLT03,PLT03-L1,2026,43,1814439,999,0.06
PLT03,PLT03-L1,2026,44,1844244,1019,0.06
PLT03,PLT03-L1,2026,45,1754408,803,0.05
PLT03,PLT03-L1,2026,46,1783888,1603,0.09
PLT03,PLT03-L2,2026,43,1422088,1362,0.10
PLT03,PLT03-L2,2026,44,1450058,1499,0.10
PLT03,PLT03-L2,2026,45,1446613,1646,0.11
PLT03,PLT03-L2,2026,46,1402337,1216,0.09
PLT03,PLT03-L3,2026,43,1107481,1960,0.18
PLT03,PLT03-L3,2026,44,1097262,1169,0.11
PLT03,PLT03-L3,2026,45,1114497,896,0.08
PLT03,PLT03-L3,2026,46,1154977,1184,0.10
PLT03,PLT03-L4,2026,43,1218574,2180,0.18
PLT03,PLT03-L4,2026,44,1173017,1457,0.12
PLT03,PLT03-L4,2026,45,1189786,1737,0.15
PLT03,PLT03-L4,2026,46,1193816,1945,0.16
PLT04,PLT04-L1,2026,43,1101128,1733,0.16
PLT04,PLT04-L1,2026,44,1168807,1426,0.12
PLT04,PLT04-L1,2026,45,1110463,2205,0.20
PLT04,PLT04-L1,2026,46,1127309,999,0.09
PLT04,PLT04-L2,2026,43,1564066,2307,0.15
PLT04,PLT04-L2,2026,44,1497299,1622,0.11
PLT04,PLT04-L2,2026,45,1563983,2125,0.14
PLT04,PLT04-L2,2026,46,1527060,912,0.06
PLT04,PLT04-L3,2026,43,1231279,1559,0.13
PLT04,PLT04-L3,2026,44,1284860,1056,0.08
PLT04,PLT04-L3,2026,45,1250014,972,0.08
PLT04,PLT04-L3,2026,46,1256377,1484,0.12
PLT04,PLT04-L4,2026,43,1299974,923,0.07
PLT04,PLT04-L4,2026,44,1312849,1036,0.08
PLT04,PLT04-L4,2026,45,1285197,822,0.06
PLT04,PLT04-L4,2026,46,1260753,1554,0.12
PLT05,PLT05-L1,2026,43,896914,1414,0.16
PLT05,PLT05-L1,2026,44,913479,1041,0.11
PLT05,PLT05-L1,2026,45,893214,1797,0.20
PLT05,PLT05-L1,2026,46,866129,1701,0.20
PLT05,PLT05-L2,2026,43,1109845,995,0.09
PLT05,PLT05-L2,2026,44,1155787,1566,0.14
PLT05,PLT05-L2,2026,45,1160679,1585,0.14
PLT05,PLT05-L2,2026,46,1128288,1142,0.10
PLT05,PLT05-L3,2026,43,1069969,1382,0.13
PLT05,PLT05-L3,2026,44,1075982,1503,0.14
PLT05,PLT05-L3,2026,45,1080850,562,0.05
PLT05,PLT05-L3,2026,46,1046651,1588,0.15
PLT05,PLT05-L4,2026,43,1165093,1685,0.14
PLT05,PLT05-L4,2026,44,1215704,897,0.07
PLT05,PLT05-L4,2026,45,1220043,1555,0.13
PLT05,PLT05-L4,2026,46,1168063,1269,0.11
PLT06,PLT06-L1,2026,43,1278475,1474,0.12
PLT06,PLT06-L1,2026,44,1281214,1128,0.09
PLT06,PLT06-L1,2026,45,1277553,568,0.04
PLT06,PLT06-L1,2026,46,1223273,1499,0.12
PLT06,PLT06-L2,2026,43,1797625,785,0.04
PLT06,PLT06-L2,2026,44,1742209,1304,0.07
PLT06,PLT06-L2,2026,45,1845746,1391,0.08
PLT06,PLT06-L2,2026,46,1737938,1733,0.10
PLT06,PLT06-L3,2026,43,878253,1654,0.19
PLT06,PLT06-L3,2026,44,892977,879,0.10
PLT06,PLT06-L3,2026,45,896165,2396,0.27
PLT06,PLT06-L3,2026,46,885569,1603,0.18
PLT06,PLT06-L4,2026,43,1511361,1558,0.10
PLT06,PLT06-L4,2026,44,1533329,1258,0.08
PLT06,PLT06-L4,2026,45,1350831,2075,0.15
PLT06,PLT06-L4,2026,46,1550993,719,0.05
