lot_id,line_id,status,status_ts_utc,open_minutes
LOT-PLT01-L3-20261108,PLT01-L3,ON_HOLD,2026-11-08 17:00:00,10500
LOT-PLT02-L1-20261019,PLT02-L1,ON_HOLD,2026-10-19 17:00:00,39300
LOT-PLT02-L2-20261023,PLT02-L2,ON_HOLD,2026-10-23 18:00:00,33480
LOT-PLT02-L3-20261023,PLT02-L3,ON_HOLD,2026-10-23 15:00:00,33660
LOT-PLT02-L3-20261104,PLT02-L3,ON_HOLD,2026-11-04 16:00:00,16320
LOT-PLT02-L3-20261108,PLT02-L3,ON_HOLD,2026-11-08 19:00:00,10380
LOT-PLT02-L4-20261031,PLT02-L4,ON_HOLD,2026-10-31 15:00:00,22140
LOT-PLT02-L4-20261112,PLT02-L4,ON_HOLD,2026-11-12 21:00:00,4500
LOT-PLT03-L1-20261031,PLT03-L1,ON_HOLD,2026-10-31 23:00:00,21660
LOT-PLT03-L1-20261108,PLT03-L1,ON_HOLD,2026-11-09 01:00:00,10020
LOT-PLT03-L1-20261112,PLT03-L1,ON_HOLD,2026-11-12 19:00:00,4620
LOT-PLT03-L2-20261112,PLT03-L2,ON_HOLD,2026-11-12 20:00:00,4560
LOT-PLT03-L3-20261027,PLT03-L3,ON_HOLD,2026-10-27 17:00:00,27780
LOT-PLT03-L3-20261112,PLT03-L3,ON_HOLD,2026-11-12 20:00:00,4560
LOT-PLT03-L4-20261023,PLT03-L4,ON_HOLD,2026-10-23 21:00:00,33300
LOT-PLT03-L4-20261031,PLT03-L4,ON_HOLD,2026-10-31 21:00:00,21780
LOT-PLT04-L1-20261031,PLT04-L1,ON_HOLD,2026-10-31 18:00:00,21960
LOT-PLT04-L2-20261019,PLT04-L2,ON_HOLD,2026-10-19 19:00:00,39180
LOT-PLT04-L3-20261023,PLT04-L3,ON_HOLD,2026-10-23 22:00:00,33240
LOT-PLT04-L4-20261108,PLT04-L4,ON_HOLD,2026-11-08 23:00:00,10140
LOT-PLT05-L1-20261023,PLT05-L1,ON_HOLD,2026-10-23 15:00:00,33660
LOT-PLT05-L1-20261031,PLT05-L1,ON_HOLD,2026-10-31 16:00:00,22080
LOT-PLT05-L1-20261108,PLT05-L1,ON_HOLD,2026-11-08 19:00:00,10380
LOT-PLT05-L2-20261112,PLT05-L2,ON_HOLD,2026-11-12 21:00:00,4500
LOT-PLT05-L3-20261031,PLT05-L3,ON_HOLD,2026-10-31 16:00:00,22080
LOT-PLT05-L3-20261108,PLT05-L3,ON_HOLD,2026-11-08 15:00:00,10620
LOT-PLT05-L3-20261112,PLT05-L3,ON_HOLD,2026-11-12 21:00:00,4500
LOT-PLT05-L4-20261031,PLT05-L4,ON_HOLD,2026-10-31 16:00:00,22080
LOT-PLT05-L4-20261112,PLT05-L4,ON_HOLD,2026-11-12 15:00:00,4860
LOT-PLT06-L1-20261019,PLT06-L1,ON_HOLD,2026-10-19 16:00:00,39360
LOT-PLT06-L1-20261031,PLT06-L1,ON_HOLD,2026-10-31 17:00:00,22020
LOT-PLT06-L2-20261027,PLT06-L2,ON_HOLD,2026-10-27 18:00:00,27720
LOT-PLT06-L4-20261031,PLT06-L4,ON_HOLD,2026-10-31 14:00:00,22200
