plant_id,line_id,production_day,shift_code,reason_category,planned_flag,event_count,downtime_minutes
PLT01,PLT01-L1,2026-10-19,S1,Planned,0,1,11
PLT01,PLT01-L1,2026-10-20,S1,Quality,0,1,30
PLT01,PLT01-L1,2026-10-21,S1,Electrical,0,1,99
PLT01,PLT01-L1,2026-10-22,S1,Material,0,1,74
PLT01,PLT01-L1,2026-10-22,S1,Mechanical,0,1,30
PLT01,PLT01-L1,2026-10-22,S2,Mechanical,0,1,45
PLT01,PLT01-L1,2026-10-24,S3,Changeover,0,1,23
PLT01,PLT01-L1,2026-10-24,S3,Material,0,1,55
PLT01,PLT01-L1,2026-10-25,S2,Planned,0,1,55
PLT01,PLT01-L1,2026-10-26,S1,Operational,0,1,1
PLT01,PLT01-L1,2026-10-28,S3,Planned,0,1,83
PLT01,PLT01-L1,2026-10-30,S1,Planned,0,1,11
PLT01,PLT01-L1,2026-10-31,S1,Electrical,0,1,110
PLT01,PLT01-L1,2026-10-31,S3,Mechanical,0,1,120
PLT01,PLT01-L1,2026-11-01,S1,Mechanical,0,1,65
PLT01,PLT01-L1,2026-11-04,S1,Operational,0,1,78
PLT01,PLT01-L1,2026-11-05,S2,Operational,0,1,46
PLT01,PLT01-L1,2026-11-07,S1,Mechanical,0,1,129
PLT01,PLT01-L1,2026-11-08,S3,Planned,0,1,122
PLT01,PLT01-L1,2026-11-11,S3,Quality,0,1,107
PLT01,PLT01-L1,2026-11-12,S1,Quality,0,1,22
PLT01,PLT01-L1,2026-11-13,S1,Mechanical,0,1,58
PLT01,PLT01-L1,2026-11-13,S2,Mechanical,0,1,74
PLT01,PLT01-L2,2026-10-20,S2,Changeover,0,1,98
PLT01,PLT01-L2,2026-10-21,S3,Planned,0,1,37
PLT01,PLT01-L2,2026-10-22,S1,Mechanical,0,1,30
PLT01,PLT01-L2,2026-10-22,S1,Quality,0,1,70
PLT01,PLT01-L2,2026-10-22,S2,Mechanical,0,1,45
PLT01,PLT01-L2,2026-10-23,S1,Operational,0,1,40
PLT01,PLT01-L2,2026-10-24,S1,Operational,0,1,127
PLT01,PLT01-L2,2026-10-24,S3,Material,0,1,55
PLT01,PLT01-L2,2026-10-26,S1,Operational,0,1,1
PLT01,PLT01-L2,2026-10-26,S3,Operational,0,1,19
PLT01,PLT01-L2,2026-10-28,S3,Mechanical,0,1,20
PLT01,PLT01-L2,2026-10-30,S2,Mechanical,0,1,88
PLT01,PLT01-L2,2026-10-30,S3,Mechanical,0,1,3
PLT01,PLT01-L2,2026-11-01,S1,Planned,0,1,10
PLT01,PLT01-L2,2026-11-01,S2,Planned,0,1,48
PLT01,PLT01-L2,2026-11-02,S3,Material,0,1,35
PLT01,PLT01-L2,2026-11-06,S3,Operational,0,1,130
PLT01,PLT01-L2,2026-11-08,S1,Planned,0,1,59
PLT01,PLT01-L2,2026-11-10,S2,Mechanical,0,1,67
PLT01,PLT01-L2,2026-11-11,S3,Electrical,0,1,103
PLT01,PLT01-L2,2026-11-13,S3,Changeover,0,1,12
PLT01,PLT01-L3,2026-10-20,S2,Material,0,1,113
PLT01,PLT01-L3,2026-10-22,S1,Mechanical,0,1,30
PLT01,PLT01-L3,2026-10-22,S1,Quality,0,1,9
PLT01,PLT01-L3,2026-10-22,S2,Mechanical,0,1,45
PLT01,PLT01-L3,2026-10-24,S3,Material,0,1,55
PLT01,PLT01-L3,2026-10-25,S3,Electrical,0,1,34
PLT01,PLT01-L3,2026-10-26,S1,Operational,0,1,1
PLT01,PLT01-L3,2026-10-29,S3,Mechanical,0,1,16
PLT01,PLT01-L3,2026-10-30,S2,Quality,0,1,29
PLT01,PLT01-L3,2026-10-31,S1,Electrical,0,1,90
PLT01,PLT01-L3,2026-11-03,S3,Planned,0,1,25
PLT01,PLT01-L3,2026-11-04,S1,Material,0,1,84
PLT01,PLT01-L3,2026-11-05,S2,Planned,0,1,87
PLT01,PLT01-L3,2026-11-11,S3,Changeover,0,1,38
PLT01,PLT01-L3,2026-11-12,S3,Quality,0,1,140
PLT01,PLT01-L3,2026-11-13,S1,Material,0,1,13
PLT01,PLT01-L3,2026-11-13,S2,Material,0,1,93
PLT01,PLT01-L3,2026-11-14,S1,Other,0,1,9
PLT01,PLT01-L4,2026-10-19,S1,Changeover,0,1,44
PLT01,PLT01-L4,2026-10-20,S1,Operational,0,1,134
PLT01,PLT01-L4,2026-10-22,S1,Mechanical,0,1,30
PLT01,PLT01-L4,2026-10-22,S2,Mechanical,0,2,59
PLT01,PLT01-L4,2026-10-23,S3,Planned,0,1,97
PLT01,PLT01-L4,2026-10-24,S3,Material,0,1,55
PLT01,PLT01-L4,2026-10-25,S1,Other,0,1,52
PLT01,PLT01-L4,2026-10-26,S1,Operational,0,1,1
PLT01,PLT01-L4,2026-10-29,S1,Mechanical,0,1,123
PLT01,PLT01-L4,2026-10-30,S2,Material,0,1,68
PLT01,PLT01-L4,2026-11-01,S1,Planned,0,1,64
PLT01,PLT01-L4,2026-11-01,S2,Planned,0,1,72
PLT01,PLT01-L4,2026-11-02,S3,Operational,0,1,65
PLT01,PLT01-L4,2026-11-05,S3,Mechanical,0,1,40
PLT01,PLT01-L4,2026-11-06,S2,Planned,0,1,26
PLT01,PLT01-L4,2026-11-11,S2,Planned,0,1,106
PLT01,PLT01-L4,2026-11-14,S3,Changeover,0,1,109
PLT01,PLT01-L4,2026-11-15,S1,Other,0,1,47
PLT02,PLT02-L1,2026-10-22,S1,Mechanical,0,1,30
PLT02,PLT02-L1,2026-10-22,S2,Mechanical,0,1,45
PLT02,PLT02-L1,2026-10-22,S2,Planned,0,1,13
PLT02,PLT02-L1,2026-10-23,S2,Planned,0,1,24
PLT02,PLT02-L1,2026-10-24,S1,Other,0,1,71
PLT02,PLT02-L1,2026-10-24,S3,Material,0,1,55
PLT02,PLT02-L1,2026-10-26,S1,Operational,0,1,1
PLT02,PLT02-L1,2026-10-27,S1,Operational,0,1,79
PLT02,PLT02-L1,2026-10-28,S2,Operational,0,1,132
PLT02,PLT02-L1,2026-10-29,S1,Planned,1,1,90
PLT02,PLT02-L1,2026-10-29,S3,Planned,0,1,115
PLT02,PLT02-L1,2026-10-31,S3,Mechanical,0,1,90
PLT02,PLT02-L1,2026-11-01,S3,Mechanical,0,1,140
PLT02,PLT02-L1,2026-11-04,S1,Quality,0,1,65
PLT02,PLT02-L1,2026-11-05,S3,Material,0,1,92
PLT02,PLT02-L1,2026-11-06,S1,Material,0,1,12
PLT02,PLT02-L1,2026-11-07,S1,Electrical,0,1,28
PLT02,PLT02-L1,2026-11-08,S3,Quality,0,1,20
PLT02,PLT02-L1,2026-11-09,S2,Electrical,0,1,136
PLT02,PLT02-L1,2026-11-10,S1,Mechanical,0,1,45
PLT02,PLT02-L1,2026-11-10,S2,Mechanical,0,1,7
PLT02,PLT02-L1,2026-11-11,S2,Electrical,0,1,131
PLT02,PLT02-L1,2026-11-12,S2,Other,0,1,65
PLT02,PLT02-L2,2026-10-19,S3,Other,0,1,60
PLT02,PLT02-L2,2026-10-21,S1,Planned,0,1,102
PLT02,PLT02-L2,2026-10-22,S1,Mechanical,0,1,30
PLT02,PLT02-L2,2026-10-22,S2,Mechanical,0,1,45
PLT02,PLT02-L2,2026-10-23,S3,Changeover,0,1,45
PLT02,PLT02-L2,2026-10-24,S3,Material,0,1,55
PLT02,PLT02-L2,2026-10-24,S3,Operational,0,1,138
PLT02,PLT02-L2,2026-10-25,S2,Mechanical,0,1,118
PLT02,PLT02-L2,2026-10-26,S1,Operational,0,1,1
PLT02,PLT02-L2,2026-10-27,S2,Material,0,1,30
PLT02,PLT02-L2,2026-10-28,S2,Planned,0,1,103
PLT02,PLT02-L2,2026-10-28,S3,Planned,0,1,26
PLT02,PLT02-L2,2026-10-29,S3,Planned,0,1,77
PLT02,PLT02-L2,2026-11-05,S1,Material,0,1,17
PLT02,PLT02-L2,2026-11-06,S1,Quality,0,1,93
PLT02,PLT02-L2,2026-11-07,S1,Other,0,1,59
PLT02,PLT02-L2,2026-11-09,S1,Planned,0,1,73
PLT02,PLT02-L2,2026-11-09,S2,Planned,0,1,32
PLT02,PLT02-L2,2026-11-13,S1,Planned,0,1,80
PLT02,PLT02-L2,2026-11-13,S2,Planned,0,1,35
PLT02,PLT02-L2,2026-11-14,S1,Electrical,0,1,96
PLT02,PLT02-L2,2026-11-15,S2,Other,0,1,88
PLT02,PLT02-L3,2026-10-19,S1,Operational,0,1,127
PLT02,PLT02-L3,2026-10-22,S1,Mechanical,0,1,30
PLT02,PLT02-L3,2026-10-22,S1,Planned,0,1,18
PLT02,PLT02-L3,2026-10-22,S2,Mechanical,0,1,45
PLT02,PLT02-L3,2026-10-23,S3,Changeover,0,1,106
PLT02,PLT02-L3,2026-10-24,S3,Material,0,1,55
PLT02,PLT02-L3,2026-10-26,S1,Operational,0,1,1
PLT02,PLT02-L3,2026-10-27,S3,Planned,0,1,68
PLT02,PLT02-L3,2026-10-29,S3,Changeover,0,1,110
PLT02,PLT02-L3,2026-10-31,S2,Other,0,1,100
PLT02,PLT02-L3,2026-11-02,S3,Mechanical,0,1,138
PLT02,PLT02-L3,2026-11-04,S1,Changeover,0,1,95
PLT02,PLT02-L3,2026-11-05,S2,Mechanical,0,1,60
PLT02,PLT02-L3,2026-11-07,S3,Quality,0,1,36
PLT02,PLT02-L3,2026-11-08,S3,Mechanical,0,1,53
PLT02,PLT02-L3,2026-11-09,S2,Material,0,1,19
PLT02,PLT02-L3,2026-11-10,S2,Quality,0,1,40
PLT02,PLT02-L3,2026-11-11,S3,Mechanical,0,1,91
PLT02,PLT02-L3,2026-11-14,S2,Mechanical,0,1,111
PLT02,PLT02-L4,2026-10-20,S3,Material,0,1,48
PLT02,PLT02-L4,2026-10-22,S1,Mechanical,0,1,30
PLT02,PLT02-L4,2026-10-22,S1,Operational,0,1,123
PLT02,PLT02-L4,2026-10-22,S2,Mechanical,0,1,45
PLT02,PLT02-L4,2026-10-23,S1,Operational,0,1,123
PLT02,PLT02-L4,2026-10-24,S3,Material,0,1,55
PLT02,PLT02-L4,2026-10-25,S1,Other,0,1,35
PLT02,PLT02-L4,2026-10-26,S1,Operational,0,1,1
PLT02,PLT02-L4,2026-10-26,S3,Other,0,1,70
PLT02,PLT02-L4,2026-10-27,S3,Planned,0,1,89
PLT02,PLT02-L4,2026-10-30,S2,Mechanical,0,1,43
PLT02,PLT02-L4,2026-11-03,S3,Operational,0,1,24
PLT02,PLT02-L4,2026-11-06,S3,Mechanical,0,1,106
PLT02,PLT02-L4,2026-11-09,S1,Changeover,0,1,29
PLT02,PLT02-L4,2026-11-11,S3,Mechanical,0,1,116
PLT02,PLT02-L4,2026-11-12,S3,Material,0,1,120
PLT02,PLT02-L4,2026-11-13,S3,Planned,0,1,133
PLT02,PLT02-L4,2026-11-14,S3,Material,0,1,137
PLT02,PLT02-L4,2026-11-15,S2,Quality,0,1,72
PLT03,PLT03-L1,2026-10-19,S1,Operational,0,1,47
PLT03,PLT03-L1,2026-10-22,S1,Mechanical,0,1,30
PLT03,PLT03-L1,2026-10-22,S2,Mechanical,0,1,45
PLT03,PLT03-L1,2026-10-22,S3,Electrical,0,1,66
PLT03,PLT03-L1,2026-10-24,S1,Operational,0,1,31
PLT03,PLT03-L1,2026-10-24,S3,Material,0,1,55
PLT03,PLT03-L1,2026-10-25,S1,Mechanical,0,1,2
PLT03,PLT03-L1,2026-10-25,S2,Mechanical,0,1,48
PLT03,PLT03-L1,2026-10-26,S1,Operational,0,1,1
PLT03,PLT03-L1,2026-10-27,S3,Planned,0,1,28
PLT03,PLT03-L1,2026-10-28,S2,Material,0,1,113
PLT03,PLT03-L1,2026-10-31,S3,Mechanical,0,1,170
PLT03,PLT03-L1,2026-11-03,S2,Planned,0,1,23
PLT03,PLT03-L1,2026-11-04,S2,Planned,0,1,57
PLT03,PLT03-L1,2026-11-06,S3,Changeover,0,1,20
PLT03,PLT03-L1,2026-11-07,S1,Material,0,1,49
PLT03,PLT03-L1,2026-11-08,S2,Mechanical,0,1,50
PLT03,PLT03-L1,2026-11-09,S3,Quality,0,1,62
PLT03,PLT03-L1,2026-11-12,S3,Operational,0,1,123
PLT03,PLT03-L2,2026-10-19,S1,Quality,0,1,137
PLT03,PLT03-L2,2026-10-20,S2,Operational,0,1,23
PLT03,PLT03-L2,2026-10-22,S1,Mechanical,0,2,96
PLT03,PLT03-L2,2026-10-22,S2,Mechanical,0,2,103
PLT03,PLT03-L2,2026-10-24,S1,Planned,0,1,111
PLT03,PLT03-L2,2026-10-24,S2,Planned,0,1,28
PLT03,PLT03-L2,2026-10-24,S3,Material,0,1,55
PLT03,PLT03-L2,2026-10-26,S1,Mechanical,0,1,79
PLT03,PLT03-L2,2026-10-26,S1,Operational,0,1,1
PLT03,PLT03-L2,2026-10-28,S3,Mechanical,0,1,57
PLT03,PLT03-L2,2026-10-30,S1,Material,0,1,81
PLT03,PLT03-L2,2026-10-30,S2,Material,0,1,12
PLT03,PLT03-L2,2026-11-02,S1,Mechanical,0,1,130
PLT03,PLT03-L2,2026-11-03,S3,Material,0,1,127
PLT03,PLT03-L2,2026-11-04,S2,Planned,0,1,105
PLT03,PLT03-L2,2026-11-05,S2,Mechanical,0,1,34
PLT03,PLT03-L2,2026-11-05,S3,Mechanical,0,1,32
PLT03,PLT03-L2,2026-11-06,S1,Electrical,0,1,104
PLT03,PLT03-L3,2026-10-19,S2,Material,0,1,78
PLT03,PLT03-L3,2026-10-22,S1,Mechanical,0,2,103
PLT03,PLT03-L3,2026-10-22,S2,Mechanical,0,1,45
PLT03,PLT03-L3,2026-10-24,S3,Material,0,1,55
PLT03,PLT03-L3,2026-10-25,S2,Quality,0,1,75
PLT03,PLT03-L3,2026-10-25,S3,Quality,0,1,1
PLT03,PLT03-L3,2026-10-26,S1,Operational,0,1,1
PLT03,PLT03-L3,2026-10-29,S3,Changeover,0,1,35
PLT03,PLT03-L3,2026-10-30,S1,Quality,0,1,25
PLT03,PLT03-L3,2026-10-31,S2,Planned,0,1,116
PLT03,PLT03-L3,2026-11-01,S1,Mechanical,0,1,6
PLT03,PLT03-L3,2026-11-02,S2,Material,0,1,6
PLT03,PLT03-L3,2026-11-02,S3,Material,0,1,90
PLT03,PLT03-L3,2026-11-03,S2,Material,0,1,22
PLT03,PLT03-L3,2026-11-04,S1,Mechanical,0,1,124
PLT03,PLT03-L3,2026-11-10,S2,Changeover,0,1,97
PLT03,PLT03-L3,2026-11-11,S3,Quality,0,1,73
PLT03,PLT03-L3,2026-11-12,S1,Quality,0,1,22
PLT03,PLT03-L3,2026-11-13,S2,Planned,0,1,121
PLT03,PLT03-L4,2026-10-20,S3,Changeover,0,1,72
PLT03,PLT03-L4,2026-10-21,S2,Other,0,1,51
PLT03,PLT03-L4,2026-10-22,S1,Mechanical,0,1,30
PLT03,PLT03-L4,2026-10-22,S2,Mechanical,0,1,45
PLT03,PLT03-L4,2026-10-24,S3,Material,0,1,55
PLT03,PLT03-L4,2026-10-26,S1,Operational,0,1,1
PLT03,PLT03-L4,2026-10-27,S2,Electrical,0,1,131
PLT03,PLT03-L4,2026-10-29,S1,Material,0,1,101
PLT03,PLT03-L4,2026-10-31,S1,Planned,0,1,81
PLT03,PLT03-L4,2026-11-05,S3,Changeover,0,1,140
PLT03,PLT03-L4,2026-11-06,S3,Other,0,1,48
PLT03,PLT03-L4,2026-11-09,S2,Planned,0,1,77
PLT03,PLT03-L4,2026-11-10,S1,Electrical,0,1,33
PLT03,PLT03-L4,2026-11-13,S1,Planned,0,1,43
PLT03,PLT03-L4,2026-11-14,S1,Changeover,0,1,78
PLT03,PLT03-L4,2026-11-15,S1,Electrical,0,1,30
PLT03,PLT03-L4,2026-11-15,S2,Electrical,0,1,39
PLT04,PLT04-L1,2026-10-19,S1,Quality,0,1,14
PLT04,PLT04-L1,2026-10-22,S1,Mechanical,0,2,44
PLT04,PLT04-L1,2026-10-22,S2,Mechanical,0,2,112
PLT04,PLT04-L1,2026-10-23,S2,Mechanical,0,1,105
PLT04,PLT04-L1,2026-10-23,S3,Mechanical,0,1,20
PLT04,PLT04-L1,2026-10-24,S3,Material,0,1,55
PLT04,PLT04-L1,2026-10-25,S2,Operational,0,1,12
PLT04,PLT04-L1,2026-10-25,S3,Operational,0,1,105
PLT04,PLT04-L1,2026-10-26,S1,Operational,0,1,1
PLT04,PLT04-L1,2026-10-30,S2,Planned,0,1,48
PLT04,PLT04-L1,2026-10-31,S1,Planned,0,1,58
PLT04,PLT04-L1,2026-11-02,S1,Material,0,1,124
PLT04,PLT04-L1,2026-11-03,S3,Material,0,1,76
PLT04,PLT04-L1,2026-11-06,S3,Operational,0,1,64
PLT04,PLT04-L1,2026-11-08,S3,Material,0,1,105
PLT04,PLT04-L1,2026-11-13,S3,Operational,0,1,27
PLT04,PLT04-L1,2026-11-14,S2,Electrical,0,1,115
PLT04,PLT04-L2,2026-10-19,S3,Electrical,0,1,61
PLT04,PLT04-L2,2026-10-21,S2,Planned,0,1,64
PLT04,PLT04-L2,2026-10-21,S3,Planned,0,1,31
PLT04,PLT04-L2,2026-10-22,S1,Mechanical,0,1,30
PLT04,PLT04-L2,2026-10-22,S2,Mechanical,0,1,45
PLT04,PLT04-L2,2026-10-22,S3,Changeover,0,1,46
PLT04,PLT04-L2,2026-10-24,S3,Material,0,1,55
PLT04,PLT04-L2,2026-10-25,S3,Electrical,0,1,78
PLT04,PLT04-L2,2026-10-26,S1,Operational,0,1,1
PLT04,PLT04-L2,2026-10-27,S3,Planned,0,1,92
PLT04,PLT04-L2,2026-10-28,S1,Material,0,1,7
PLT04,PLT04-L2,2026-10-31,S2,Electrical,0,1,109
PLT04,PLT04-L2,2026-10-31,S2,Planned,1,1,60
PLT04,PLT04-L2,2026-10-31,S3,Electrical,0,1,26
PLT04,PLT04-L2,2026-11-02,S3,Electrical,0,1,62
PLT04,PLT04-L2,2026-11-04,S2,Material,0,1,95
PLT04,PLT04-L2,2026-11-06,S1,Mechanical,0,1,76
PLT04,PLT04-L2,2026-11-06,S2,Mechanical,0,1,52
PLT04,PLT04-L2,2026-11-08,S2,Electrical,0,1,9
PLT04,PLT04-L2,2026-11-08,S3,Electrical,0,1,128
PLT04,PLT04-L2,2026-11-10,S2,Changeover,0,1,134
PLT04,PLT04-L2,2026-11-11,S3,Mechanical,0,1,50
PLT04,PLT04-L2,2026-11-13,S1,Planned,0,1,104
PLT04,PLT04-L2,2026-11-15,S2,Planned,0,1,128
PLT04,PLT04-L3,2026-10-19,S2,Changeover,0,1,116
PLT04,PLT04-L3,2026-10-20,S1,Operational,0,1,67
PLT04,PLT04-L3,2026-10-22,S1,Mechanical,0,1,30
PLT04,PLT04-L3,2026-10-22,S2,Mechanical,0,1,45
PLT04,PLT04-L3,2026-10-24,S2,Quality,0,1,40
PLT04,PLT04-L3,2026-10-24,S3,Material,0,1,55
PLT04,PLT04-L3,2026-10-24,S3,Quality,0,1,20
PLT04,PLT04-L3,2026-10-26,S1,Operational,0,1,1
PLT04,PLT04-L3,2026-10-30,S2,Mechanical,0,1,124
PLT04,PLT04-L3,2026-10-31,S1,Operational,0,1,26
PLT04,PLT04-L3,2026-10-31,S2,Operational,0,1,28
PLT04,PLT04-L3,2026-11-02,S2,Changeover,0,1,25
PLT04,PLT04-L3,2026-11-03,S1,Material,0,1,116
PLT04,PLT04-L3,2026-11-06,S1,Other,0,1,86
PLT04,PLT04-L3,2026-11-07,S1,Planned,0,1,28
PLT04,PLT04-L3,2026-11-12,S1,Material,0,1,104
PLT04,PLT04-L3,2026-11-13,S3,Operational,0,1,82
PLT04,PLT04-L3,2026-11-14,S1,Quality,0,1,137
PLT04,PLT04-L4,2026-10-19,S1,Changeover,0,1,55
PLT04,PLT04-L4,2026-10-20,S1,Other,0,1,92
PLT04,PLT04-L4,2026-10-21,S1,Material,0,1,114
PLT04,PLT04-L4,2026-10-22,S1,Mechanical,0,1,30
PLT04,PLT04-L4,2026-10-22,S2,Mechanical,0,1,45
PLT04,PLT04-L4,2026-10-24,S3,Changeover,0,1,68
PLT04,PLT04-L4,2026-10-24,S3,Material,0,1,55
PLT04,PLT04-L4,2026-10-25,S1,Mechanical,0,1,109
PLT04,PLT04-L4,2026-10-26,S1,Operational,0,1,1
PLT04,PLT04-L4,2026-10-27,S1,Mechanical,0,1,67
PLT04,PLT04-L4,2026-10-28,S2,Other,0,1,15
PLT04,PLT04-L4,2026-10-29,S2,Operational,0,1,63
PLT04,PLT04-L4,2026-10-29,S3,Operational,0,1,1
PLT04,PLT04-L4,2026-10-30,S3,Planned,0,1,15
PLT04,PLT04-L4,2026-11-01,S2,Planned,0,1,54
PLT04,PLT04-L4,2026-11-02,S3,Planned,0,1,128
PLT04,PLT04-L4,2026-11-03,S3,Changeover,0,1,16
PLT04,PLT04-L4,2026-11-04,S2,Operational,0,1,86
PLT04,PLT04-L4,2026-11-06,S3,Planned,0,1,88
PLT04,PLT04-L4,2026-11-07,S2,Quality,0,1,116
PLT04,PLT04-L4,2026-11-10,S1,Material,0,1,98
PLT04,PLT04-L4,2026-11-11,S2,Mechanical,0,1,59
PLT04,PLT04-L4,2026-11-12,S3,Operational,0,1,99
PLT04,PLT04-L4,2026-11-13,S2,Operational,0,1,51
PLT05,PLT05-L1,2026-10-20,D,Material,0,1,59
PLT05,PLT05-L1,2026-10-22,D,Mechanical,0,1,75
PLT05,PLT05-L1,2026-10-24,N,Electrical,0,1,5
PLT05,PLT05-L1,2026-10-24,N,Material,0,1,55
PLT05,PLT05-L1,2026-10-26,D,Operational,0,1,1
PLT05,PLT05-L1,2026-10-27,D,Operational,0,1,8
PLT05,PLT05-L1,2026-10-28,N,Electrical,0,1,86
PLT05,PLT05-L1,2026-10-30,N,Other,0,1,86
PLT05,PLT05-L1,2026-11-02,N,Material,0,1,49
PLT05,PLT05-L1,2026-11-04,N,Mechanical,0,1,129
PLT05,PLT05-L1,2026-11-05,N,Operational,0,1,85
PLT05,PLT05-L1,2026-11-06,D,Electrical,0,1,14
PLT05,PLT05-L1,2026-11-08,N,Other,0,1,131
PLT05,PLT05-L1,2026-11-09,D,Material,0,1,71
PLT05,PLT05-L1,2026-11-10,N,Operational,0,1,30
PLT05,PLT05-L1,2026-11-12,D,Planned,0,1,20
PLT05,PLT05-L1,2026-11-14,N,Planned,0,1,95
PLT05,PLT05-L1,2026-11-15,D,Planned,0,1,10
PLT05,PLT05-L2,2026-10-19,D,Other,0,1,57
PLT05,PLT05-L2,2026-10-21,N,Material,0,1,30
PLT05,PLT05-L2,2026-10-22,D,Mechanical,0,1,75
PLT05,PLT05-L2,2026-10-24,N,Material,0,1,55
PLT05,PLT05-L2,2026-10-24,N,Quality,0,1,50
PLT05,PLT05-L2,2026-10-26,D,Operational,0,1,1
PLT05,PLT05-L2,2026-10-28,N,Planned,0,1,93
PLT05,PLT05-L2,2026-10-29,D,Mechanical,0,1,35
PLT05,PLT05-L2,2026-11-02,N,Planned,0,1,53
PLT05,PLT05-L2,2026-11-05,D,Changeover,0,1,124
PLT05,PLT05-L2,2026-11-06,D,Planned,0,1,45
PLT05,PLT05-L2,2026-11-06,N,Planned,0,1,13
PLT05,PLT05-L2,2026-11-08,D,Operational,0,1,76
PLT05,PLT05-L2,2026-11-10,D,Planned,0,1,37
PLT05,PLT05-L2,2026-11-10,N,Planned,0,1,69
PLT05,PLT05-L2,2026-11-13,N,Planned,0,1,55
PLT05,PLT05-L3,2026-10-20,N,Mechanical,0,1,17
PLT05,PLT05-L3,2026-10-21,D,Planned,0,1,117
PLT05,PLT05-L3,2026-10-22,D,Mechanical,0,1,75
PLT05,PLT05-L3,2026-10-24,N,Material,0,1,55
PLT05,PLT05-L3,2026-10-24,N,Mechanical,0,1,98
PLT05,PLT05-L3,2026-10-26,D,Operational,0,1,1
PLT05,PLT05-L3,2026-10-26,D,Planned,0,1,84
PLT05,PLT05-L3,2026-10-27,D,Material,0,1,38
PLT05,PLT05-L3,2026-10-28,N,Mechanical,0,1,5
PLT05,PLT05-L3,2026-10-30,D,Planned,0,1,58
PLT05,PLT05-L3,2026-10-31,D,Mechanical,0,1,99
PLT05,PLT05-L3,2026-11-01,N,Mechanical,0,1,39
PLT05,PLT05-L3,2026-11-04,D,Changeover,0,1,53
PLT05,PLT05-L3,2026-11-05,N,Planned,0,1,108
PLT05,PLT05-L3,2026-11-07,N,Mechanical,0,1,101
PLT05,PLT05-L3,2026-11-10,D,Operational,0,1,16
PLT05,PLT05-L3,2026-11-11,N,Mechanical,0,1,67
PLT05,PLT05-L3,2026-11-12,N,Material,0,1,10
PLT05,PLT05-L3,2026-11-15,D,Electrical,0,1,535
PLT05,PLT05-L3,2026-11-15,D,Mechanical,0,1,109
PLT05,PLT05-L3,2026-11-15,N,Electrical,0,1,180
PLT05,PLT05-L4,2026-10-20,D,Material,0,1,34
PLT05,PLT05-L4,2026-10-20,N,Material,0,1,24
PLT05,PLT05-L4,2026-10-22,D,Mechanical,0,1,75
PLT05,PLT05-L4,2026-10-22,N,Planned,0,1,56
PLT05,PLT05-L4,2026-10-24,D,Changeover,0,1,24
PLT05,PLT05-L4,2026-10-24,N,Material,0,1,55
PLT05,PLT05-L4,2026-10-25,N,Planned,0,1,96
PLT05,PLT05-L4,2026-10-26,D,Operational,0,1,1
PLT05,PLT05-L4,2026-10-26,D,Planned,0,1,5
PLT05,PLT05-L4,2026-10-26,N,Material,0,1,97
PLT05,PLT05-L4,2026-10-28,N,Mechanical,0,1,29
PLT05,PLT05-L4,2026-10-31,N,Quality,0,1,105
PLT05,PLT05-L4,2026-11-02,D,Mechanical,0,1,32
PLT05,PLT05-L4,2026-11-04,D,Operational,0,1,5
PLT05,PLT05-L4,2026-11-04,N,Operational,0,1,50
PLT05,PLT05-L4,2026-11-06,N,Other,0,1,62
PLT05,PLT05-L4,2026-11-08,D,Planned,0,1,71
PLT05,PLT05-L4,2026-11-09,D,Changeover,0,1,37
PLT05,PLT05-L4,2026-11-09,N,Changeover,0,1,100
PLT05,PLT05-L4,2026-11-12,D,Other,0,1,108
PLT05,PLT05-L4,2026-11-13,D,Operational,0,1,98
PLT05,PLT05-L4,2026-11-14,D,Mechanical,0,1,86
PLT06,PLT06-L1,2026-10-19,N,Quality,0,1,124
PLT06,PLT06-L1,2026-10-22,D,Material,0,1,28
PLT06,PLT06-L1,2026-10-22,D,Mechanical,0,1,75
PLT06,PLT06-L1,2026-10-24,D,Mechanical,0,1,137
PLT06,PLT06-L1,2026-10-24,N,Material,0,1,55
PLT06,PLT06-L1,2026-10-24,N,Mechanical,0,1,120
PLT06,PLT06-L1,2026-10-25,D,Changeover,0,1,29
PLT06,PLT06-L1,2026-10-26,D,Operational,0,2,56
PLT06,PLT06-L1,2026-10-28,D,Planned,0,1,61
PLT06,PLT06-L1,2026-10-29,D,Planned,0,1,12
PLT06,PLT06-L1,2026-10-29,N,Planned,0,1,80
PLT06,PLT06-L1,2026-11-01,D,Material,0,1,28
PLT06,PLT06-L1,2026-11-02,D,Other,0,1,58
PLT06,PLT06-L1,2026-11-03,N,Material,0,1,91
PLT06,PLT06-L1,2026-11-04,D,Planned,0,1,10
PLT06,PLT06-L1,2026-11-06,D,Operational,0,1,39
PLT06,PLT06-L1,2026-11-07,N,Other,0,1,71
PLT06,PLT06-L1,2026-11-08,D,Mechanical,0,1,76
PLT06,PLT06-L1,2026-11-11,N,Mechanical,0,1,83
PLT06,PLT06-L2,2026-10-19,N,Changeover,0,1,7
PLT06,PLT06-L2,2026-10-20,D,Mechanical,0,1,63
PLT06,PLT06-L2,2026-10-22,D,Mechanical,0,1,75
PLT06,PLT06-L2,2026-10-24,D,Operational,0,1,58
PLT06,PLT06-L2,2026-10-24,N,Material,0,1,55
PLT06,PLT06-L2,2026-10-24,N,Operational,0,1,74
PLT06,PLT06-L2,2026-10-25,N,Electrical,0,1,72
PLT06,PLT06-L2,2026-10-26,D,Operational,0,1,1
PLT06,PLT06-L2,2026-10-27,D,Quality,0,1,132
PLT06,PLT06-L2,2026-10-28,N,Electrical,0,1,88
PLT06,PLT06-L2,2026-10-29,D,Changeover,0,1,102
PLT06,PLT06-L2,2026-10-31,N,Electrical,0,1,33
PLT06,PLT06-L2,2026-11-03,D,Electrical,0,1,43
PLT06,PLT06-L2,2026-11-04,D,Mechanical,0,1,72
PLT06,PLT06-L2,2026-11-06,N,Changeover,0,1,7
PLT06,PLT06-L2,2026-11-07,N,Mechanical,0,1,108
PLT06,PLT06-L2,2026-11-10,D,Planned,0,1,32
PLT06,PLT06-L2,2026-11-12,N,Other,0,1,101
PLT06,PLT06-L3,2026-10-20,N,Changeover,0,1,137
PLT06,PLT06-L3,2026-10-21,D,Operational,0,1,60
PLT06,PLT06-L3,2026-10-22,D,Mechanical,0,1,75
PLT06,PLT06-L3,2026-10-24,N,Material,0,1,55
PLT06,PLT06-L3,2026-10-25,N,Other,0,1,116
PLT06,PLT06-L3,2026-10-26,D,Operational,0,1,1
PLT06,PLT06-L3,2026-10-26,D,Planned,0,1,78
PLT06,PLT06-L3,2026-10-28,D,Other,0,1,7
PLT06,PLT06-L3,2026-10-30,N,Quality,0,1,135
PLT06,PLT06-L3,2026-10-31,N,Operational,0,1,71
PLT06,PLT06-L3,2026-11-03,N,Quality,0,1,8
PLT06,PLT06-L3,2026-11-05,N,Material,0,1,74
PLT06,PLT06-L3,2026-11-06,D,Changeover,0,1,133
PLT06,PLT06-L3,2026-11-07,D,Changeover,0,1,30
PLT06,PLT06-L3,2026-11-09,N,Mechanical,0,1,95
PLT06,PLT06-L3,2026-11-10,D,Mechanical,0,1,9
PLT06,PLT06-L3,2026-11-10,N,Material,0,1,87
PLT06,PLT06-L3,2026-11-11,D,Mechanical,0,1,34
PLT06,PLT06-L3,2026-11-12,N,Quality,0,1,7
PLT06,PLT06-L3,2026-11-15,D,Mechanical,0,1,105
PLT06,PLT06-L4,2026-10-20,N,Operational,0,1,19
PLT06,PLT06-L4,2026-10-21,D,Planned,0,1,88
PLT06,PLT06-L4,2026-10-22,D,Mechanical,0,1,75
PLT06,PLT06-L4,2026-10-22,N,Electrical,0,1,18
PLT06,PLT06-L4,2026-10-23,D,Planned,0,1,42
PLT06,PLT06-L4,2026-10-24,N,Material,0,1,55
PLT06,PLT06-L4,2026-10-26,D,Operational,0,1,1
PLT06,PLT06-L4,2026-10-28,N,Planned,0,1,74
PLT06,PLT06-L4,2026-10-29,D,Mechanical,0,1,110
PLT06,PLT06-L4,2026-10-31,D,Quality,0,1,112
PLT06,PLT06-L4,2026-11-02,D,Mechanical,0,1,25
PLT06,PLT06-L4,2026-11-03,D,Planned,0,1,53
PLT06,PLT06-L4,2026-11-04,D,Mechanical,0,1,71
PLT06,PLT06-L4,2026-11-05,N,Other,0,1,70
PLT06,PLT06-L4,2026-11-06,N,Planned,0,1,134
PLT06,PLT06-L4,2026-11-11,D,Changeover,0,1,31
PLT06,PLT06-L4,2026-11-12,D,Electrical,0,1,23
PLT06,PLT06-L4,2026-11-13,D,Quality,0,1,124
PLT06,PLT06-L4,2026-11-14,N,Operational,0,1,51
