plant_id,line_id,iso_year,iso_week,good_units,scrap_units,scrap_pct
PLT01,PLT01-L1,2025,43,1720804,1609,0.09
PLT01,PLT01-L1,2025,44,1749032,1021,0.06
PLT01,PLT01-L1,2025,45,1746990,1738,0.10
PLT01,PLT01-L1,2025,46,1754126,1587,0.09
PLT01,PLT01-L2,2025,43,2006863,1389,0.07
PLT01,PLT01-L2,2025,44,1969651,789,0.04
PLT01,PLT01-L2,2025,45,1989757,1645,0.08
PLT01,PLT01-L2,2025,46,1996131,1438,0.07
PLT01,PLT01-L3,2025,43,1680735,1131,0.07
PLT01,PLT01-L3,2025,44,1683372,1472,0.09
PLT01,PLT01-L3,2025,45,1657591,1968,0.12
PLT01,PLT01-L3,2025,46,1637808,1030,0.06
PLT01,PLT01-L4,2025,43,1657947,2353,0.14
PLT01,PLT01-L4,2025,44,1640356,940,0.06
PLT01,PLT01-L4,2025,45,1653608,1886,0.11
PLT01,PLT01-L4,2025,46,1661887,810,0.05
PLT02,PLT02-L1,2025,43,2025124,1525,0.08
PLT02,PLT02-L1,2025,44,1979667,973,0.05
PLT02,PLT02-L1,2025,45,2008926,1734,0.09
PLT02,PLT02-L1,2025,46,2013990,1665,0.08
PLT02,PLT02-L2,2025,43,1570483,1159,0.07
PLT02,PLT02-L2,2025,44,1568068,1154,0.07
PLT02,PLT02-L2,2025,45,1567037,1448,0.09
PLT02,PLT02-L2,2025,46,1590405,1604,0.10
PLT02,PLT02-L3,2025,43,2413825,1424,0.06
PLT02,PLT02-L3,2025,44,2536213,1234,0.05
PLT02,PLT02-L3,2025,45,2499766,1112,0.04
PLT02,PLT02-L3,2025,46,2451181,583,0.02
PLT02,PLT02-L4,2025,43,1658167,2217,0.13
PLT02,PLT02-L4,2025,44,1684904,1306,0.08
PLT02,PLT02-L4,2025,45,1651324,1415,0.09
PLT02,PLT02-L4,2025,46,1657722,1225,0.07
PLT03,PLT03-L1,2025,43,1600033,1746,0.11
PLT03,PLT03-L1,2025,44,1590303,1599,0.10
PLT03,PLT03-L1,2025,45,1557981,1622,0.10
PLT03,PLT03-L1,2025,46,1570686,2245,0.14
PLT03,PLT03-L2,2025,43,2132780,1959,0.09
PLT03,PLT03-L2,2025,44,2184039,1621,0.07
PLT03,PLT03-L2,2025,45,2157034,1091,0.05
PLT03,PLT03-L2,2025,46,2147881,856,0.04
PLT03,PLT03-L3,2025,43,2165003,1723,0.08
PLT03,PLT03-L3,2025,44,2165018,1377,0.06
PLT03,PLT03-L3,2025,45,2131113,799,0.04
PLT03,PLT03-L3,2025,46,2140303,882,0.04
PLT03,PLT03-L4,2025,43,1475099,2112,0.14
PLT03,PLT03-L4,2025,44,1489826,2037,0.14
PLT03,PLT03-L4,2025,45,1487082,1207,0.08
PLT03,PLT03-L4,2025,46,1490969,1002,0.07
PLT04,PLT04-L1,2025,43,1481849,1662,0.11
PLT04,PLT04-L1,2025,44,1485563,2045,0.14
PLT04,PLT04-L1,2025,45,1456115,1087,0.07
PLT04,PLT04-L1,2025,46,1478162,1287,0.09
PLT04,PLT04-L2,2025,43,1587773,1724,0.11
PLT04,PLT04-L2,2025,44,1577834,1485,0.09
PLT04,PLT04-L2,2025,45,1566687,3024,0.19
PLT04,PLT04-L2,2025,46,1596487,1269,0.08
PLT04,PLT04-L3,2025,43,1582562,1574,0.10
PLT04,PLT04-L3,2025,44,1565290,1573,0.10
PLT04,PLT04-L3,2025,45,1561748,1058,0.07
PLT04,PLT04-L3,2025,46,1576379,1140,0.07
PLT04,PLT04-L4,2025,43,2134465,1877,0.09
PLT04,PLT04-L4,2025,44,2150753,735,0.03
PLT04,PLT04-L4,2025,45,2121768,722,0.03
PLT04,PLT04-L4,2025,46,2129343,1134,0.05
PLT05,PLT05-L1,2025,43,1213098,1673,0.14
PLT05,PLT05-L1,2025,44,1251202,1329,0.11
PLT05,PLT05-L1,2025,45,1252789,1583,0.13
PLT05,PLT05-L1,2025,46,1262093,1098,0.09
PLT05,PLT05-L2,2025,43,2166329,1565,0.07
PLT05,PLT05-L2,2025,44,2157186,1309,0.06
PLT05,PLT05-L2,2025,45,2164897,1465,0.07
PLT05,PLT05-L2,2025,46,2152179,1231,0.06
PLT05,PLT05-L3,2025,43,2183724,967,0.04
PLT05,PLT05-L3,2025,44,2145348,1314,0.06
PLT05,PLT05-L3,2025,45,2179452,1516,0.07
PLT05,PLT05-L3,2025,46,2162938,1697,0.08
PLT05,PLT05-L4,2025,43,1633781,1492,0.09
PLT05,PLT05-L4,2025,44,1661478,1004,0.06
PLT05,PLT05-L4,2025,45,1662299,1445,0.09
PLT05,PLT05-L4,2025,46,1667985,1134,0.07
PLT06,PLT06-L1,2025,43,1507276,1603,0.11
PLT06,PLT06-L1,2025,44,1492070,1026,0.07
PLT06,PLT06-L1,2025,45,1499148,1781,0.12
PLT06,PLT06-L1,2025,46,1479042,1178,0.08
PLT06,PLT06-L2,2025,43,1221800,1214,0.10
PLT06,PLT06-L2,2025,44,1257331,1327,0.11
PLT06,PLT06-L2,2025,45,1257419,1367,0.11
PLT06,PLT06-L2,2025,46,1245387,1775,0.14
PLT06,PLT06-L3,2025,43,2176437,2131,0.10
PLT06,PLT06-L3,2025,44,2156501,2116,0.10
PLT06,PLT06-L3,2025,45,2141024,2027,0.09
PLT06,PLT06-L3,2025,46,2199927,1178,0.05
PLT06,PLT06-L4,2025,43,1228171,2435,0.20
PLT06,PLT06-L4,2025,44,1251560,758,0.06
PLT06,PLT06-L4,2025,45,1068811,1213,0.11
PLT06,PLT06-L4,2025,46,1239906,1547,0.12
