calendar_date,iso_week,day_of_week,day_name
2025-10-20,43,1,Monday
2025-10-21,43,2,Tuesday
2025-10-22,43,3,Wednesday
2025-10-23,43,4,Thursday
2025-10-24,43,5,Friday
2025-10-25,43,6,Saturday
2025-10-26,43,7,Sunday
2025-10-27,44,1,Monday
2025-10-28,44,2,Tuesday
2025-10-29,44,3,Wednesday
2025-10-30,44,4,Thursday
2025-10-31,44,5,Friday
2025-11-01,44,6,Saturday
2025-11-02,44,7,Sunday
2025-11-03,45,1,Monday
2025-11-04,45,2,Tuesday
2025-11-05,45,3,Wednesday
2025-11-06,45,4,Thursday
2025-11-07,45,5,Friday
2025-11-08,45,6,Saturday
2025-11-09,45,7,Sunday
2025-11-10,46,1,Monday
2025-11-11,46,2,Tuesday
2025-11-12,46,3,Wednesday
2025-11-13,46,4,Thursday
2025-11-14,46,5,Friday
2025-11-15,46,6,Saturday
2025-11-16,46,7,Sunday
