order_id,material_code,std_qty_per_unit
ORD-300001,ADH-HT-077,0.752
ORD-300001,PULP-RCYC-004,1.617
ORD-300001,PULP-SOFT-009,0.756
ORD-300002,CART-CRG-15,1.082
ORD-300002,POLY-BACK-11,4.839
ORD-300002,ADH-HT-077,3.046
ORD-300003,ADH-HT-077,2.359
ORD-300003,PULP-SOFT-009,4.646
ORD-300003,POLY-BACK-11,4.432
ORD-300004,PULP-SOFT-009,4.762
ORD-300004,INK-FLX-003,3.184
ORD-300004,CART-CRG-15,1.032
ORD-300005,SAP-GRAN-022,2.516
ORD-300005,POLY-BACK-11,1.499
ORD-300005,INK-FLX-003,2.205
ORD-300006,PULP-RCYC-004,1.567
ORD-300006,PULP-KRAFT-001,2.867
ORD-300006,PULP-SOFT-009,4.849
ORD-300007,ADH-HT-077,3.278
ORD-300007,PULP-KRAFT-001,2.402
ORD-300007,CART-CRG-15,4.118
ORD-300008,ADH-HT-077,1.47
ORD-300008,POLY-BACK-11,2.212
ORD-300008,CART-CRG-15,1.271
ORD-300009,INK-FLX-003,4.376
ORD-300009,POLY-BACK-11,4.234
ORD-300009,CART-CRG-15,2.765
ORD-300010,POLY-BACK-11,1.064
ORD-300010,CART-CRG-15,4.985
ORD-300010,INK-FLX-003,4.844
ORD-300011,CART-CRG-15,3.527
ORD-300011,PULP-SOFT-009,4.244
ORD-300011,INK-FLX-003,3.537
ORD-300012,ADH-HT-077,1.753
ORD-300012,PULP-SOFT-009,1.427
ORD-300012,PULP-RCYC-004,4.649
ORD-300013,ADH-HT-077,3.8
ORD-300013,PULP-SOFT-009,4.252
ORD-300013,SAP-GRAN-022,3.474
ORD-300014,PULP-KRAFT-001,0.839
ORD-300014,INK-FLX-003,1.857
ORD-300014,PULP-SOFT-009,0.547
ORD-300015,PULP-SOFT-009,2.732
ORD-300015,PULP-RCYC-004,4.018
ORD-300015,ADH-HT-077,2.65
ORD-300016,PULP-SOFT-009,0.864
ORD-300016,PULP-RCYC-004,2.647
ORD-300016,ADH-HT-077,3.058
ORD-300017,POLY-BACK-11,1.299
ORD-300017,CART-CRG-15,4.054
ORD-300017,INK-FLX-003,4.938
ORD-300018,POLY-BACK-11,2.935
ORD-300018,INK-FLX-003,1.631
ORD-300018,ADH-HT-077,0.582
ORD-300019,PULP-SOFT-009,2.728
ORD-300019,CART-CRG-15,3.007
ORD-300019,PULP-KRAFT-001,3.22
ORD-300020,PULP-KRAFT-001,3.889
ORD-300020,POLY-BACK-11,4.767
ORD-300020,PULP-SOFT-009,2.649
ORD-300021,PULP-RCYC-004,4.558
ORD-300021,CART-CRG-15,3.439
ORD-300021,INK-FLX-003,3.701
ORD-300022,ADH-HT-077,2.644
ORD-300022,PULP-KRAFT-001,4.604
ORD-300022,PULP-RCYC-004,1.609
ORD-300023,PULP-SOFT-009,2.091
ORD-300023,PULP-KRAFT-001,1.26
ORD-300023,CART-CRG-15,1.375
ORD-300024,SAP-GRAN-022,4.556
ORD-300024,PULP-SOFT-009,0.579
ORD-300024,INK-FLX-003,1.175
ORD-300025,SAP-GRAN-022,3.103
ORD-300025,POLY-BACK-11,3.504
ORD-300025,ADH-HT-077,3.497
ORD-300026,POLY-BACK-11,2.324
ORD-300026,PULP-SOFT-009,0.661
ORD-300026,ADH-HT-077,4.85
ORD-300027,PULP-SOFT-009,1.291
ORD-300027,CART-CRG-15,1.678
ORD-300027,ADH-HT-077,4.367
ORD-300028,SAP-GRAN-022,1.336
ORD-300028,PULP-KRAFT-001,0.536
ORD-300028,PULP-RCYC-004,3.016
ORD-300029,POLY-BACK-11,4.052
ORD-300029,ADH-HT-077,2.875
ORD-300029,CART-CRG-15,3.765
ORD-300030,ADH-HT-077,0.517
ORD-300030,PULP-KRAFT-001,2.914
ORD-300030,POLY-BACK-11,4.994
ORD-300031,CART-CRG-15,0.775
ORD-300031,PULP-RCYC-004,2.766
ORD-300031,POLY-BACK-11,4.765
ORD-300032,POLY-BACK-11,0.79
ORD-300032,ADH-HT-077,2.094
ORD-300032,PULP-SOFT-009,4.686
ORD-300033,PULP-SOFT-009,4.78
ORD-300033,INK-FLX-003,4.779
ORD-300033,ADH-HT-077,3.463
ORD-300034,PULP-KRAFT-001,2.63
ORD-300034,PULP-SOFT-009,0.576
ORD-300034,PULP-RCYC-004,2.65
ORD-300035,PULP-KRAFT-001,1.136
ORD-300035,INK-FLX-003,1.851
ORD-300035,PULP-SOFT-009,1.174
ORD-300036,ADH-HT-077,2.727
ORD-300036,PULP-RCYC-004,4.708
ORD-300036,CART-CRG-15,0.658
ORD-300037,ADH-HT-077,4.386
ORD-300037,SAP-GRAN-022,0.519
ORD-300037,INK-FLX-003,1.033
ORD-300038,SAP-GRAN-022,0.532
ORD-300038,POLY-BACK-11,4.33
ORD-300038,CART-CRG-15,3.423
ORD-300039,INK-FLX-003,3.509
ORD-300039,SAP-GRAN-022,0.64
ORD-300039,PULP-KRAFT-001,3.013
ORD-300040,PULP-KRAFT-001,1.855
ORD-300040,SAP-GRAN-022,2.337
ORD-300040,CART-CRG-15,2.267
ORD-300041,INK-FLX-003,2.514
ORD-300041,POLY-BACK-11,4.462
ORD-300041,SAP-GRAN-022,1.197
ORD-300042,PULP-KRAFT-001,1.375
ORD-300042,POLY-BACK-11,2.181
ORD-300042,INK-FLX-003,0.674
ORD-300043,ADH-HT-077,1.547
ORD-300043,PULP-RCYC-004,4.194
ORD-300043,CART-CRG-15,2.041
ORD-300044,POLY-BACK-11,2.946
ORD-300044,SAP-GRAN-022,3.43
ORD-300044,PULP-RCYC-004,2.341
ORD-300045,PULP-RCYC-004,1.415
ORD-300045,SAP-GRAN-022,3.188
ORD-300045,ADH-HT-077,2.382
ORD-300046,PULP-RCYC-004,1.127
ORD-300046,POLY-BACK-11,3.882
ORD-300046,SAP-GRAN-022,1.74
ORD-300047,PULP-KRAFT-001,1.214
ORD-300047,ADH-HT-077,1.618
ORD-300047,PULP-SOFT-009,2.039
ORD-300048,ADH-HT-077,3.153
ORD-300048,POLY-BACK-11,2.477
ORD-300048,CART-CRG-15,4.654
ORD-300049,SAP-GRAN-022,4.564
ORD-300049,PULP-SOFT-009,2.762
ORD-300049,POLY-BACK-11,3.312
ORD-300050,PULP-RCYC-004,1.598
ORD-300050,PULP-SOFT-009,1.33
ORD-300050,POLY-BACK-11,4.237
ORD-300051,CART-CRG-15,1.944
ORD-300051,PULP-SOFT-009,4.232
ORD-300051,PULP-KRAFT-001,1.732
ORD-300052,INK-FLX-003,4.454
ORD-300052,PULP-KRAFT-001,3.034
ORD-300052,PULP-RCYC-004,1.865
ORD-300053,PULP-RCYC-004,2.137
ORD-300053,PULP-KRAFT-001,3.072
ORD-300053,PULP-SOFT-009,2.49
ORD-300054,INK-FLX-003,1.734
ORD-300054,PULP-RCYC-004,2.476
ORD-300054,ADH-HT-077,2.299
ORD-300055,INK-FLX-003,0.773
ORD-300055,SAP-GRAN-022,3.691
ORD-300055,PULP-KRAFT-001,3.07
ORD-300056,SAP-GRAN-022,2.514
ORD-300056,POLY-BACK-11,3.648
ORD-300056,PULP-SOFT-009,3.844
ORD-300057,ADH-HT-077,4.546
ORD-300057,SAP-GRAN-022,1.612
ORD-300057,PULP-RCYC-004,0.587
ORD-300058,PULP-KRAFT-001,4.175
ORD-300058,SAP-GRAN-022,4.902
ORD-300058,CART-CRG-15,2.503
ORD-300059,SAP-GRAN-022,1.627
ORD-300059,ADH-HT-077,3.115
ORD-300059,POLY-BACK-11,1.719
ORD-300060,PULP-KRAFT-001,3.696
ORD-300060,INK-FLX-003,1.391
ORD-300060,ADH-HT-077,4.689
ORD-300061,POLY-BACK-11,4.601
ORD-300061,PULP-KRAFT-001,1.764
ORD-300061,PULP-SOFT-009,2.333
ORD-300062,CART-CRG-15,2.867
ORD-300062,PULP-SOFT-009,2.745
ORD-300062,ADH-HT-077,0.879
ORD-300063,PULP-RCYC-004,0.715
ORD-300063,CART-CRG-15,3.158
ORD-300063,POLY-BACK-11,1.627
ORD-300064,ADH-HT-077,1.469
ORD-300064,PULP-RCYC-004,2.245
ORD-300064,PULP-KRAFT-001,3.823
ORD-300065,CART-CRG-15,0.855
ORD-300065,INK-FLX-003,0.842
ORD-300065,SAP-GRAN-022,2.983
ORD-300066,CART-CRG-15,3.803
ORD-300066,SAP-GRAN-022,3.375
ORD-300066,PULP-RCYC-004,2.745
ORD-300067,PULP-RCYC-004,2.456
ORD-300067,SAP-GRAN-022,3.349
ORD-300067,ADH-HT-077,3.085
ORD-300068,SAP-GRAN-022,2.613
ORD-300068,ADH-HT-077,2.842
ORD-300068,PULP-KRAFT-001,1.996
ORD-300069,PULP-RCYC-004,0.533
ORD-300069,PULP-SOFT-009,3.063
ORD-300069,ADH-HT-077,1.069
ORD-300070,CART-CRG-15,1.525
ORD-300070,ADH-HT-077,0.584
ORD-300070,POLY-BACK-11,3.807
ORD-300071,PULP-SOFT-009,2.617
ORD-300071,PULP-KRAFT-001,1.267
ORD-300071,PULP-RCYC-004,3.707
ORD-300072,PULP-SOFT-009,1.071
ORD-300072,PULP-KRAFT-001,3.117
ORD-300072,SAP-GRAN-022,1.204
ORD-300073,CART-CRG-15,0.894
ORD-300073,POLY-BACK-11,2.433
ORD-300073,SAP-GRAN-022,3.131
ORD-300074,CART-CRG-15,2.872
ORD-300074,PULP-KRAFT-001,1.265
ORD-300074,PULP-SOFT-009,4.408
ORD-300075,ADH-HT-077,1.039
ORD-300075,INK-FLX-003,3.109
ORD-300075,PULP-KRAFT-001,1.002
ORD-300076,INK-FLX-003,4.695
ORD-300076,PULP-SOFT-009,2.294
ORD-300076,PULP-KRAFT-001,2.695
ORD-300077,PULP-SOFT-009,4.394
ORD-300077,INK-FLX-003,4.02
ORD-300077,ADH-HT-077,1.821
ORD-300078,ADH-HT-077,4.614
ORD-300078,INK-FLX-003,2.585
ORD-300078,CART-CRG-15,2.986
ORD-300079,SAP-GRAN-022,4.259
ORD-300079,PULP-SOFT-009,1.586
ORD-300079,PULP-RCYC-004,4.151
ORD-300080,SAP-GRAN-022,2.756
ORD-300080,POLY-BACK-11,2.807
ORD-300080,INK-FLX-003,2.013
ORD-300081,POLY-BACK-11,0.604
ORD-300081,PULP-KRAFT-001,4.363
ORD-300081,SAP-GRAN-022,4.95
ORD-300082,PULP-SOFT-009,2.074
ORD-300082,INK-FLX-003,4.159
ORD-300082,POLY-BACK-11,4.849
ORD-300083,CART-CRG-15,1.826
ORD-300083,ADH-HT-077,2.788
ORD-300083,SAP-GRAN-022,3.786
ORD-300084,POLY-BACK-11,3.825
ORD-300084,PULP-KRAFT-001,1.595
ORD-300084,CART-CRG-15,1.169
ORD-300085,PULP-RCYC-004,2.607
ORD-300085,CART-CRG-15,1.217
ORD-300085,INK-FLX-003,2.301
ORD-300086,CART-CRG-15,0.892
ORD-300086,PULP-SOFT-009,0.681
ORD-300086,ADH-HT-077,4.741
ORD-300087,SAP-GRAN-022,3.97
ORD-300087,POLY-BACK-11,2.868
ORD-300087,ADH-HT-077,4.236
ORD-300088,SAP-GRAN-022,2.114
ORD-300088,CART-CRG-15,3.864
ORD-300088,INK-FLX-003,4.832
ORD-300089,CART-CRG-15,3.215
ORD-300089,PULP-KRAFT-001,1.987
ORD-300089,ADH-HT-077,1.512
ORD-300090,CART-CRG-15,2.748
ORD-300090,SAP-GRAN-022,3.604
ORD-300090,PULP-KRAFT-001,2.607
ORD-300091,INK-FLX-003,4.561
ORD-300091,PULP-KRAFT-001,1.717
ORD-300091,PULP-SOFT-009,1.816
ORD-300092,PULP-KRAFT-001,1.986
ORD-300092,PULP-SOFT-009,2.3
ORD-300092,ADH-HT-077,2.513
ORD-300093,SAP-GRAN-022,1.124
ORD-300093,PULP-KRAFT-001,3.583
ORD-300093,PULP-SOFT-009,3.911
ORD-300094,PULP-SOFT-009,1.909
ORD-300094,PULP-RCYC-004,1.62
ORD-300094,ADH-HT-077,1.572
ORD-300095,POLY-BACK-11,3.795
ORD-300095,SAP-GRAN-022,0.584
ORD-300095,ADH-HT-077,2.105
ORD-300096,PULP-KRAFT-001,0.788
ORD-300096,CART-CRG-15,0.615
ORD-300096,PULP-RCYC-004,1.448
ORD-300097,PULP-SOFT-009,1.708
ORD-300097,INK-FLX-003,2.263
ORD-300097,PULP-RCYC-004,0.903
ORD-300098,SAP-GRAN-022,3.445
ORD-300098,ADH-HT-077,4.585
ORD-300098,PULP-SOFT-009,4.924
ORD-300099,PULP-RCYC-004,1.23
ORD-300099,INK-FLX-003,0.837
ORD-300099,CART-CRG-15,4.606
ORD-300100,POLY-BACK-11,1.87
ORD-300100,PULP-SOFT-009,0.856
ORD-300100,CART-CRG-15,3.308
ORD-300101,INK-FLX-003,4.496
ORD-300101,PULP-KRAFT-001,3.042
ORD-300101,SAP-GRAN-022,1.611
ORD-300102,PULP-SOFT-009,3.831
ORD-300102,ADH-HT-077,1.223
ORD-300102,PULP-KRAFT-001,1.027
ORD-300103,CART-CRG-15,3.656
ORD-300103,PULP-KRAFT-001,0.525
ORD-300103,ADH-HT-077,2.712
ORD-300104,POLY-BACK-11,3.519
ORD-300104,SAP-GRAN-022,1.409
ORD-300104,PULP-SOFT-009,4.589
ORD-300105,PULP-KRAFT-001,3.406
ORD-300105,INK-FLX-003,3.849
ORD-300105,ADH-HT-077,2.24
ORD-300106,CART-CRG-15,2.158
ORD-300106,ADH-HT-077,3.427
ORD-300106,POLY-BACK-11,3.771
ORD-300107,PULP-RCYC-004,0.696
ORD-300107,ADH-HT-077,2.498
ORD-300107,PULP-KRAFT-001,2.515
ORD-300108,PULP-RCYC-004,2.655
ORD-300108,PULP-KRAFT-001,4.903
ORD-300108,SAP-GRAN-022,1.252
ORD-300109,CART-CRG-15,3.693
ORD-300109,PULP-SOFT-009,4.021
ORD-300109,POLY-BACK-11,0.973
ORD-300110,ADH-HT-077,0.708
ORD-300110,CART-CRG-15,1.15
ORD-300110,SAP-GRAN-022,3.205
ORD-300111,PULP-KRAFT-001,2.203
ORD-300111,PULP-RCYC-004,3.534
ORD-300111,SAP-GRAN-022,1.184
ORD-300112,ADH-HT-077,3.277
ORD-300112,SAP-GRAN-022,1.936
ORD-300112,CART-CRG-15,3.411
ORD-300113,POLY-BACK-11,3.307
ORD-300113,ADH-HT-077,3.666
ORD-300113,CART-CRG-15,4.564
ORD-300114,POLY-BACK-11,1.352
ORD-300114,PULP-SOFT-009,2.212
ORD-300114,PULP-KRAFT-001,4.23
ORD-300115,INK-FLX-003,3.805
ORD-300115,PULP-SOFT-009,2.247
ORD-300115,PULP-RCYC-004,4.793
ORD-300116,POLY-BACK-11,1.473
ORD-300116,INK-FLX-003,2.458
ORD-300116,PULP-KRAFT-001,2.649
ORD-300117,SAP-GRAN-022,2.562
ORD-300117,PULP-SOFT-009,3.353
ORD-300117,PULP-KRAFT-001,2.671
ORD-300118,ADH-HT-077,3.69
ORD-300118,INK-FLX-003,2.129
ORD-300118,POLY-BACK-11,1.441
ORD-300119,INK-FLX-003,2.034
ORD-300119,POLY-BACK-11,4.405
ORD-300119,PULP-RCYC-004,0.731
ORD-300120,INK-FLX-003,2.105
ORD-300120,POLY-BACK-11,4.688
ORD-300120,PULP-SOFT-009,4.641
ORD-300121,INK-FLX-003,3.43
ORD-300121,POLY-BACK-11,4.278
ORD-300121,PULP-KRAFT-001,4.441
ORD-300122,CART-CRG-15,4.473
ORD-300122,PULP-SOFT-009,2.725
ORD-300122,POLY-BACK-11,3.481
ORD-300123,INK-FLX-003,0.665
ORD-300123,PULP-RCYC-004,4.579
ORD-300123,SAP-GRAN-022,3.336
ORD-300124,PULP-KRAFT-001,3.319
ORD-300124,INK-FLX-003,1.974
ORD-300124,SAP-GRAN-022,3.442
ORD-300125,SAP-GRAN-022,2.487
ORD-300125,PULP-RCYC-004,3.104
ORD-300125,PULP-KRAFT-001,3.182
ORD-300126,POLY-BACK-11,0.545
ORD-300126,CART-CRG-15,1.07
ORD-300126,ADH-HT-077,3.822
ORD-300127,INK-FLX-003,4.556
ORD-300127,PULP-SOFT-009,2.163
ORD-300127,POLY-BACK-11,4.963
ORD-300128,CART-CRG-15,4.424
ORD-300128,PULP-SOFT-009,2.431
ORD-300128,ADH-HT-077,1.071
ORD-300129,POLY-BACK-11,0.747
ORD-300129,ADH-HT-077,2.425
ORD-300129,PULP-SOFT-009,3.517
ORD-300130,PULP-KRAFT-001,3.585
ORD-300130,ADH-HT-077,1.09
ORD-300130,POLY-BACK-11,2.895
ORD-300131,ADH-HT-077,4.812
ORD-300131,INK-FLX-003,3.484
ORD-300131,SAP-GRAN-022,1.128
ORD-300132,CART-CRG-15,0.666
ORD-300132,POLY-BACK-11,2.679
ORD-300132,PULP-KRAFT-001,0.783
ORD-300133,CART-CRG-15,4.556
ORD-300133,ADH-HT-077,1.052
ORD-300133,PULP-KRAFT-001,4.435
ORD-300134,PULP-RCYC-004,2.518
ORD-300134,PULP-KRAFT-001,1.127
ORD-300134,SAP-GRAN-022,2.173
ORD-300135,INK-FLX-003,4.381
ORD-300135,CART-CRG-15,3.304
ORD-300135,PULP-RCYC-004,1.252
ORD-300136,INK-FLX-003,4.061
ORD-300136,CART-CRG-15,3.129
ORD-300136,PULP-SOFT-009,4.971
ORD-300137,POLY-BACK-11,4.986
ORD-300137,INK-FLX-003,2.825
ORD-300137,PULP-SOFT-009,1.344
ORD-300138,PULP-KRAFT-001,3.538
ORD-300138,INK-FLX-003,3.555
ORD-300138,PULP-SOFT-009,3.804
ORD-300139,ADH-HT-077,1.003
ORD-300139,PULP-KRAFT-001,4.334
ORD-300139,CART-CRG-15,2.167
ORD-300140,SAP-GRAN-022,3.552
ORD-300140,CART-CRG-15,2.748
ORD-300140,INK-FLX-003,2.259
ORD-300141,INK-FLX-003,1.372
ORD-300141,SAP-GRAN-022,4.176
ORD-300141,PULP-RCYC-004,1.038
ORD-300142,ADH-HT-077,3.495
ORD-300142,CART-CRG-15,1.449
ORD-300142,PULP-KRAFT-001,0.821
ORD-300143,INK-FLX-003,4.027
ORD-300143,PULP-RCYC-004,0.879
ORD-300143,CART-CRG-15,1.696
ORD-300144,INK-FLX-003,1.315
ORD-300144,PULP-SOFT-009,0.719
ORD-300144,CART-CRG-15,4.118
ORD-300145,PULP-RCYC-004,4.657
ORD-300145,SAP-GRAN-022,2.752
ORD-300145,INK-FLX-003,3.75
ORD-300146,INK-FLX-003,4.396
ORD-300146,PULP-KRAFT-001,0.633
ORD-300146,PULP-RCYC-004,2.175
ORD-300147,POLY-BACK-11,4.331
ORD-300147,PULP-SOFT-009,0.916
ORD-300147,SAP-GRAN-022,1.701
ORD-300148,ADH-HT-077,3.895
ORD-300148,PULP-KRAFT-001,0.961
ORD-300148,CART-CRG-15,0.65
ORD-300149,PULP-RCYC-004,4.215
ORD-300149,PULP-SOFT-009,4.011
ORD-300149,ADH-HT-077,2.214
ORD-300150,CART-CRG-15,2.114
ORD-300150,INK-FLX-003,1.74
ORD-300150,POLY-BACK-11,3.218
ORD-300151,ADH-HT-077,3.213
ORD-300151,SAP-GRAN-022,4.839
ORD-300151,INK-FLX-003,0.712
ORD-300152,SAP-GRAN-022,0.768
ORD-300152,PULP-SOFT-009,4.84
ORD-300152,POLY-BACK-11,0.607
ORD-300153,PULP-RCYC-004,3.507
ORD-300153,SAP-GRAN-022,4.046
ORD-300153,ADH-HT-077,1.71
ORD-300154,PULP-RCYC-004,3.097
ORD-300154,INK-FLX-003,1.535
ORD-300154,CART-CRG-15,4.932
ORD-300155,POLY-BACK-11,2.833
ORD-300155,SAP-GRAN-022,1.224
ORD-300155,PULP-SOFT-009,2.977
ORD-300156,PULP-RCYC-004,0.535
ORD-300156,SAP-GRAN-022,2.344
ORD-300156,CART-CRG-15,1.286
ORD-300157,PULP-SOFT-009,1.845
ORD-300157,POLY-BACK-11,3.608
ORD-300157,PULP-RCYC-004,3.71
ORD-300158,POLY-BACK-11,4.699
ORD-300158,CART-CRG-15,2.111
ORD-300158,SAP-GRAN-022,2.359
ORD-300159,SAP-GRAN-022,3.495
ORD-300159,CART-CRG-15,4.72
ORD-300159,PULP-SOFT-009,4.43
ORD-300160,CART-CRG-15,2.66
ORD-300160,PULP-RCYC-004,3.208
ORD-300160,PULP-SOFT-009,1.34
ORD-300161,INK-FLX-003,1.515
ORD-300161,CART-CRG-15,0.734
ORD-300161,PULP-RCYC-004,4.769
ORD-300162,ADH-HT-077,2.944
ORD-300162,PULP-SOFT-009,1.353
ORD-300162,POLY-BACK-11,1.614
ORD-300163,SAP-GRAN-022,2.774
ORD-300163,CART-CRG-15,0.674
ORD-300163,PULP-SOFT-009,2.592
ORD-300164,POLY-BACK-11,3.698
ORD-300164,PULP-RCYC-004,0.645
ORD-300164,ADH-HT-077,2.246
ORD-300165,CART-CRG-15,1.079
ORD-300165,PULP-KRAFT-001,2.843
ORD-300165,POLY-BACK-11,4.104
ORD-300166,PULP-SOFT-009,3.634
ORD-300166,INK-FLX-003,2.353
ORD-300166,PULP-RCYC-004,1.295
ORD-300167,INK-FLX-003,1.14
ORD-300167,PULP-SOFT-009,0.934
ORD-300167,SAP-GRAN-022,3.867
ORD-300168,PULP-KRAFT-001,3.072
ORD-300168,SAP-GRAN-022,3.986
ORD-300168,CART-CRG-15,3.615
ORD-300169,PULP-SOFT-009,2.415
ORD-300169,PULP-RCYC-004,4.529
ORD-300169,ADH-HT-077,3.771
ORD-300170,CART-CRG-15,4.072
ORD-300170,POLY-BACK-11,4.815
ORD-300170,ADH-HT-077,2.138
ORD-300171,PULP-SOFT-009,2.219
ORD-300171,INK-FLX-003,3.298
ORD-300171,PULP-KRAFT-001,1.241
ORD-300172,CART-CRG-15,1.225
ORD-300172,PULP-RCYC-004,0.672
ORD-300172,PULP-SOFT-009,4.841
ORD-300173,CART-CRG-15,1.635
ORD-300173,POLY-BACK-11,1.836
ORD-300173,SAP-GRAN-022,1.016
ORD-300174,SAP-GRAN-022,2.106
ORD-300174,POLY-BACK-11,3.77
ORD-300174,INK-FLX-003,4.425
ORD-300175,POLY-BACK-11,3.66
ORD-300175,PULP-KRAFT-001,0.631
ORD-300175,INK-FLX-003,1.593
ORD-300176,PULP-KRAFT-001,2.21
ORD-300176,PULP-RCYC-004,3.487
ORD-300176,PULP-SOFT-009,1.969
ORD-300177,POLY-BACK-11,3.823
ORD-300177,PULP-RCYC-004,2.557
ORD-300177,INK-FLX-003,4.332
ORD-300178,SAP-GRAN-022,1.87
ORD-300178,PULP-KRAFT-001,3.299
ORD-300178,PULP-SOFT-009,3.197
ORD-300179,SAP-GRAN-022,3.205
ORD-300179,CART-CRG-15,1.235
ORD-300179,INK-FLX-003,4.049
ORD-300180,SAP-GRAN-022,4.229
ORD-300180,PULP-RCYC-004,2.376
ORD-300180,PULP-KRAFT-001,4.485
ORD-300181,SAP-GRAN-022,1.593
ORD-300181,PULP-KRAFT-001,4.922
ORD-300181,ADH-HT-077,1.081
ORD-300182,PULP-SOFT-009,4.164
ORD-300182,CART-CRG-15,1.498
ORD-300182,ADH-HT-077,1.452
ORD-300183,CART-CRG-15,1.027
ORD-300183,POLY-BACK-11,0.665
ORD-300183,PULP-RCYC-004,3.591
ORD-300184,POLY-BACK-11,4.072
ORD-300184,INK-FLX-003,3.521
ORD-300184,ADH-HT-077,2.272
ORD-300185,CART-CRG-15,1.576
ORD-300185,INK-FLX-003,1.437
ORD-300185,ADH-HT-077,0.971
ORD-300186,PULP-SOFT-009,3.47
ORD-300186,POLY-BACK-11,3.35
ORD-300186,PULP-KRAFT-001,4.321
ORD-300187,POLY-BACK-11,1.994
ORD-300187,INK-FLX-003,4.573
ORD-300187,SAP-GRAN-022,3.695
ORD-300188,PULP-SOFT-009,4.68
ORD-300188,ADH-HT-077,0.985
ORD-300188,SAP-GRAN-022,2.72
ORD-300189,PULP-RCYC-004,3.532
ORD-300189,SAP-GRAN-022,3.371
ORD-300189,CART-CRG-15,1.584
ORD-300190,POLY-BACK-11,2.798
ORD-300190,ADH-HT-077,1.262
ORD-300190,PULP-KRAFT-001,0.768
ORD-300191,CART-CRG-15,2.959
ORD-300191,POLY-BACK-11,4.668
ORD-300191,INK-FLX-003,0.965
ORD-300192,POLY-BACK-11,2.803
ORD-300192,SAP-GRAN-022,3.461
ORD-300192,PULP-KRAFT-001,2.014
ORD-300193,INK-FLX-003,4.179
ORD-300193,CART-CRG-15,2.249
ORD-300193,PULP-SOFT-009,3.576
ORD-300194,PULP-RCYC-004,3.835
ORD-300194,SAP-GRAN-022,4.962
ORD-300194,PULP-KRAFT-001,1.141
ORD-300195,PULP-RCYC-004,2.288
ORD-300195,SAP-GRAN-022,0.97
ORD-300195,PULP-KRAFT-001,4.23
ORD-300196,SAP-GRAN-022,2.732
ORD-300196,INK-FLX-003,1.755
ORD-300196,PULP-RCYC-004,3.295
ORD-300197,INK-FLX-003,4.622
ORD-300197,POLY-BACK-11,4.547
ORD-300197,PULP-RCYC-004,4.752
ORD-300198,SAP-GRAN-022,2.336
ORD-300198,PULP-SOFT-009,1.612
ORD-300198,CART-CRG-15,3.092
ORD-300199,INK-FLX-003,4.711
ORD-300199,CART-CRG-15,0.655
ORD-300199,PULP-RCYC-004,4.078
ORD-300200,INK-FLX-003,4.988
ORD-300200,PULP-RCYC-004,1.94
ORD-300200,ADH-HT-077,2.173
ORD-300201,PULP-SOFT-009,0.871
ORD-300201,INK-FLX-003,0.954
ORD-300201,CART-CRG-15,2.902
ORD-300202,CART-CRG-15,2.016
ORD-300202,SAP-GRAN-022,4.565
ORD-300202,ADH-HT-077,1.494
ORD-300203,POLY-BACK-11,4.968
ORD-300203,INK-FLX-003,4.686
ORD-300203,CART-CRG-15,4.2
ORD-300204,CART-CRG-15,2.865
ORD-300204,INK-FLX-003,1.468
ORD-300204,ADH-HT-077,1.88
ORD-300205,INK-FLX-003,2.373
ORD-300205,CART-CRG-15,0.755
ORD-300205,ADH-HT-077,2.411
ORD-300206,POLY-BACK-11,4.889
ORD-300206,PULP-RCYC-004,4.209
ORD-300206,PULP-KRAFT-001,1.969
ORD-300207,POLY-BACK-11,3.822
ORD-300207,ADH-HT-077,4.787
ORD-300207,PULP-KRAFT-001,1.553
ORD-300208,PULP-SOFT-009,0.65
ORD-300208,SAP-GRAN-022,1.161
ORD-300208,ADH-HT-077,1.045
ORD-300209,INK-FLX-003,1.135
ORD-300209,SAP-GRAN-022,4.912
ORD-300209,ADH-HT-077,2.409
ORD-300210,INK-FLX-003,2.02
ORD-300210,SAP-GRAN-022,1.982
ORD-300210,POLY-BACK-11,1.577
ORD-300211,PULP-RCYC-004,1.488
ORD-300211,PULP-KRAFT-001,3.131
ORD-300211,POLY-BACK-11,2.967
ORD-300212,PULP-KRAFT-001,4.751
ORD-300212,ADH-HT-077,4.303
ORD-300212,PULP-SOFT-009,4.878
ORD-300213,ADH-HT-077,4.746
ORD-300213,SAP-GRAN-022,3.433
ORD-300213,PULP-SOFT-009,3.54
ORD-300214,INK-FLX-003,0.745
ORD-300214,CART-CRG-15,4.489
ORD-300214,ADH-HT-077,1.22
ORD-300215,POLY-BACK-11,1.075
ORD-300215,INK-FLX-003,2.141
ORD-300215,SAP-GRAN-022,1.042
ORD-300216,INK-FLX-003,2.94
ORD-300216,CART-CRG-15,4.772
ORD-300216,SAP-GRAN-022,4.991
ORD-300217,PULP-SOFT-009,1.078
ORD-300217,CART-CRG-15,1.318
ORD-300217,SAP-GRAN-022,3.717
ORD-300218,SAP-GRAN-022,3.767
ORD-300218,POLY-BACK-11,4.144
ORD-300218,ADH-HT-077,0.936
ORD-300219,POLY-BACK-11,2.222
ORD-300219,ADH-HT-077,3.261
ORD-300219,INK-FLX-003,1.862
ORD-300220,PULP-RCYC-004,1.634
ORD-300220,ADH-HT-077,0.525
ORD-300220,CART-CRG-15,3.453
ORD-300221,PULP-RCYC-004,4.835
ORD-300221,SAP-GRAN-022,1.066
ORD-300221,PULP-SOFT-009,4.782
ORD-300222,PULP-SOFT-009,1.465
ORD-300222,ADH-HT-077,3.679
ORD-300222,PULP-KRAFT-001,1.215
ORD-300223,INK-FLX-003,3.019
ORD-300223,POLY-BACK-11,1.271
ORD-300223,PULP-KRAFT-001,1.349
ORD-300224,POLY-BACK-11,3.436
ORD-300224,ADH-HT-077,1.266
ORD-300224,PULP-KRAFT-001,3.603
ORD-300225,ADH-HT-077,4.864
ORD-300225,PULP-RCYC-004,4.003
ORD-300225,POLY-BACK-11,4.325
ORD-300226,INK-FLX-003,4.668
ORD-300226,PULP-RCYC-004,4.791
ORD-300226,PULP-KRAFT-001,3.893
ORD-300227,ADH-HT-077,3.0
ORD-300227,PULP-SOFT-009,1.49
ORD-300227,INK-FLX-003,1.432
ORD-300228,ADH-HT-077,2.334
ORD-300228,CART-CRG-15,2.586
ORD-300228,POLY-BACK-11,1.569
ORD-300229,INK-FLX-003,2.451
ORD-300229,PULP-SOFT-009,2.868
ORD-300229,PULP-RCYC-004,3.286
ORD-300230,CART-CRG-15,2.8
ORD-300230,PULP-SOFT-009,2.232
ORD-300230,PULP-RCYC-004,3.989
ORD-300231,SAP-GRAN-022,4.257
ORD-300231,CART-CRG-15,0.591
ORD-300231,ADH-HT-077,4.219
ORD-300232,PULP-KRAFT-001,4.654
ORD-300232,POLY-BACK-11,1.759
ORD-300232,PULP-RCYC-004,2.371
ORD-300233,PULP-KRAFT-001,3.936
ORD-300233,PULP-RCYC-004,2.837
ORD-300233,POLY-BACK-11,2.19
ORD-300234,PULP-RCYC-004,4.435
ORD-300234,ADH-HT-077,3.581
ORD-300234,INK-FLX-003,1.198
ORD-300235,POLY-BACK-11,4.158
ORD-300235,PULP-KRAFT-001,2.647
ORD-300235,INK-FLX-003,3.415
ORD-300236,SAP-GRAN-022,4.707
ORD-300236,PULP-RCYC-004,0.838
ORD-300236,ADH-HT-077,0.895
ORD-300237,ADH-HT-077,3.571
ORD-300237,PULP-KRAFT-001,0.749
ORD-300237,SAP-GRAN-022,2.957
ORD-300238,PULP-SOFT-009,4.362
ORD-300238,POLY-BACK-11,3.542
ORD-300238,PULP-RCYC-004,4.543
ORD-300239,CART-CRG-15,0.812
ORD-300239,PULP-KRAFT-001,3.293
ORD-300239,POLY-BACK-11,3.828
ORD-300240,CART-CRG-15,4.05
ORD-300240,INK-FLX-003,3.739
ORD-300240,PULP-RCYC-004,1.549
ORD-300241,INK-FLX-003,2.093
ORD-300241,PULP-SOFT-009,4.527
ORD-300241,ADH-HT-077,4.554
ORD-300242,PULP-RCYC-004,1.14
ORD-300242,POLY-BACK-11,2.291
ORD-300242,INK-FLX-003,2.439
ORD-300243,SAP-GRAN-022,3.585
ORD-300243,CART-CRG-15,1.733
ORD-300243,PULP-KRAFT-001,3.577
ORD-300244,INK-FLX-003,2.834
ORD-300244,PULP-RCYC-004,2.195
ORD-300244,PULP-SOFT-009,3.057
ORD-300245,POLY-BACK-11,0.87
ORD-300245,PULP-RCYC-004,1.144
ORD-300245,ADH-HT-077,3.691
ORD-300246,PULP-SOFT-009,1.471
ORD-300246,ADH-HT-077,3.354
ORD-300246,CART-CRG-15,4.087
ORD-300247,SAP-GRAN-022,3.1
ORD-300247,ADH-HT-077,2.595
ORD-300247,PULP-KRAFT-001,3.479
ORD-300248,POLY-BACK-11,2.847
ORD-300248,CART-CRG-15,4.473
ORD-300248,SAP-GRAN-022,0.952
ORD-300249,POLY-BACK-11,3.853
ORD-300249,PULP-SOFT-009,0.519
ORD-300249,ADH-HT-077,4.179
ORD-300250,PULP-SOFT-009,4.327
ORD-300250,SAP-GRAN-022,1.657
ORD-300250,POLY-BACK-11,2.307
ORD-300251,PULP-SOFT-009,3.958
ORD-300251,SAP-GRAN-022,3.142
ORD-300251,POLY-BACK-11,4.134
ORD-300252,POLY-BACK-11,4.547
ORD-300252,PULP-KRAFT-001,4.17
ORD-300252,CART-CRG-15,1.789
ORD-300253,PULP-RCYC-004,0.528
ORD-300253,ADH-HT-077,2.518
ORD-300253,PULP-SOFT-009,3.843
ORD-300254,INK-FLX-003,0.938
ORD-300254,SAP-GRAN-022,0.62
ORD-300254,PULP-KRAFT-001,1.336
ORD-300255,POLY-BACK-11,1.69
ORD-300255,INK-FLX-003,3.53
ORD-300255,CART-CRG-15,3.712
