line_id,plant_id,line_name
PLT01-L1,PLT01,Line 1
PLT01-L2,PLT01,Line 2
PLT01-L3,PLT01,Line 3
PLT01-L4,PLT01,Line 4
PLT02-L1,PLT02,Line 1
PLT02-L2,PLT02,Line 2
PLT02-L3,PLT02,Line 3
PLT02-L4,PLT02,Line 4
PLT03-L1,PLT03,Line 1
PLT03-L2,PLT03,Line 2
PLT03-L3,PLT03,Line 3
PLT03-L4,PLT03,Line 4
PLT04-L1,PLT04,Line 1
PLT04-L2,PLT04,Line 2
PLT04-L3,PLT04,Line 3
PLT04-L4,PLT04,Line 4
PLT05-L1,PLT05,Line 1
PLT05-L2,PLT05,Line 2
PLT05-L3,PLT05,Line 3
PLT05-L4,PLT05,Line 4
PLT06-L1,PLT06,Line 1
PLT06-L2,PLT06,Line 2
PLT06-L3,PLT06,Line 3
PLT06-L4,PLT06,Line 4
