event_id,lot_id,status,status_ts_utc
600001,LOT-PLT01-L1-20261019,ON_HOLD,2026-10-19 17:00:00
600002,LOT-PLT01-L1-20261019,RELEASED,2026-10-19 19:00:00
600003,LOT-PLT01-L1-20261023,ON_HOLD,2026-10-23 23:00:00
600004,LOT-PLT01-L1-20261023,RELEASED,2026-10-24 07:00:00
600005,LOT-PLT01-L1-20261027,ON_HOLD,2026-10-27 15:00:00
600006,LOT-PLT01-L1-20261027,RELEASED,2026-10-27 21:00:00
600007,LOT-PLT01-L1-20261031,ON_HOLD,2026-10-31 19:00:00
600008,LOT-PLT01-L1-20261031,RELEASED,2026-11-01 03:00:00
600009,LOT-PLT01-L1-20261104,ON_HOLD,2026-11-04 22:00:00
600010,LOT-PLT01-L1-20261104,RELEASED,2026-11-05 00:00:00
600011,LOT-PLT01-L1-20261108,ON_HOLD,2026-11-09 00:00:00
600012,LOT-PLT01-L1-20261108,RELEASED,2026-11-09 02:00:00
600013,LOT-PLT01-L1-20261112,ON_HOLD,2026-11-12 23:00:00
600014,LOT-PLT01-L1-20261112,RELEASED,2026-11-13 07:00:00
600015,LOT-PLT01-L1-20261020-T,ON_HOLD,2026-10-20 16:30:00
600016,LOT-PLT01-L1-20261020-T,RELEASED,2026-10-20 16:30:00
600017,LOT-PLT01-L1-20261029-T,ON_HOLD,2026-10-29 16:30:00
600018,LOT-PLT01-L1-20261029-T,RELEASED,2026-10-29 16:30:00
600019,LOT-PLT01-L1-20261107-T,ON_HOLD,2026-11-07 17:30:00
600020,LOT-PLT01-L1-20261107-T,RELEASED,2026-11-07 17:30:00
600021,LOT-PLT01-L2-20261019,ON_HOLD,2026-10-19 23:00:00
600022,LOT-PLT01-L2-20261019,RELEASED,2026-10-20 05:00:00
600023,LOT-PLT01-L2-20261023,ON_HOLD,2026-10-23 19:00:00
600024,LOT-PLT01-L2-20261023,RELEASED,2026-10-23 23:00:00
600025,LOT-PLT01-L2-20261027,ON_HOLD,2026-10-27 22:00:00
600026,LOT-PLT01-L2-20261027,RELEASED,2026-10-28 00:00:00
600027,LOT-PLT01-L2-20261031,ON_HOLD,2026-10-31 16:00:00
600028,LOT-PLT01-L2-20261031,RELEASED,2026-10-31 21:00:00
600029,LOT-PLT01-L2-20261104,ON_HOLD,2026-11-04 20:00:00
600030,LOT-PLT01-L2-20261104,RELEASED,2026-11-05 04:00:00
600031,LOT-PLT01-L2-20261108,ON_HOLD,2026-11-08 16:00:00
600032,LOT-PLT01-L2-20261108,RELEASED,2026-11-09 00:00:00
600033,LOT-PLT01-L2-20261112,ON_HOLD,2026-11-12 16:00:00
600034,LOT-PLT01-L2-20261112,RELEASED,2026-11-12 23:00:00
600035,LOT-PLT01-L2-20261020-T,ON_HOLD,2026-10-20 16:30:00
600036,LOT-PLT01-L2-20261020-T,RELEASED,2026-10-20 16:30:00
600037,LOT-PLT01-L2-20261029-T,ON_HOLD,2026-10-29 16:30:00
600038,LOT-PLT01-L2-20261029-T,RELEASED,2026-10-29 16:30:00
600039,LOT-PLT01-L2-20261107-T,ON_HOLD,2026-11-07 17:30:00
600040,LOT-PLT01-L2-20261107-T,RELEASED,2026-11-07 17:30:00
600041,LOT-PLT01-L3-20261019,ON_HOLD,2026-10-19 20:00:00
600042,LOT-PLT01-L3-20261019,RELEASED,2026-10-19 23:00:00
600043,LOT-PLT01-L3-20261023,ON_HOLD,2026-10-23 19:00:00
600044,LOT-PLT01-L3-20261023,RELEASED,2026-10-24 00:00:00
600045,LOT-PLT01-L3-20261027,ON_HOLD,2026-10-27 21:00:00
600046,LOT-PLT01-L3-20261027,RELEASED,2026-10-28 02:00:00
600047,LOT-PLT01-L3-20261031,ON_HOLD,2026-10-31 21:00:00
600048,LOT-PLT01-L3-20261031,RELEASED,2026-10-31 23:00:00
600049,LOT-PLT01-L3-20261104,ON_HOLD,2026-11-04 22:00:00
600050,LOT-PLT01-L3-20261104,RELEASED,2026-11-05 03:00:00
600051,LOT-PLT01-L3-20261108,ON_HOLD,2026-11-08 17:00:00
600052,LOT-PLT01-L3-20261112,ON_HOLD,2026-11-12 22:00:00
600053,LOT-PLT01-L3-20261112,RELEASED,2026-11-13 00:00:00
600054,LOT-PLT01-L3-20261020-T,ON_HOLD,2026-10-20 16:30:00
600055,LOT-PLT01-L3-20261020-T,RELEASED,2026-10-20 16:30:00
600056,LOT-PLT01-L3-20261029-T,ON_HOLD,2026-10-29 16:30:00
600057,LOT-PLT01-L3-20261029-T,RELEASED,2026-10-29 16:30:00
600058,LOT-PLT01-L3-20261107-T,ON_HOLD,2026-11-07 17:30:00
600059,LOT-PLT01-L3-20261107-T,RELEASED,2026-11-07 17:30:00
600060,LOT-PLT01-L4-20261019,ON_HOLD,2026-10-19 23:00:00
600061,LOT-PLT01-L4-20261019,RELEASED,2026-10-20 07:00:00
600062,LOT-PLT01-L4-20261023,ON_HOLD,2026-10-23 23:00:00
600063,LOT-PLT01-L4-20261023,RELEASED,2026-10-24 01:00:00
600064,LOT-PLT01-L4-20261027,ON_HOLD,2026-10-27 23:00:00
600065,LOT-PLT01-L4-20261027,RELEASED,2026-10-28 06:00:00
600066,LOT-PLT01-L4-20261031,ON_HOLD,2026-10-31 23:00:00
600067,LOT-PLT01-L4-20261031,RELEASED,2026-11-01 05:00:00
600068,LOT-PLT01-L4-20261104,ON_HOLD,2026-11-04 18:00:00
600069,LOT-PLT01-L4-20261104,RELEASED,2026-11-05 00:00:00
600070,LOT-PLT01-L4-20261108,ON_HOLD,2026-11-08 20:00:00
600071,LOT-PLT01-L4-20261108,RELEASED,2026-11-09 05:00:00
600072,LOT-PLT01-L4-20261112,ON_HOLD,2026-11-13 00:00:00
600073,LOT-PLT01-L4-20261112,RELEASED,2026-11-13 08:00:00
600074,LOT-PLT01-L4-20261020-T,ON_HOLD,2026-10-20 16:30:00
600075,LOT-PLT01-L4-20261020-T,RELEASED,2026-10-20 16:30:00
600076,LOT-PLT01-L4-20261029-T,ON_HOLD,2026-10-29 16:30:00
600077,LOT-PLT01-L4-20261029-T,RELEASED,2026-10-29 16:30:00
600078,LOT-PLT01-L4-20261107-T,ON_HOLD,2026-11-07 17:30:00
600079,LOT-PLT01-L4-20261107-T,RELEASED,2026-11-07 17:30:00
600080,LOT-PLT02-L1-20261019,ON_HOLD,2026-10-19 17:00:00
600081,LOT-PLT02-L1-20261023,ON_HOLD,2026-10-23 19:00:00
600082,LOT-PLT02-L1-20261023,RELEASED,2026-10-24 04:00:00
600083,LOT-PLT02-L1-20261027,ON_HOLD,2026-10-27 18:00:00
600084,LOT-PLT02-L1-20261027,RELEASED,2026-10-27 20:00:00
600085,LOT-PLT02-L1-20261031,ON_HOLD,2026-10-31 22:00:00
600086,LOT-PLT02-L1-20261031,RELEASED,2026-11-01 05:00:00
600087,LOT-PLT02-L1-20261104,ON_HOLD,2026-11-04 18:00:00
600088,LOT-PLT02-L1-20261104,RELEASED,2026-11-04 23:00:00
600089,LOT-PLT02-L1-20261108,ON_HOLD,2026-11-08 19:00:00
600090,LOT-PLT02-L1-20261108,RELEASED,2026-11-09 03:00:00
600091,LOT-PLT02-L1-20261112,ON_HOLD,2026-11-12 18:00:00
600092,LOT-PLT02-L1-20261112,RELEASED,2026-11-13 01:00:00
600093,LOT-PLT02-L1-20261020-T,ON_HOLD,2026-10-20 15:30:00
600094,LOT-PLT02-L1-20261020-T,RELEASED,2026-10-20 15:30:00
600095,LOT-PLT02-L1-20261029-T,ON_HOLD,2026-10-29 15:30:00
600096,LOT-PLT02-L1-20261029-T,RELEASED,2026-10-29 15:30:00
600097,LOT-PLT02-L1-20261107-T,ON_HOLD,2026-11-07 16:30:00
600098,LOT-PLT02-L1-20261107-T,RELEASED,2026-11-07 16:30:00
600099,LOT-PLT02-L2-20261019,ON_HOLD,2026-10-19 14:00:00
600100,LOT-PLT02-L2-20261019,RELEASED,2026-10-19 21:00:00
600101,LOT-PLT02-L2-20261023,ON_HOLD,2026-10-23 18:00:00
600102,LOT-PLT02-L2-20261027,ON_HOLD,2026-10-27 19:00:00
600103,LOT-PLT02-L2-20261027,RELEASED,2026-10-28 04:00:00
600104,LOT-PLT02-L2-20261031,ON_HOLD,2026-10-31 16:00:00
600105,LOT-PLT02-L2-20261031,RELEASED,2026-10-31 20:00:00
600106,LOT-PLT02-L2-20261104,ON_HOLD,2026-11-04 20:00:00
600107,LOT-PLT02-L2-20261104,RELEASED,2026-11-05 02:00:00
600108,LOT-PLT02-L2-20261108,ON_HOLD,2026-11-08 17:00:00
600109,LOT-PLT02-L2-20261108,RELEASED,2026-11-08 19:00:00
600110,LOT-PLT02-L2-20261112,ON_HOLD,2026-11-12 15:00:00
600111,LOT-PLT02-L2-20261112,RELEASED,2026-11-12 22:00:00
600112,LOT-PLT02-L2-20261020-T,ON_HOLD,2026-10-20 15:30:00
600113,LOT-PLT02-L2-20261020-T,RELEASED,2026-10-20 15:30:00
600114,LOT-PLT02-L2-20261029-T,ON_HOLD,2026-10-29 15:30:00
600115,LOT-PLT02-L2-20261029-T,RELEASED,2026-10-29 15:30:00
600116,LOT-PLT02-L2-20261107-T,ON_HOLD,2026-11-07 16:30:00
600117,LOT-PLT02-L2-20261107-T,RELEASED,2026-11-07 16:30:00
600118,LOT-PLT02-L3-20261019,ON_HOLD,2026-10-19 18:00:00
600119,LOT-PLT02-L3-20261019,RELEASED,2026-10-20 00:00:00
600120,LOT-PLT02-L3-20261023,ON_HOLD,2026-10-23 15:00:00
600121,LOT-PLT02-L3-20261027,ON_HOLD,2026-10-27 22:00:00
600122,LOT-PLT02-L3-20261027,RELEASED,2026-10-28 04:00:00
600123,LOT-PLT02-L3-20261031,ON_HOLD,2026-10-31 17:00:00
600124,LOT-PLT02-L3-20261031,RELEASED,2026-10-31 23:00:00
600125,LOT-PLT02-L3-20261104,ON_HOLD,2026-11-04 16:00:00
600126,LOT-PLT02-L3-20261108,ON_HOLD,2026-11-08 19:00:00
600127,LOT-PLT02-L3-20261112,ON_HOLD,2026-11-12 19:00:00
600128,LOT-PLT02-L3-20261112,RELEASED,2026-11-13 03:00:00
600129,LOT-PLT02-L3-20261020-T,ON_HOLD,2026-10-20 15:30:00
600130,LOT-PLT02-L3-20261020-T,RELEASED,2026-10-20 15:30:00
600131,LOT-PLT02-L3-20261029-T,ON_HOLD,2026-10-29 15:30:00
600132,LOT-PLT02-L3-20261029-T,RELEASED,2026-10-29 15:30:00
600133,LOT-PLT02-L3-20261107-T,ON_HOLD,2026-11-07 16:30:00
600134,LOT-PLT02-L3-20261107-T,RELEASED,2026-11-07 16:30:00
600135,LOT-PLT02-L4-20261019,ON_HOLD,2026-10-19 14:00:00
600136,LOT-PLT02-L4-20261019,RELEASED,2026-10-19 20:00:00
600137,LOT-PLT02-L4-20261023,ON_HOLD,2026-10-23 15:00:00
600138,LOT-PLT02-L4-20261023,RELEASED,2026-10-24 00:00:00
600139,LOT-PLT02-L4-20261027,ON_HOLD,2026-10-27 19:00:00
600140,LOT-PLT02-L4-20261027,RELEASED,2026-10-27 21:00:00
600141,LOT-PLT02-L4-20261031,ON_HOLD,2026-10-31 15:00:00
600142,LOT-PLT02-L4-20261104,ON_HOLD,2026-11-04 16:00:00
600143,LOT-PLT02-L4-20261104,RELEASED,2026-11-04 23:00:00
600144,LOT-PLT02-L4-20261108,ON_HOLD,2026-11-08 21:00:00
600145,LOT-PLT02-L4-20261108,RELEASED,2026-11-09 02:00:00
600146,LOT-PLT02-L4-20261112,ON_HOLD,2026-11-12 21:00:00
600147,LOT-PLT02-L4-20261020-T,ON_HOLD,2026-10-20 15:30:00
600148,LOT-PLT02-L4-20261020-T,RELEASED,2026-10-20 15:30:00
600149,LOT-PLT02-L4-20261029-T,ON_HOLD,2026-10-29 15:30:00
600150,LOT-PLT02-L4-20261029-T,RELEASED,2026-10-29 15:30:00
600151,LOT-PLT02-L4-20261107-T,ON_HOLD,2026-11-07 16:30:00
600152,LOT-PLT02-L4-20261107-T,RELEASED,2026-11-07 16:30:00
600153,LOT-PLT03-L1-20261019,ON_HOLD,2026-10-19 18:00:00
600154,LOT-PLT03-L1-20261019,RELEASED,2026-10-20 03:00:00
600155,LOT-PLT03-L1-20261023,ON_HOLD,2026-10-23 20:00:00
600156,LOT-PLT03-L1-20261023,RELEASED,2026-10-24 02:00:00
600157,LOT-PLT03-L1-20261027,ON_HOLD,2026-10-27 22:00:00
600158,LOT-PLT03-L1-20261027,RELEASED,2026-10-28 07:00:00
600159,LOT-PLT03-L1-20261031,ON_HOLD,2026-10-31 23:00:00
600160,LOT-PLT03-L1-20261104,ON_HOLD,2026-11-04 20:00:00
600161,LOT-PLT03-L1-20261104,RELEASED,2026-11-05 05:00:00
600162,LOT-PLT03-L1-20261108,ON_HOLD,2026-11-09 01:00:00
600163,LOT-PLT03-L1-20261112,ON_HOLD,2026-11-12 19:00:00
600164,LOT-PLT03-L1-20261020-T,ON_HOLD,2026-10-20 18:30:00
600165,LOT-PLT03-L1-20261020-T,RELEASED,2026-10-20 18:30:00
600166,LOT-PLT03-L1-20261029-T,ON_HOLD,2026-10-29 18:30:00
600167,LOT-PLT03-L1-20261029-T,RELEASED,2026-10-29 18:30:00
600168,LOT-PLT03-L1-20261107-T,ON_HOLD,2026-11-07 19:30:00
600169,LOT-PLT03-L1-20261107-T,RELEASED,2026-11-07 19:30:00
600170,LOT-PLT03-L2-20261019,ON_HOLD,2026-10-20 01:00:00
600171,LOT-PLT03-L2-20261019,RELEASED,2026-10-20 08:00:00
600172,LOT-PLT03-L2-20261023,ON_HOLD,2026-10-23 22:00:00
600173,LOT-PLT03-L2-20261023,RELEASED,2026-10-24 01:00:00
600174,LOT-PLT03-L2-20261027,ON_HOLD,2026-10-27 22:00:00
600175,LOT-PLT03-L2-20261027,RELEASED,2026-10-28 03:00:00
600176,LOT-PLT03-L2-20261031,ON_HOLD,2026-10-31 22:00:00
600177,LOT-PLT03-L2-20261031,RELEASED,2026-11-01 00:00:00
600178,LOT-PLT03-L2-20261104,ON_HOLD,2026-11-04 18:00:00
600179,LOT-PLT03-L2-20261104,RELEASED,2026-11-04 21:00:00
600180,LOT-PLT03-L2-20261108,ON_HOLD,2026-11-08 18:00:00
600181,LOT-PLT03-L2-20261108,RELEASED,2026-11-08 23:00:00
600182,LOT-PLT03-L2-20261112,ON_HOLD,2026-11-12 20:00:00
600183,LOT-PLT03-L2-20261020-T,ON_HOLD,2026-10-20 18:30:00
600184,LOT-PLT03-L2-20261020-T,RELEASED,2026-10-20 18:30:00
600185,LOT-PLT03-L2-20261029-T,ON_HOLD,2026-10-29 18:30:00
600186,LOT-PLT03-L2-20261029-T,RELEASED,2026-10-29 18:30:00
600187,LOT-PLT03-L2-20261107-T,ON_HOLD,2026-11-07 19:30:00
600188,LOT-PLT03-L2-20261107-T,RELEASED,2026-11-07 19:30:00
600189,LOT-PLT03-L3-20261019,ON_HOLD,2026-10-20 00:00:00
600190,LOT-PLT03-L3-20261019,RELEASED,2026-10-20 02:00:00
600191,LOT-PLT03-L3-20261023,ON_HOLD,2026-10-24 00:00:00
600192,LOT-PLT03-L3-20261023,RELEASED,2026-10-24 05:00:00
600193,LOT-PLT03-L3-20261027,ON_HOLD,2026-10-27 17:00:00
600194,LOT-PLT03-L3-20261031,ON_HOLD,2026-11-01 00:00:00
600195,LOT-PLT03-L3-20261031,RELEASED,2026-11-01 05:00:00
600196,LOT-PLT03-L3-20261104,ON_HOLD,2026-11-04 18:00:00
600197,LOT-PLT03-L3-20261104,RELEASED,2026-11-04 20:00:00
600198,LOT-PLT03-L3-20261108,ON_HOLD,2026-11-08 22:00:00
600199,LOT-PLT03-L3-20261108,RELEASED,2026-11-09 00:00:00
600200,LOT-PLT03-L3-20261112,ON_HOLD,2026-11-12 20:00:00
600201,LOT-PLT03-L3-20261020-T,ON_HOLD,2026-10-20 18:30:00
600202,LOT-PLT03-L3-20261020-T,RELEASED,2026-10-20 18:30:00
600203,LOT-PLT03-L3-20261029-T,ON_HOLD,2026-10-29 18:30:00
600204,LOT-PLT03-L3-20261029-T,RELEASED,2026-10-29 18:30:00
600205,LOT-PLT03-L3-20261107-T,ON_HOLD,2026-11-07 19:30:00
600206,LOT-PLT03-L3-20261107-T,RELEASED,2026-11-07 19:30:00
600207,LOT-PLT03-L4-20261019,ON_HOLD,2026-10-20 01:00:00
600208,LOT-PLT03-L4-20261019,RELEASED,2026-10-20 05:00:00
600209,LOT-PLT03-L4-20261023,ON_HOLD,2026-10-23 21:00:00
600210,LOT-PLT03-L4-20261027,ON_HOLD,2026-10-28 01:00:00
600211,LOT-PLT03-L4-20261027,RELEASED,2026-10-28 05:00:00
600212,LOT-PLT03-L4-20261031,ON_HOLD,2026-10-31 21:00:00
600213,LOT-PLT03-L4-20261104,ON_HOLD,2026-11-05 00:00:00
600214,LOT-PLT03-L4-20261104,RELEASED,2026-11-05 03:00:00
600215,LOT-PLT03-L4-20261108,ON_HOLD,2026-11-08 20:00:00
600216,LOT-PLT03-L4-20261108,RELEASED,2026-11-09 02:00:00
600217,LOT-PLT03-L4-20261112,ON_HOLD,2026-11-12 18:00:00
600218,LOT-PLT03-L4-20261112,RELEASED,2026-11-13 01:00:00
600219,LOT-PLT03-L4-20261020-T,ON_HOLD,2026-10-20 18:30:00
600220,LOT-PLT03-L4-20261020-T,RELEASED,2026-10-20 18:30:00
600221,LOT-PLT03-L4-20261029-T,ON_HOLD,2026-10-29 18:30:00
600222,LOT-PLT03-L4-20261029-T,RELEASED,2026-10-29 18:30:00
600223,LOT-PLT03-L4-20261107-T,ON_HOLD,2026-11-07 19:30:00
600224,LOT-PLT03-L4-20261107-T,RELEASED,2026-11-07 19:30:00
600225,LOT-PLT04-L1-20261019,ON_HOLD,2026-10-19 18:00:00
600226,LOT-PLT04-L1-20261019,RELEASED,2026-10-20 01:00:00
600227,LOT-PLT04-L1-20261023,ON_HOLD,2026-10-23 16:00:00
600228,LOT-PLT04-L1-20261023,RELEASED,2026-10-24 01:00:00
600229,LOT-PLT04-L1-20261027,ON_HOLD,2026-10-27 17:00:00
600230,LOT-PLT04-L1-20261027,RELEASED,2026-10-28 02:00:00
600231,LOT-PLT04-L1-20261031,ON_HOLD,2026-10-31 18:00:00
600232,LOT-PLT04-L1-20261104,ON_HOLD,2026-11-04 22:00:00
600233,LOT-PLT04-L1-20261104,RELEASED,2026-11-05 04:00:00
600234,LOT-PLT04-L1-20261108,ON_HOLD,2026-11-08 17:00:00
600235,LOT-PLT04-L1-20261108,RELEASED,2026-11-09 01:00:00
600236,LOT-PLT04-L1-20261112,ON_HOLD,2026-11-12 16:00:00
600237,LOT-PLT04-L1-20261112,RELEASED,2026-11-12 23:00:00
600238,LOT-PLT04-L1-20261020-T,ON_HOLD,2026-10-20 17:30:00
600239,LOT-PLT04-L1-20261020-T,RELEASED,2026-10-20 17:30:00
600240,LOT-PLT04-L1-20261029-T,ON_HOLD,2026-10-29 17:30:00
600241,LOT-PLT04-L1-20261029-T,RELEASED,2026-10-29 17:30:00
600242,LOT-PLT04-L1-20261107-T,ON_HOLD,2026-11-07 17:30:00
600243,LOT-PLT04-L1-20261107-T,RELEASED,2026-11-07 17:30:00
600244,LOT-PLT04-L2-20261019,ON_HOLD,2026-10-19 19:00:00
600245,LOT-PLT04-L2-20261023,ON_HOLD,2026-10-23 17:00:00
600246,LOT-PLT04-L2-20261023,RELEASED,2026-10-24 02:00:00
600247,LOT-PLT04-L2-20261027,ON_HOLD,2026-10-27 16:00:00
600248,LOT-PLT04-L2-20261027,RELEASED,2026-10-28 01:00:00
600249,LOT-PLT04-L2-20261031,ON_HOLD,2026-10-31 21:00:00
600250,LOT-PLT04-L2-20261031,RELEASED,2026-11-01 06:00:00
600251,LOT-PLT04-L2-20261104,ON_HOLD,2026-11-04 18:00:00
600252,LOT-PLT04-L2-20261104,RELEASED,2026-11-04 23:00:00
600253,LOT-PLT04-L2-20261108,ON_HOLD,2026-11-09 00:00:00
600254,LOT-PLT04-L2-20261108,RELEASED,2026-11-09 06:00:00
600255,LOT-PLT04-L2-20261112,ON_HOLD,2026-11-12 23:00:00
600256,LOT-PLT04-L2-20261112,RELEASED,2026-11-13 04:00:00
600257,LOT-PLT04-L2-20261020-T,ON_HOLD,2026-10-20 17:30:00
600258,LOT-PLT04-L2-20261020-T,RELEASED,2026-10-20 17:30:00
600259,LOT-PLT04-L2-20261029-T,ON_HOLD,2026-10-29 17:30:00
600260,LOT-PLT04-L2-20261029-T,RELEASED,2026-10-29 17:30:00
600261,LOT-PLT04-L2-20261107-T,ON_HOLD,2026-11-07 17:30:00
600262,LOT-PLT04-L2-20261107-T,RELEASED,2026-11-07 17:30:00
600263,LOT-PLT04-L3-20261019,ON_HOLD,2026-10-19 17:00:00
600264,LOT-PLT04-L3-20261019,RELEASED,2026-10-19 22:00:00
600265,LOT-PLT04-L3-20261023,ON_HOLD,2026-10-23 22:00:00
600266,LOT-PLT04-L3-20261027,ON_HOLD,2026-10-28 00:00:00
600267,LOT-PLT04-L3-20261027,RELEASED,2026-10-28 05:00:00
600268,LOT-PLT04-L3-20261031,ON_HOLD,2026-10-31 23:00:00
600269,LOT-PLT04-L3-20261031,RELEASED,2026-11-01 01:00:00
600270,LOT-PLT04-L3-20261104,ON_HOLD,2026-11-04 16:00:00
600271,LOT-PLT04-L3-20261104,RELEASED,2026-11-04 19:00:00
600272,LOT-PLT04-L3-20261108,ON_HOLD,2026-11-08 21:00:00
600273,LOT-PLT04-L3-20261108,RELEASED,2026-11-09 00:00:00
600274,LOT-PLT04-L3-20261112,ON_HOLD,2026-11-12 16:00:00
600275,LOT-PLT04-L3-20261112,RELEASED,2026-11-13 01:00:00
600276,LOT-PLT04-L3-20261020-T,ON_HOLD,2026-10-20 17:30:00
600277,LOT-PLT04-L3-20261020-T,RELEASED,2026-10-20 17:30:00
600278,LOT-PLT04-L3-20261029-T,ON_HOLD,2026-10-29 17:30:00
600279,LOT-PLT04-L3-20261029-T,RELEASED,2026-10-29 17:30:00
600280,LOT-PLT04-L3-20261107-T,ON_HOLD,2026-11-07 17:30:00
600281,LOT-PLT04-L3-20261107-T,RELEASED,2026-11-07 17:30:00
600282,LOT-PLT04-L4-20261019,ON_HOLD,2026-10-19 18:00:00
600283,LOT-PLT04-L4-20261019,RELEASED,2026-10-20 01:00:00
600284,LOT-PLT04-L4-20261023,ON_HOLD,2026-10-23 16:00:00
600285,LOT-PLT04-L4-20261023,RELEASED,2026-10-23 21:00:00
600286,LOT-PLT04-L4-20261027,ON_HOLD,2026-10-27 23:00:00
600287,LOT-PLT04-L4-20261027,RELEASED,2026-10-28 06:00:00
600288,LOT-PLT04-L4-20261031,ON_HOLD,2026-11-01 00:00:00
600289,LOT-PLT04-L4-20261031,RELEASED,2026-11-01 08:00:00
600290,LOT-PLT04-L4-20261104,ON_HOLD,2026-11-04 17:00:00
600291,LOT-PLT04-L4-20261104,RELEASED,2026-11-05 01:00:00
600292,LOT-PLT04-L4-20261108,ON_HOLD,2026-11-08 23:00:00
600293,LOT-PLT04-L4-20261112,ON_HOLD,2026-11-12 17:00:00
600294,LOT-PLT04-L4-20261112,RELEASED,2026-11-12 19:00:00
600295,LOT-PLT04-L4-20261020-T,ON_HOLD,2026-10-20 17:30:00
600296,LOT-PLT04-L4-20261020-T,RELEASED,2026-10-20 17:30:00
600297,LOT-PLT04-L4-20261029-T,ON_HOLD,2026-10-29 17:30:00
600298,LOT-PLT04-L4-20261029-T,RELEASED,2026-10-29 17:30:00
600299,LOT-PLT04-L4-20261107-T,ON_HOLD,2026-11-07 17:30:00
600300,LOT-PLT04-L4-20261107-T,RELEASED,2026-11-07 17:30:00
600301,LOT-PLT05-L1-20261019,ON_HOLD,2026-10-19 17:00:00
600302,LOT-PLT05-L1-20261019,RELEASED,2026-10-19 19:00:00
600303,LOT-PLT05-L1-20261023,ON_HOLD,2026-10-23 15:00:00
600304,LOT-PLT05-L1-20261027,ON_HOLD,2026-10-27 19:00:00
600305,LOT-PLT05-L1-20261027,RELEASED,2026-10-28 03:00:00
600306,LOT-PLT05-L1-20261031,ON_HOLD,2026-10-31 16:00:00
600307,LOT-PLT05-L1-20261104,ON_HOLD,2026-11-04 13:00:00
600308,LOT-PLT05-L1-20261104,RELEASED,2026-11-04 16:00:00
600309,LOT-PLT05-L1-20261108,ON_HOLD,2026-11-08 19:00:00
600310,LOT-PLT05-L1-20261112,ON_HOLD,2026-11-12 21:00:00
600311,LOT-PLT05-L1-20261112,RELEASED,2026-11-13 02:00:00
600312,LOT-PLT05-L1-20261020-T,ON_HOLD,2026-10-20 14:30:00
600313,LOT-PLT05-L1-20261020-T,RELEASED,2026-10-20 14:30:00
600314,LOT-PLT05-L1-20261029-T,ON_HOLD,2026-10-29 14:30:00
600315,LOT-PLT05-L1-20261029-T,RELEASED,2026-10-29 14:30:00
600316,LOT-PLT05-L1-20261107-T,ON_HOLD,2026-11-07 14:30:00
600317,LOT-PLT05-L1-20261107-T,RELEASED,2026-11-07 14:30:00
600318,LOT-PLT05-L2-20261019,ON_HOLD,2026-10-19 20:00:00
600319,LOT-PLT05-L2-20261019,RELEASED,2026-10-20 01:00:00
600320,LOT-PLT05-L2-20261023,ON_HOLD,2026-10-23 13:00:00
600321,LOT-PLT05-L2-20261023,RELEASED,2026-10-23 17:00:00
600322,LOT-PLT05-L2-20261027,ON_HOLD,2026-10-27 13:00:00
600323,LOT-PLT05-L2-20261027,RELEASED,2026-10-27 20:00:00
600324,LOT-PLT05-L2-20261031,ON_HOLD,2026-10-31 15:00:00
600325,LOT-PLT05-L2-20261031,RELEASED,2026-11-01 00:00:00
600326,LOT-PLT05-L2-20261104,ON_HOLD,2026-11-04 19:00:00
600327,LOT-PLT05-L2-20261104,RELEASED,2026-11-04 23:00:00
600328,LOT-PLT05-L2-20261108,ON_HOLD,2026-11-08 18:00:00
600329,LOT-PLT05-L2-20261108,RELEASED,2026-11-09 02:00:00
600330,LOT-PLT05-L2-20261112,ON_HOLD,2026-11-12 21:00:00
600331,LOT-PLT05-L2-20261020-T,ON_HOLD,2026-10-20 14:30:00
600332,LOT-PLT05-L2-20261020-T,RELEASED,2026-10-20 14:30:00
600333,LOT-PLT05-L2-20261029-T,ON_HOLD,2026-10-29 14:30:00
600334,LOT-PLT05-L2-20261029-T,RELEASED,2026-10-29 14:30:00
600335,LOT-PLT05-L2-20261107-T,ON_HOLD,2026-11-07 14:30:00
600336,LOT-PLT05-L2-20261107-T,RELEASED,2026-11-07 14:30:00
600337,LOT-PLT05-L3-20261019,ON_HOLD,2026-10-19 16:00:00
600338,LOT-PLT05-L3-20261019,RELEASED,2026-10-19 18:00:00
600339,LOT-PLT05-L3-20261023,ON_HOLD,2026-10-23 19:00:00
600340,LOT-PLT05-L3-20261023,RELEASED,2026-10-23 23:00:00
600341,LOT-PLT05-L3-20261027,ON_HOLD,2026-10-27 17:00:00
600342,LOT-PLT05-L3-20261027,RELEASED,2026-10-27 21:00:00
600343,LOT-PLT05-L3-20261031,ON_HOLD,2026-10-31 16:00:00
600344,LOT-PLT05-L3-20261104,ON_HOLD,2026-11-04 18:00:00
600345,LOT-PLT05-L3-20261104,RELEASED,2026-11-05 00:00:00
600346,LOT-PLT05-L3-20261108,ON_HOLD,2026-11-08 15:00:00
600347,LOT-PLT05-L3-20261112,ON_HOLD,2026-11-12 21:00:00
600348,LOT-PLT05-L3-20261020-T,ON_HOLD,2026-10-20 14:30:00
600349,LOT-PLT05-L3-20261020-T,RELEASED,2026-10-20 14:30:00
600350,LOT-PLT05-L3-20261029-T,ON_HOLD,2026-10-29 14:30:00
600351,LOT-PLT05-L3-20261029-T,RELEASED,2026-10-29 14:30:00
600352,LOT-PLT05-L3-20261107-T,ON_HOLD,2026-11-07 14:30:00
600353,LOT-PLT05-L3-20261107-T,RELEASED,2026-11-07 14:30:00
600354,LOT-PLT05-L4-20261019,ON_HOLD,2026-10-19 13:00:00
600355,LOT-PLT05-L4-20261019,RELEASED,2026-10-19 17:00:00
600356,LOT-PLT05-L4-20261023,ON_HOLD,2026-10-23 14:00:00
600357,LOT-PLT05-L4-20261023,RELEASED,2026-10-23 22:00:00
600358,LOT-PLT05-L4-20261027,ON_HOLD,2026-10-27 15:00:00
600359,LOT-PLT05-L4-20261027,RELEASED,2026-10-27 17:00:00
600360,LOT-PLT05-L4-20261031,ON_HOLD,2026-10-31 16:00:00
600361,LOT-PLT05-L4-20261104,ON_HOLD,2026-11-04 15:00:00
600362,LOT-PLT05-L4-20261104,RELEASED,2026-11-04 19:00:00
600363,LOT-PLT05-L4-20261108,ON_HOLD,2026-11-08 13:00:00
600364,LOT-PLT05-L4-20261108,RELEASED,2026-11-08 21:00:00
600365,LOT-PLT05-L4-20261112,ON_HOLD,2026-11-12 15:00:00
600366,LOT-PLT05-L4-20261020-T,ON_HOLD,2026-10-20 14:30:00
600367,LOT-PLT05-L4-20261020-T,RELEASED,2026-10-20 14:30:00
600368,LOT-PLT05-L4-20261029-T,ON_HOLD,2026-10-29 14:30:00
600369,LOT-PLT05-L4-20261029-T,RELEASED,2026-10-29 14:30:00
600370,LOT-PLT05-L4-20261107-T,ON_HOLD,2026-11-07 14:30:00
600371,LOT-PLT05-L4-20261107-T,RELEASED,2026-11-07 14:30:00
600372,LOT-PLT06-L1-20261019,ON_HOLD,2026-10-19 16:00:00
600373,LOT-PLT06-L1-20261023,ON_HOLD,2026-10-23 15:00:00
600374,LOT-PLT06-L1-20261023,RELEASED,2026-10-23 18:00:00
600375,LOT-PLT06-L1-20261027,ON_HOLD,2026-10-27 12:00:00
600376,LOT-PLT06-L1-20261027,RELEASED,2026-10-27 14:00:00
600377,LOT-PLT06-L1-20261031,ON_HOLD,2026-10-31 17:00:00
600378,LOT-PLT06-L1-20261104,ON_HOLD,2026-11-04 17:00:00
600379,LOT-PLT06-L1-20261104,RELEASED,2026-11-04 19:00:00
600380,LOT-PLT06-L1-20261108,ON_HOLD,2026-11-08 13:00:00
600381,LOT-PLT06-L1-20261108,RELEASED,2026-11-08 15:00:00
600382,LOT-PLT06-L1-20261112,ON_HOLD,2026-11-12 15:00:00
600383,LOT-PLT06-L1-20261112,RELEASED,2026-11-12 19:00:00
600384,LOT-PLT06-L1-20261020-T,ON_HOLD,2026-10-20 10:30:00
600385,LOT-PLT06-L1-20261020-T,RELEASED,2026-10-20 10:30:00
600386,LOT-PLT06-L1-20261029-T,ON_HOLD,2026-10-29 11:30:00
600387,LOT-PLT06-L1-20261029-T,RELEASED,2026-10-29 11:30:00
600388,LOT-PLT06-L1-20261107-T,ON_HOLD,2026-11-07 11:30:00
600389,LOT-PLT06-L1-20261107-T,RELEASED,2026-11-07 11:30:00
600390,LOT-PLT06-L2-20261019,ON_HOLD,2026-10-19 17:00:00
600391,LOT-PLT06-L2-20261019,RELEASED,2026-10-20 02:00:00
600392,LOT-PLT06-L2-20261023,ON_HOLD,2026-10-23 11:00:00
600393,LOT-PLT06-L2-20261023,RELEASED,2026-10-23 15:00:00
600394,LOT-PLT06-L2-20261027,ON_HOLD,2026-10-27 18:00:00
600395,LOT-PLT06-L2-20261031,ON_HOLD,2026-10-31 15:00:00
600396,LOT-PLT06-L2-20261031,RELEASED,2026-10-31 21:00:00
600397,LOT-PLT06-L2-20261104,ON_HOLD,2026-11-04 13:00:00
600398,LOT-PLT06-L2-20261104,RELEASED,2026-11-04 22:00:00
600399,LOT-PLT06-L2-20261108,ON_HOLD,2026-11-08 15:00:00
600400,LOT-PLT06-L2-20261108,RELEASED,2026-11-08 21:00:00
600401,LOT-PLT06-L2-20261112,ON_HOLD,2026-11-12 14:00:00
600402,LOT-PLT06-L2-20261112,RELEASED,2026-11-12 17:00:00
600403,LOT-PLT06-L2-20261020-T,ON_HOLD,2026-10-20 10:30:00
600404,LOT-PLT06-L2-20261020-T,RELEASED,2026-10-20 10:30:00
600405,LOT-PLT06-L2-20261029-T,ON_HOLD,2026-10-29 11:30:00
600406,LOT-PLT06-L2-20261029-T,RELEASED,2026-10-29 11:30:00
600407,LOT-PLT06-L2-20261107-T,ON_HOLD,2026-11-07 11:30:00
600408,LOT-PLT06-L2-20261107-T,RELEASED,2026-11-07 11:30:00
600409,LOT-PLT06-L3-20261019,ON_HOLD,2026-10-19 15:00:00
600410,LOT-PLT06-L3-20261019,RELEASED,2026-10-19 23:00:00
600411,LOT-PLT06-L3-20261023,ON_HOLD,2026-10-23 10:00:00
600412,LOT-PLT06-L3-20261023,RELEASED,2026-10-23 18:00:00
600413,LOT-PLT06-L3-20261027,ON_HOLD,2026-10-27 11:00:00
600414,LOT-PLT06-L3-20261027,RELEASED,2026-10-27 16:00:00
600415,LOT-PLT06-L3-20261031,ON_HOLD,2026-10-31 13:00:00
600416,LOT-PLT06-L3-20261031,RELEASED,2026-10-31 19:00:00
600417,LOT-PLT06-L3-20261104,ON_HOLD,2026-11-04 13:00:00
600418,LOT-PLT06-L3-20261104,RELEASED,2026-11-04 20:00:00
600419,LOT-PLT06-L3-20261108,ON_HOLD,2026-11-08 15:00:00
600420,LOT-PLT06-L3-20261108,RELEASED,2026-11-08 21:00:00
600421,LOT-PLT06-L3-20261112,ON_HOLD,2026-11-12 16:00:00
600422,LOT-PLT06-L3-20261112,RELEASED,2026-11-13 00:00:00
600423,LOT-PLT06-L3-20261020-T,ON_HOLD,2026-10-20 10:30:00
600424,LOT-PLT06-L3-20261020-T,RELEASED,2026-10-20 10:30:00
600425,LOT-PLT06-L3-20261029-T,ON_HOLD,2026-10-29 11:30:00
600426,LOT-PLT06-L3-20261029-T,RELEASED,2026-10-29 11:30:00
600427,LOT-PLT06-L3-20261107-T,ON_HOLD,2026-11-07 11:30:00
600428,LOT-PLT06-L3-20261107-T,RELEASED,2026-11-07 11:30:00
600429,LOT-PLT06-L4-20261019,ON_HOLD,2026-10-19 13:00:00
600430,LOT-PLT06-L4-20261019,RELEASED,2026-10-19 17:00:00
600431,LOT-PLT06-L4-20261023,ON_HOLD,2026-10-23 10:00:00
600432,LOT-PLT06-L4-20261023,RELEASED,2026-10-23 16:00:00
600433,LOT-PLT06-L4-20261027,ON_HOLD,2026-10-27 11:00:00
600434,LOT-PLT06-L4-20261027,RELEASED,2026-10-27 20:00:00
600435,LOT-PLT06-L4-20261031,ON_HOLD,2026-10-31 14:00:00
600436,LOT-PLT06-L4-20261104,ON_HOLD,2026-11-04 11:00:00
600437,LOT-PLT06-L4-20261104,RELEASED,2026-11-04 18:00:00
600438,LOT-PLT06-L4-20261108,ON_HOLD,2026-11-08 13:00:00
600439,LOT-PLT06-L4-20261108,RELEASED,2026-11-08 16:00:00
600440,LOT-PLT06-L4-20261112,ON_HOLD,2026-11-12 11:00:00
600441,LOT-PLT06-L4-20261112,RELEASED,2026-11-12 16:00:00
600442,LOT-PLT06-L4-20261020-T,ON_HOLD,2026-10-20 10:30:00
600443,LOT-PLT06-L4-20261020-T,RELEASED,2026-10-20 10:30:00
600444,LOT-PLT06-L4-20261029-T,ON_HOLD,2026-10-29 11:30:00
600445,LOT-PLT06-L4-20261029-T,RELEASED,2026-10-29 11:30:00
600446,LOT-PLT06-L4-20261107-T,ON_HOLD,2026-11-07 11:30:00
600447,LOT-PLT06-L4-20261107-T,RELEASED,2026-11-07 11:30:00
