event_id,line_id,start_utc,end_utc,reason_code,planned_flag
100001,PLT01-L1,2025-10-23 16:14:39,2025-10-23 18:24:39,R-CO,0
100002,PLT01-L1,2025-10-25 06:10:54,2025-10-25 06:30:54,R-JAM,0
100003,PLT01-L1,2025-10-28 04:34:09,2025-10-28 04:51:09,R-SAN,0
100004,PLT01-L1,2025-10-29 04:25:37,2025-10-29 05:08:37,R-CO,0
100005,PLT01-L1,2025-10-30 00:42:34,2025-10-30 02:03:34,R-OTH,0
100006,PLT01-L1,2025-10-30 22:54:01,2025-10-31 01:39:01,R-OTH,0
100007,PLT01-L1,2025-10-31 21:55:10,2025-11-01 00:14:10,R-OPR,0
100008,PLT01-L1,2025-11-02 04:55:19,2025-11-02 06:36:19,R-SAN,0
100009,PLT01-L1,2025-11-03 21:11:26,2025-11-03 21:31:26,R-SAN,0
100010,PLT01-L1,2025-11-04 19:43:03,2025-11-04 20:33:03,R-SAN,0
100011,PLT01-L1,2025-11-06 13:26:49,2025-11-06 15:08:49,R-QLT,0
100012,PLT01-L1,2025-11-07 21:53:47,2025-11-08 00:19:47,R-OPR,0
100013,PLT01-L1,2025-11-09 08:25:01,2025-11-09 08:47:01,R-QLT,0
100014,PLT01-L1,2025-11-11 13:32:17,2025-11-11 15:53:17,R-OPR,0
100015,PLT01-L1,2025-11-14 16:10:50,2025-11-14 18:17:50,R-OTH,0
100016,PLT01-L1,2025-11-16 15:21:40,2025-11-16 18:03:40,R-JAM,0
100017,PLT01-L1,2025-10-23 18:30:00,2025-10-23 19:45:00,R-JAM,0
100018,PLT01-L1,2025-10-26 04:40:00,2025-10-26 05:35:00,R-MAT,0
100019,PLT01-L1,2025-10-27 15:00:59,2025-10-27 15:01:00,R-OPR,0
100020,PLT01-L2,2025-10-21 04:55:04,2025-10-21 05:58:04,R-MAT,0
100021,PLT01-L2,2025-10-21 12:24:57,2025-10-21 12:41:57,R-ELE,0
100022,PLT01-L2,2025-10-23 01:57:40,2025-10-23 04:41:40,R-QLT,0
100023,PLT01-L2,2025-10-26 12:08:41,2025-10-26 14:04:41,R-CO,0
100024,PLT01-L2,2025-10-28 06:20:47,2025-10-28 06:42:47,R-CO,0
100025,PLT01-L2,2025-10-28 20:44:48,2025-10-28 21:53:48,R-BRG,0
100026,PLT01-L2,2025-10-30 23:15:58,2025-10-31 01:55:58,R-JAM,0
100027,PLT01-L2,2025-10-31 23:18:35,2025-11-01 01:25:35,R-OTH,0
100028,PLT01-L2,2025-11-04 06:21:26,2025-11-04 06:36:26,R-PM,0
100029,PLT01-L2,2025-11-07 08:28:54,2025-11-07 09:12:54,R-OTH,0
100030,PLT01-L2,2025-11-09 01:29:06,2025-11-09 03:56:06,R-MAT,0
100031,PLT01-L2,2025-11-10 00:31:51,2025-11-10 02:39:51,R-OTH,0
100032,PLT01-L2,2025-11-11 10:46:08,2025-11-11 11:43:08,R-SAN,0
100033,PLT01-L2,2025-11-12 00:17:28,2025-11-12 02:02:28,R-ELE,0
100034,PLT01-L2,2025-10-23 18:30:00,2025-10-23 19:45:00,R-JAM,0
100035,PLT01-L2,2025-10-26 04:40:00,2025-10-26 05:35:00,R-MAT,0
100036,PLT01-L2,2025-10-27 15:00:59,2025-10-27 15:01:00,R-OPR,0
100037,PLT01-L3,2025-10-22 15:37:04,2025-10-22 16:10:04,R-JAM,0
100038,PLT01-L3,2025-10-24 11:50:28,2025-10-24 13:48:28,R-CO,0
100039,PLT01-L3,2025-10-25 22:04:24,2025-10-25 23:36:24,R-PM,0
100040,PLT01-L3,2025-10-26 16:43:35,2025-10-26 18:07:35,R-OPR,0
100041,PLT01-L3,2025-10-27 14:20:46,2025-10-27 15:56:46,R-OPR,0
100042,PLT01-L3,2025-10-28 11:55:55,2025-10-28 12:15:55,R-QLT,0
100043,PLT01-L3,2025-11-02 18:40:05,2025-11-02 19:45:05,R-MAT,0
100044,PLT01-L3,2025-11-04 14:18:39,2025-11-04 16:19:39,R-PM,0
100045,PLT01-L3,2025-11-05 17:12:13,2025-11-05 19:39:13,R-PM,0
100046,PLT01-L3,2025-11-06 19:28:47,2025-11-06 20:52:47,R-JAM,0
100047,PLT01-L3,2025-11-07 15:45:04,2025-11-07 17:32:04,R-MAT,0
100048,PLT01-L3,2025-11-08 15:47:24,2025-11-08 17:01:24,R-CO,0
100049,PLT01-L3,2025-11-10 04:01:49,2025-11-10 05:58:49,R-CO,0
100050,PLT01-L3,2025-11-11 05:20:20,2025-11-11 06:42:20,R-JAM,0
100051,PLT01-L3,2025-11-12 01:38:58,2025-11-12 03:26:58,R-CO,0
100052,PLT01-L3,2025-11-13 20:10:57,2025-11-13 21:15:57,R-BRG,0
100053,PLT01-L3,2025-11-14 18:38:42,2025-11-14 19:51:42,R-PM,0
100054,PLT01-L3,2025-10-23 18:30:00,2025-10-23 19:45:00,R-JAM,0
100055,PLT01-L3,2025-10-26 04:40:00,2025-10-26 05:35:00,R-MAT,0
100056,PLT01-L3,2025-10-27 15:00:59,2025-10-27 15:01:00,R-OPR,0
100057,PLT01-L4,2025-10-20 22:02:25,2025-10-20 23:23:25,R-SAN,0
100058,PLT01-L4,2025-10-21 19:16:36,2025-10-21 19:59:36,R-ELE,0
100059,PLT01-L4,2025-10-24 07:29:56,2025-10-24 08:05:56,R-MAT,0
100060,PLT01-L4,2025-10-24 16:09:52,2025-10-24 18:05:52,R-SAN,0
100061,PLT01-L4,2025-10-25 19:09:30,2025-10-25 21:34:30,R-OPR,0
100062,PLT01-L4,2025-10-26 23:37:59,2025-10-27 00:48:59,R-MAT,0
100063,PLT01-L4,2025-10-27 15:19:36,2025-10-27 17:37:36,R-MAT,0
100064,PLT01-L4,2025-10-31 19:41:11,2025-10-31 22:10:11,R-OTH,0
100065,PLT01-L4,2025-11-04 15:07:37,2025-11-04 16:01:37,R-SAN,0
100066,PLT01-L4,2025-11-06 02:26:02,2025-11-06 02:51:02,R-ELE,0
100067,PLT01-L4,2025-11-06 13:56:46,2025-11-06 15:16:46,R-BRG,0
100068,PLT01-L4,2025-11-09 00:39:18,2025-11-09 01:52:18,R-QLT,0
100069,PLT01-L4,2025-11-17 00:04:32,2025-11-17 02:21:32,R-OTH,0
100070,PLT01-L4,2025-10-23 18:30:00,2025-10-23 19:45:00,R-JAM,0
100071,PLT01-L4,2025-10-26 04:40:00,2025-10-26 05:35:00,R-MAT,0
100072,PLT01-L4,2025-10-27 15:00:59,2025-10-27 15:01:00,R-OPR,0
100073,PLT02-L1,2025-10-21 15:28:39,2025-10-21 16:28:39,R-QLT,0
100074,PLT02-L1,2025-10-22 18:37:41,2025-10-22 19:16:41,R-OPR,0
100075,PLT02-L1,2025-10-24 06:46:19,2025-10-24 08:40:19,R-JAM,0
100076,PLT02-L1,2025-10-24 10:40:55,2025-10-24 12:59:55,R-BRG,0
100077,PLT02-L1,2025-10-30 08:13:35,2025-10-30 08:37:35,R-BRG,0
100078,PLT02-L1,2025-10-31 03:44:16,2025-10-31 05:00:16,R-OPR,0
100079,PLT02-L1,2025-11-02 13:30:22,2025-11-02 15:31:22,R-MAT,0
100080,PLT02-L1,2025-11-05 04:40:05,2025-11-05 04:46:05,R-JAM,0
100081,PLT02-L1,2025-11-06 05:26:32,2025-11-06 06:56:32,R-QLT,0
100082,PLT02-L1,2025-11-07 09:19:27,2025-11-07 12:07:27,R-OPR,0
100083,PLT02-L1,2025-11-08 12:37:01,2025-11-08 14:48:01,R-QLT,0
100084,PLT02-L1,2025-11-09 20:05:31,2025-11-09 21:16:31,R-PM,0
100085,PLT02-L1,2025-11-11 20:06:11,2025-11-11 20:57:11,R-OPR,0
100086,PLT02-L1,2025-11-13 07:59:10,2025-11-13 08:23:10,R-OPR,0
100087,PLT02-L1,2025-11-15 18:48:03,2025-11-15 20:46:03,R-QLT,0
100088,PLT02-L1,2025-11-17 04:46:40,2025-11-17 05:39:40,R-OPR,0
100089,PLT02-L1,2025-10-23 17:30:00,2025-10-23 18:45:00,R-JAM,0
100090,PLT02-L1,2025-10-26 03:40:00,2025-10-26 04:35:00,R-MAT,0
100091,PLT02-L1,2025-10-27 14:00:59,2025-10-27 14:01:00,R-OPR,0
100092,PLT02-L2,2025-10-21 02:46:51,2025-10-21 02:59:51,R-SAN,0
100093,PLT02-L2,2025-10-22 22:39:12,2025-10-22 23:30:12,R-SAN,0
100094,PLT02-L2,2025-10-24 21:03:45,2025-10-24 23:43:45,R-OPR,0
100095,PLT02-L2,2025-10-26 20:33:02,2025-10-26 22:06:02,R-MAT,0
100096,PLT02-L2,2025-10-29 05:24:31,2025-10-29 06:37:31,R-JAM,0
100097,PLT02-L2,2025-11-01 19:03:07,2025-11-01 19:29:07,R-PM,0
100098,PLT02-L2,2025-11-02 18:33:31,2025-11-02 20:00:31,R-CO,0
100099,PLT02-L2,2025-11-04 04:48:24,2025-11-04 07:11:24,R-MAT,0
100100,PLT02-L2,2025-11-04 19:06:42,2025-11-04 19:25:42,R-QLT,0
100101,PLT02-L2,2025-11-06 22:32:22,2025-11-06 23:20:22,R-CO,0
100102,PLT02-L2,2025-11-10 02:30:48,2025-11-10 03:09:48,R-SAN,0
100103,PLT02-L2,2025-11-11 21:13:34,2025-11-11 23:16:34,R-MAT,0
100104,PLT02-L2,2025-11-13 23:46:00,2025-11-14 02:04:00,R-SAN,0
100105,PLT02-L2,2025-11-16 05:25:31,2025-11-16 07:57:31,R-QLT,0
100106,PLT02-L2,2025-10-23 17:30:00,2025-10-23 18:45:00,R-JAM,0
100107,PLT02-L2,2025-10-26 03:40:00,2025-10-26 04:35:00,R-MAT,0
100108,PLT02-L2,2025-10-27 14:00:59,2025-10-27 14:01:00,R-OPR,0
100109,PLT02-L3,2025-10-20 23:23:45,2025-10-20 23:34:45,R-QLT,0
100110,PLT02-L3,2025-10-22 04:09:24,2025-10-22 05:33:24,R-BRG,0
100111,PLT02-L3,2025-10-26 19:36:15,2025-10-26 19:56:15,R-SAN,0
100112,PLT02-L3,2025-10-27 21:33:10,2025-10-27 22:24:10,R-BRG,0
100113,PLT02-L3,2025-10-29 18:14:27,2025-10-29 19:37:27,R-ELE,0
100114,PLT02-L3,2025-10-30 22:32:32,2025-10-31 00:43:32,R-OTH,0
100115,PLT02-L3,2025-11-01 04:11:50,2025-11-01 04:28:50,R-SAN,0
100116,PLT02-L3,2025-11-02 00:52:18,2025-11-02 01:25:18,R-ELE,0
100117,PLT02-L3,2025-11-02 18:17:57,2025-11-02 19:57:57,R-PM,0
100118,PLT02-L3,2025-11-04 19:55:59,2025-11-04 20:20:59,R-CO,0
100119,PLT02-L3,2025-11-08 06:29:45,2025-11-08 07:07:45,R-JAM,0
100120,PLT02-L3,2025-11-09 03:47:07,2025-11-09 05:11:07,R-BRG,0
100121,PLT02-L3,2025-11-10 02:43:47,2025-11-10 04:22:47,R-OPR,0
100122,PLT02-L3,2025-11-10 16:09:45,2025-11-10 18:06:45,R-MAT,0
100123,PLT02-L3,2025-11-12 02:21:58,2025-11-12 03:18:58,R-BRG,0
100124,PLT02-L3,2025-11-12 13:48:04,2025-11-12 15:46:04,R-BRG,0
100125,PLT02-L3,2025-11-14 00:47:31,2025-11-14 03:01:31,R-OTH,0
100126,PLT02-L3,2025-11-15 06:17:08,2025-11-15 08:02:08,R-OPR,0
100127,PLT02-L3,2025-11-15 15:46:20,2025-11-15 16:13:20,R-OPR,0
100128,PLT02-L3,2025-10-23 17:30:00,2025-10-23 18:45:00,R-JAM,0
100129,PLT02-L3,2025-10-26 03:40:00,2025-10-26 04:35:00,R-MAT,0
100130,PLT02-L3,2025-10-27 14:00:59,2025-10-27 14:01:00,R-OPR,0
100131,PLT02-L4,2025-10-22 00:57:54,2025-10-22 02:02:54,R-BRG,0
100132,PLT02-L4,2025-10-23 08:28:12,2025-10-23 08:57:12,R-ELE,0
100133,PLT02-L4,2025-10-23 23:14:55,2025-10-23 23:45:55,R-PM,0
100134,PLT02-L4,2025-10-24 20:00:35,2025-10-24 20:44:35,R-BRG,0
100135,PLT02-L4,2025-10-25 13:27:26,2025-10-25 15:59:26,R-SAN,0
100136,PLT02-L4,2025-10-27 03:06:18,2025-10-27 04:09:18,R-QLT,0
100137,PLT02-L4,2025-10-27 14:28:22,2025-10-27 17:10:22,R-JAM,0
100138,PLT02-L4,2025-10-29 05:48:56,2025-10-29 08:18:56,R-OTH,0
100139,PLT02-L4,2025-10-30 11:23:47,2025-10-30 11:39:47,R-OTH,0
100140,PLT02-L4,2025-11-01 16:24:53,2025-11-01 17:03:53,R-CO,0
100141,PLT02-L4,2025-11-03 21:21:21,2025-11-03 22:13:21,R-JAM,0
100142,PLT02-L4,2025-11-06 00:40:53,2025-11-06 03:28:53,R-QLT,0
100143,PLT02-L4,2025-11-08 02:25:09,2025-11-08 03:04:09,R-OPR,0
100144,PLT02-L4,2025-11-08 20:12:28,2025-11-08 20:17:28,R-PM,0
100145,PLT02-L4,2025-11-12 18:05:13,2025-11-12 19:01:13,R-PM,0
100146,PLT02-L4,2025-11-14 00:07:04,2025-11-14 01:14:04,R-CO,0
100147,PLT02-L4,2025-11-15 07:43:37,2025-11-15 08:25:37,R-JAM,0
100148,PLT02-L4,2025-11-16 03:38:29,2025-11-16 03:46:29,R-OPR,0
100149,PLT02-L4,2025-10-23 17:30:00,2025-10-23 18:45:00,R-JAM,0
100150,PLT02-L4,2025-10-26 03:40:00,2025-10-26 04:35:00,R-MAT,0
100151,PLT02-L4,2025-10-27 14:00:59,2025-10-27 14:01:00,R-OPR,0
100152,PLT03-L1,2025-10-21 00:40:40,2025-10-21 01:21:40,R-SAN,0
100153,PLT03-L1,2025-10-21 21:24:19,2025-10-21 23:33:19,R-JAM,0
100154,PLT03-L1,2025-10-22 17:33:18,2025-10-22 19:11:18,R-MAT,0
100155,PLT03-L1,2025-10-23 17:20:24,2025-10-23 19:28:24,R-CO,0
100156,PLT03-L1,2025-10-25 22:11:44,2025-10-25 22:19:44,R-PM,0
100157,PLT03-L1,2025-10-29 22:36:33,2025-10-29 22:41:33,R-OPR,0
100158,PLT03-L1,2025-10-31 10:02:01,2025-10-31 10:09:01,R-SAN,0
100159,PLT03-L1,2025-10-31 22:31:00,2025-10-31 23:49:00,R-MAT,0
100160,PLT03-L1,2025-11-01 22:37:48,2025-11-01 23:17:48,R-MAT,0
100161,PLT03-L1,2025-11-03 05:47:59,2025-11-03 07:23:59,R-CO,0
100162,PLT03-L1,2025-11-04 03:56:55,2025-11-04 05:03:55,R-JAM,0
100163,PLT03-L1,2025-11-05 18:37:49,2025-11-05 20:17:49,R-SAN,0
100164,PLT03-L1,2025-11-07 16:16:42,2025-11-07 18:09:42,R-QLT,0
100165,PLT03-L1,2025-11-13 20:00:41,2025-11-13 20:30:41,R-OPR,0
100166,PLT03-L1,2025-11-15 01:33:39,2025-11-15 03:13:39,R-OTH,0
100167,PLT03-L1,2025-11-17 07:44:05,2025-11-17 09:36:05,R-JAM,0
100168,PLT03-L1,2025-10-23 20:30:00,2025-10-23 21:45:00,R-JAM,0
100169,PLT03-L1,2025-10-26 06:40:00,2025-10-26 07:35:00,R-MAT,0
100170,PLT03-L1,2025-10-27 17:00:59,2025-10-27 17:01:00,R-OPR,0
100171,PLT03-L2,2025-10-21 01:17:00,2025-10-21 01:23:00,R-CO,0
100172,PLT03-L2,2025-10-22 04:22:59,2025-10-22 06:58:59,R-OTH,0
100173,PLT03-L2,2025-10-23 13:31:20,2025-10-23 14:49:20,R-JAM,0
100174,PLT03-L2,2025-10-25 07:39:38,2025-10-25 08:08:38,R-CO,0
100175,PLT03-L2,2025-10-26 05:58:12,2025-10-26 07:07:12,R-PM,0
100176,PLT03-L2,2025-10-27 08:38:07,2025-10-27 10:06:07,R-JAM,0
100177,PLT03-L2,2025-10-27 17:59:38,2025-10-27 19:54:38,R-QLT,0
100178,PLT03-L2,2025-10-29 06:16:58,2025-10-29 08:34:58,R-JAM,0
100179,PLT03-L2,2025-10-30 01:17:57,2025-10-30 02:24:57,R-MAT,0
100180,PLT03-L2,2025-11-01 02:56:28,2025-11-01 05:37:28,R-JAM,0
100181,PLT03-L2,2025-11-03 02:08:04,2025-11-03 03:28:04,R-PM,0
100182,PLT03-L2,2025-11-03 21:10:56,2025-11-03 23:12:56,R-CO,0
100183,PLT03-L2,2025-11-05 21:01:25,2025-11-05 21:38:25,R-JAM,0
100184,PLT03-L2,2025-11-06 23:15:20,2025-11-06 23:22:20,R-CO,0
100185,PLT03-L2,2025-11-08 01:14:27,2025-11-08 02:17:27,R-QLT,0
100186,PLT03-L2,2025-11-09 12:39:16,2025-11-09 15:25:16,R-ELE,0
100187,PLT03-L2,2025-11-11 02:10:43,2025-11-11 04:40:43,R-SAN,0
100188,PLT03-L2,2025-11-14 20:52:26,2025-11-14 20:57:26,R-JAM,0
100189,PLT03-L2,2025-11-15 21:04:07,2025-11-15 22:06:07,R-QLT,0
100190,PLT03-L2,2025-10-23 20:30:00,2025-10-23 21:45:00,R-JAM,0
100191,PLT03-L2,2025-10-26 06:40:00,2025-10-26 07:35:00,R-MAT,0
100192,PLT03-L2,2025-10-27 17:00:59,2025-10-27 17:01:00,R-OPR,0
100193,PLT03-L3,2025-10-21 19:00:23,2025-10-21 20:24:23,R-ELE,0
100194,PLT03-L3,2025-10-23 02:49:11,2025-10-23 05:32:11,R-SAN,0
100195,PLT03-L3,2025-10-23 20:09:50,2025-10-23 20:23:50,R-SAN,0
100196,PLT03-L3,2025-10-24 14:16:43,2025-10-24 16:47:43,R-MAT,0
100197,PLT03-L3,2025-10-26 18:49:33,2025-10-26 21:11:33,R-OTH,0
100198,PLT03-L3,2025-10-27 20:46:04,2025-10-27 21:44:04,R-JAM,0
100199,PLT03-L3,2025-10-29 01:46:30,2025-10-29 02:41:30,R-BRG,0
100200,PLT03-L3,2025-10-30 06:57:09,2025-10-30 09:29:09,R-SAN,0
100201,PLT03-L3,2025-10-31 05:21:15,2025-10-31 05:28:15,R-SAN,0
100202,PLT03-L3,2025-10-31 23:06:20,2025-11-01 00:49:20,R-JAM,0
100203,PLT03-L3,2025-11-02 10:12:51,2025-11-02 12:47:51,R-PM,0
100204,PLT03-L3,2025-11-02 22:25:55,2025-11-03 01:05:55,R-OPR,0
100205,PLT03-L3,2025-11-04 00:44:26,2025-11-04 01:09:26,R-OPR,0
100206,PLT03-L3,2025-11-04 15:49:46,2025-11-04 18:12:46,R-SAN,0
100207,PLT03-L3,2025-11-06 14:37:38,2025-11-06 14:53:38,R-PM,0
100208,PLT03-L3,2025-11-08 10:01:46,2025-11-08 12:10:46,R-OTH,0
100209,PLT03-L3,2025-11-16 12:53:29,2025-11-16 14:45:29,R-BRG,0
100210,PLT03-L3,2025-11-16 16:53:39,2025-11-16 18:01:39,R-OPR,0
100211,PLT03-L3,2025-10-23 20:30:00,2025-10-23 21:45:00,R-JAM,0
100212,PLT03-L3,2025-10-26 06:40:00,2025-10-26 07:35:00,R-MAT,0
100213,PLT03-L3,2025-10-27 17:00:59,2025-10-27 17:01:00,R-OPR,0
100214,PLT03-L4,2025-10-22 22:38:00,2025-10-22 23:38:00,R-BRG,0
100215,PLT03-L4,2025-10-24 06:40:49,2025-10-24 07:37:49,R-BRG,0
100216,PLT03-L4,2025-10-24 16:22:58,2025-10-24 16:54:58,R-OTH,0
100217,PLT03-L4,2025-10-25 14:24:31,2025-10-25 15:00:31,R-PM,0
100218,PLT03-L4,2025-10-26 16:07:18,2025-10-26 18:34:18,R-CO,0
100219,PLT03-L4,2025-10-28 05:05:33,2025-10-28 07:21:33,R-CO,0
100220,PLT03-L4,2025-10-28 15:59:41,2025-10-28 17:25:41,R-SAN,0
100221,PLT03-L4,2025-11-01 01:25:07,2025-11-01 04:05:07,R-OTH,0
100222,PLT03-L4,2025-11-03 08:33:58,2025-11-03 10:05:58,R-PM,0
100223,PLT03-L4,2025-11-04 17:05:15,2025-11-04 18:25:15,R-OPR,0
100224,PLT03-L4,2025-11-05 15:42:02,2025-11-05 16:22:02,R-CO,0
100225,PLT03-L4,2025-11-10 15:50:16,2025-11-10 18:17:16,R-MAT,0
100226,PLT03-L4,2025-11-11 18:27:42,2025-11-11 20:03:42,R-PM,0
100227,PLT03-L4,2025-11-14 09:10:00,2025-11-14 10:02:00,R-QLT,0
100228,PLT03-L4,2025-11-16 19:20:38,2025-11-16 21:59:38,R-ELE,0
100229,PLT03-L4,2025-10-23 20:30:00,2025-10-23 21:45:00,R-JAM,0
100230,PLT03-L4,2025-10-26 06:40:00,2025-10-26 07:35:00,R-MAT,0
100231,PLT03-L4,2025-10-27 17:00:59,2025-10-27 17:01:00,R-OPR,0
100232,PLT04-L1,2025-10-20 13:53:20,2025-10-20 15:16:20,R-MAT,0
100233,PLT04-L1,2025-10-22 05:04:03,2025-10-22 06:25:03,R-JAM,0
100234,PLT04-L1,2025-10-23 16:57:16,2025-10-23 18:39:16,R-SAN,0
100235,PLT04-L1,2025-10-24 20:33:52,2025-10-24 22:22:52,R-QLT,0
100236,PLT04-L1,2025-10-25 18:11:31,2025-10-25 18:27:31,R-SAN,0
100237,PLT04-L1,2025-10-29 16:26:22,2025-10-29 19:07:22,R-JAM,0
100238,PLT04-L1,2025-10-30 14:10:52,2025-10-30 16:41:52,R-BRG,0
100239,PLT04-L1,2025-10-31 15:07:10,2025-10-31 16:11:10,R-SAN,0
100240,PLT04-L1,2025-11-05 19:38:55,2025-11-05 22:07:55,R-ELE,0
100241,PLT04-L1,2025-11-09 18:05:20,2025-11-09 19:57:20,R-BRG,0
100242,PLT04-L1,2025-11-10 18:24:52,2025-11-10 20:19:52,R-SAN,0
100243,PLT04-L1,2025-11-12 00:16:10,2025-11-12 01:49:10,R-OPR,0
100244,PLT04-L1,2025-11-14 19:51:02,2025-11-14 20:37:02,R-BRG,0
100245,PLT04-L1,2025-10-23 19:30:00,2025-10-23 20:45:00,R-JAM,0
100246,PLT04-L1,2025-10-26 05:40:00,2025-10-26 06:35:00,R-MAT,0
100247,PLT04-L1,2025-10-27 16:00:59,2025-10-27 16:01:00,R-OPR,0
100248,PLT04-L2,2025-10-21 13:44:55,2025-10-21 14:55:55,R-BRG,0
100249,PLT04-L2,2025-10-23 10:52:59,2025-10-23 12:52:59,R-OPR,0
100250,PLT04-L2,2025-10-25 00:30:26,2025-10-25 01:10:26,R-QLT,0
100251,PLT04-L2,2025-10-27 02:20:20,2025-10-27 03:17:20,R-QLT,0
100252,PLT04-L2,2025-10-30 09:38:18,2025-10-30 09:43:18,R-OTH,0
100253,PLT04-L2,2025-11-02 09:36:04,2025-11-02 10:13:04,R-SAN,0
100254,PLT04-L2,2025-11-03 06:30:44,2025-11-03 09:14:44,R-QLT,0
100255,PLT04-L2,2025-11-04 21:58:41,2025-11-04 22:49:41,R-BRG,0
100256,PLT04-L2,2025-11-06 18:48:21,2025-11-06 20:26:21,R-QLT,0
100257,PLT04-L2,2025-11-08 03:52:26,2025-11-08 05:48:26,R-OPR,0
100258,PLT04-L2,2025-11-08 20:51:50,2025-11-08 21:02:50,R-MAT,0
100259,PLT04-L2,2025-11-11 14:44:32,2025-11-11 17:30:32,R-SAN,0
100260,PLT04-L2,2025-11-13 06:29:00,2025-11-13 09:01:00,R-SAN,0
100261,PLT04-L2,2025-11-13 22:22:24,2025-11-14 01:04:24,R-ELE,0
100262,PLT04-L2,2025-11-15 06:09:50,2025-11-15 07:25:50,R-JAM,0
100263,PLT04-L2,2025-10-23 19:30:00,2025-10-23 20:45:00,R-JAM,0
100264,PLT04-L2,2025-10-26 05:40:00,2025-10-26 06:35:00,R-MAT,0
100265,PLT04-L2,2025-10-27 16:00:59,2025-10-27 16:01:00,R-OPR,0
100266,PLT04-L3,2025-10-20 19:24:13,2025-10-20 21:42:13,R-OTH,0
100267,PLT04-L3,2025-10-21 15:57:35,2025-10-21 16:56:35,R-JAM,0
100268,PLT04-L3,2025-10-23 10:31:19,2025-10-23 11:17:19,R-SAN,0
100269,PLT04-L3,2025-10-25 13:06:15,2025-10-25 13:51:15,R-OTH,0
100270,PLT04-L3,2025-10-27 07:39:41,2025-10-27 09:09:41,R-BRG,0
100271,PLT04-L3,2025-10-28 10:38:23,2025-10-28 12:46:23,R-ELE,0
100272,PLT04-L3,2025-10-28 16:42:33,2025-10-28 18:51:33,R-PM,0
100273,PLT04-L3,2025-11-02 07:24:44,2025-11-02 09:33:44,R-CO,0
100274,PLT04-L3,2025-11-04 04:48:28,2025-11-04 05:33:28,R-SAN,0
100275,PLT04-L3,2025-11-04 21:14:17,2025-11-05 00:00:17,R-PM,0
100276,PLT04-L3,2025-11-06 10:08:46,2025-11-06 11:07:46,R-PM,0
100277,PLT04-L3,2025-11-07 17:54:37,2025-11-07 19:04:37,R-CO,0
100278,PLT04-L3,2025-11-09 08:37:58,2025-11-09 09:57:58,R-OTH,0
100279,PLT04-L3,2025-11-11 00:10:20,2025-11-11 02:28:20,R-BRG,0
100280,PLT04-L3,2025-11-12 23:25:43,2025-11-13 01:44:43,R-ELE,0
100281,PLT04-L3,2025-11-14 17:41:06,2025-11-14 17:49:06,R-QLT,0
100282,PLT04-L3,2025-10-23 19:30:00,2025-10-23 20:45:00,R-JAM,0
100283,PLT04-L3,2025-10-26 05:40:00,2025-10-26 06:35:00,R-MAT,0
100284,PLT04-L3,2025-10-27 16:00:59,2025-10-27 16:01:00,R-OPR,0
100285,PLT04-L4,2025-10-21 04:01:51,2025-10-21 05:53:51,R-MAT,0
100286,PLT04-L4,2025-10-22 15:59:14,2025-10-22 17:40:14,R-ELE,0
100287,PLT04-L4,2025-10-23 19:10:26,2025-10-23 19:35:26,R-BRG,0
100288,PLT04-L4,2025-10-24 19:00:08,2025-10-24 20:06:08,R-OTH,0
100289,PLT04-L4,2025-10-25 19:31:52,2025-10-25 20:12:52,R-ELE,0
100290,PLT04-L4,2025-10-27 18:12:38,2025-10-27 19:30:38,R-MAT,0
100291,PLT04-L4,2025-10-29 12:52:22,2025-10-29 13:57:22,R-JAM,0
100292,PLT04-L4,2025-11-01 21:15:04,2025-11-01 21:27:04,R-ELE,0
100293,PLT04-L4,2025-11-02 13:51:03,2025-11-02 16:02:03,R-PM,0
100294,PLT04-L4,2025-11-07 15:29:28,2025-11-07 17:36:28,R-OPR,0
100295,PLT04-L4,2025-11-09 16:09:44,2025-11-09 17:08:44,R-MAT,0
100296,PLT04-L4,2025-11-11 15:58:33,2025-11-11 16:17:33,R-SAN,0
100297,PLT04-L4,2025-11-13 10:37:06,2025-11-13 11:25:06,R-JAM,0
100298,PLT04-L4,2025-11-16 01:05:30,2025-11-16 01:12:30,R-ELE,0
100299,PLT04-L4,2025-10-23 19:30:00,2025-10-23 20:45:00,R-JAM,0
100300,PLT04-L4,2025-10-26 05:40:00,2025-10-26 06:35:00,R-MAT,0
100301,PLT04-L4,2025-10-27 16:00:59,2025-10-27 16:01:00,R-OPR,0
100302,PLT05-L1,2025-10-20 22:47:42,2025-10-21 01:02:42,R-JAM,0
100303,PLT05-L1,2025-10-21 22:32:33,2025-10-22 00:45:33,R-QLT,0
100304,PLT05-L1,2025-10-25 00:00:17,2025-10-25 01:34:17,R-ELE,0
100305,PLT05-L1,2025-10-28 04:25:17,2025-10-28 06:36:17,R-ELE,0
100306,PLT05-L1,2025-10-30 06:07:24,2025-10-30 08:45:24,R-OPR,0
100307,PLT05-L1,2025-10-31 03:23:00,2025-10-31 06:10:00,R-OTH,0
100308,PLT05-L1,2025-11-02 22:11:10,2025-11-02 23:04:10,R-QLT,0
100309,PLT05-L1,2025-11-03 20:27:15,2025-11-03 21:17:15,R-JAM,0
100310,PLT05-L1,2025-11-04 17:56:45,2025-11-04 18:28:45,R-CO,0
100311,PLT05-L1,2025-11-05 13:11:46,2025-11-05 14:54:46,R-OPR,0
100312,PLT05-L1,2025-11-08 06:27:29,2025-11-08 09:13:29,R-PM,0
100313,PLT05-L1,2025-11-09 23:07:21,2025-11-09 23:30:21,R-QLT,0
100314,PLT05-L1,2025-11-12 04:52:51,2025-11-12 06:32:51,R-MAT,0
100315,PLT05-L1,2025-11-14 03:07:19,2025-11-14 03:29:19,R-PM,0
100316,PLT05-L1,2025-11-14 14:45:12,2025-11-14 15:46:12,R-ELE,0
100317,PLT05-L1,2025-11-15 13:41:45,2025-11-15 14:56:45,R-BRG,0
100318,PLT05-L1,2025-11-17 00:11:24,2025-11-17 01:46:24,R-OTH,0
100319,PLT05-L1,2025-10-23 16:30:00,2025-10-23 17:45:00,R-JAM,0
100320,PLT05-L1,2025-10-26 02:40:00,2025-10-26 03:35:00,R-MAT,0
100321,PLT05-L1,2025-10-27 13:00:59,2025-10-27 13:01:00,R-OPR,0
100322,PLT05-L2,2025-10-20 19:16:36,2025-10-20 20:10:36,R-QLT,0
100323,PLT05-L2,2025-10-22 01:17:18,2025-10-22 04:05:18,R-MAT,0
100324,PLT05-L2,2025-10-22 15:53:10,2025-10-22 18:28:10,R-QLT,0
100325,PLT05-L2,2025-10-25 16:12:08,2025-10-25 17:34:08,R-OTH,0
100326,PLT05-L2,2025-10-28 17:48:33,2025-10-28 18:48:33,R-BRG,0
100327,PLT05-L2,2025-10-29 09:54:01,2025-10-29 12:11:01,R-JAM,0
100328,PLT05-L2,2025-11-01 22:44:00,2025-11-01 23:40:00,R-JAM,0
100329,PLT05-L2,2025-11-02 10:22:29,2025-11-02 12:17:29,R-OPR,0
100330,PLT05-L2,2025-11-04 07:20:05,2025-11-04 08:39:05,R-BRG,0
100331,PLT05-L2,2025-11-04 19:22:47,2025-11-04 22:10:47,R-JAM,0
100332,PLT05-L2,2025-11-06 23:30:43,2025-11-07 00:30:43,R-OPR,0
100333,PLT05-L2,2025-11-08 18:34:27,2025-11-08 20:43:27,R-JAM,0
100334,PLT05-L2,2025-11-13 19:00:38,2025-11-13 19:08:38,R-ELE,0
100335,PLT05-L2,2025-10-23 16:30:00,2025-10-23 17:45:00,R-JAM,0
100336,PLT05-L2,2025-10-26 02:40:00,2025-10-26 03:35:00,R-MAT,0
100337,PLT05-L2,2025-10-27 13:00:59,2025-10-27 13:01:00,R-OPR,0
100338,PLT05-L3,2025-10-20 21:46:36,2025-10-20 23:47:36,R-QLT,0
100339,PLT05-L3,2025-10-22 07:08:31,2025-10-22 09:29:31,R-PM,0
100340,PLT05-L3,2025-10-22 20:10:07,2025-10-22 22:24:07,R-CO,0
100341,PLT05-L3,2025-10-23 21:36:06,2025-10-23 22:20:06,R-JAM,0
100342,PLT05-L3,2025-10-24 18:48:16,2025-10-24 21:21:16,R-BRG,0
100343,PLT05-L3,2025-10-26 06:04:23,2025-10-26 06:56:23,R-PM,0
100344,PLT05-L3,2025-10-27 07:53:54,2025-10-27 08:30:54,R-OTH,0
100345,PLT05-L3,2025-10-27 18:48:16,2025-10-27 19:47:16,R-OPR,0
100346,PLT05-L3,2025-10-29 05:18:48,2025-10-29 05:46:48,R-PM,0
100347,PLT05-L3,2025-10-30 03:51:41,2025-10-30 06:08:41,R-BRG,0
100348,PLT05-L3,2025-11-01 04:56:31,2025-11-01 05:51:31,R-OPR,0
100349,PLT05-L3,2025-11-02 21:51:15,2025-11-03 00:01:15,R-OPR,0
100350,PLT05-L3,2025-11-03 12:58:29,2025-11-03 13:26:29,R-OPR,0
100351,PLT05-L3,2025-11-06 03:23:42,2025-11-06 04:24:42,R-OPR,0
100352,PLT05-L3,2025-11-06 22:12:09,2025-11-07 00:29:09,R-BRG,0
100353,PLT05-L3,2025-11-07 20:41:13,2025-11-07 21:49:13,R-QLT,0
100354,PLT05-L3,2025-11-09 15:56:07,2025-11-09 18:07:07,R-JAM,0
100355,PLT05-L3,2025-11-10 22:40:43,2025-11-11 01:26:43,R-MAT,0
100356,PLT05-L3,2025-11-12 13:34:50,2025-11-12 13:55:50,R-CO,0
100357,PLT05-L3,2025-11-14 01:51:05,2025-11-14 04:01:05,R-SAN,0
100358,PLT05-L3,2025-11-14 18:26:21,2025-11-14 19:44:21,R-BRG,0
100359,PLT05-L3,2025-11-16 12:48:22,2025-11-16 13:52:22,R-PM,0
100360,PLT05-L3,2025-10-23 16:30:00,2025-10-23 17:45:00,R-JAM,0
100361,PLT05-L3,2025-10-26 02:40:00,2025-10-26 03:35:00,R-MAT,0
100362,PLT05-L3,2025-10-27 13:00:59,2025-10-27 13:01:00,R-OPR,0
100363,PLT05-L4,2025-10-21 15:19:49,2025-10-21 16:43:49,R-CO,0
100364,PLT05-L4,2025-10-22 23:32:00,2025-10-23 01:42:00,R-QLT,0
100365,PLT05-L4,2025-10-25 01:59:51,2025-10-25 02:32:51,R-OPR,0
100366,PLT05-L4,2025-10-26 14:43:48,2025-10-26 17:12:48,R-OPR,0
100367,PLT05-L4,2025-10-28 22:48:52,2025-10-28 23:20:52,R-OTH,0
100368,PLT05-L4,2025-10-30 16:19:41,2025-10-30 17:09:41,R-PM,0
100369,PLT05-L4,2025-11-02 07:37:42,2025-11-02 09:41:42,R-SAN,0
100370,PLT05-L4,2025-11-02 18:47:01,2025-11-02 21:07:01,R-CO,0
100371,PLT05-L4,2025-11-06 00:48:40,2025-11-06 03:37:40,R-CO,0
100372,PLT05-L4,2025-11-06 11:37:01,2025-11-06 12:58:01,R-OTH,0
100373,PLT05-L4,2025-11-09 00:59:44,2025-11-09 02:14:44,R-JAM,0
100374,PLT05-L4,2025-11-11 04:02:58,2025-11-11 05:21:58,R-PM,0
100375,PLT05-L4,2025-11-11 13:11:41,2025-11-11 13:53:41,R-BRG,0
100376,PLT05-L4,2025-11-14 06:57:27,2025-11-14 09:19:27,R-MAT,0
100377,PLT05-L4,2025-11-15 14:56:12,2025-11-15 16:46:12,R-PM,0
100378,PLT05-L4,2025-10-23 16:30:00,2025-10-23 17:45:00,R-JAM,0
100379,PLT05-L4,2025-10-26 02:40:00,2025-10-26 03:35:00,R-MAT,0
100380,PLT05-L4,2025-10-27 13:00:59,2025-10-27 13:01:00,R-OPR,0
100381,PLT06-L1,2025-10-23 03:40:00,2025-10-23 05:36:00,R-ELE,0
100382,PLT06-L1,2025-10-24 12:24:47,2025-10-24 14:59:47,R-OTH,0
100383,PLT06-L1,2025-10-25 09:00:26,2025-10-25 09:24:26,R-MAT,0
100384,PLT06-L1,2025-10-26 18:47:36,2025-10-26 19:00:36,R-BRG,0
100385,PLT06-L1,2025-10-27 09:05:01,2025-10-27 10:43:01,R-PM,0
100386,PLT06-L1,2025-10-28 17:52:52,2025-10-28 19:40:52,R-QLT,0
100387,PLT06-L1,2025-11-02 15:02:20,2025-11-02 16:25:20,R-BRG,0
100388,PLT06-L1,2025-11-04 06:43:16,2025-11-04 08:15:16,R-ELE,0
100389,PLT06-L1,2025-11-06 09:35:43,2025-11-06 10:07:43,R-OTH,0
100390,PLT06-L1,2025-11-10 18:46:24,2025-11-10 19:02:24,R-OPR,0
100391,PLT06-L1,2025-11-12 03:08:08,2025-11-12 04:06:08,R-MAT,0
100392,PLT06-L1,2025-10-23 12:30:00,2025-10-23 13:45:00,R-JAM,0
100393,PLT06-L1,2025-10-25 22:40:00,2025-10-25 23:35:00,R-MAT,0
100394,PLT06-L1,2025-10-27 10:00:59,2025-10-27 10:01:00,R-OPR,0
100395,PLT06-L2,2025-10-20 16:49:10,2025-10-20 17:19:10,R-BRG,0
100396,PLT06-L2,2025-10-21 17:51:55,2025-10-21 18:13:55,R-PM,0
100397,PLT06-L2,2025-10-26 03:09:08,2025-10-26 05:22:08,R-QLT,0
100398,PLT06-L2,2025-10-26 18:46:17,2025-10-26 18:56:17,R-BRG,0
100399,PLT06-L2,2025-10-31 12:16:56,2025-10-31 12:58:56,R-OTH,0
100400,PLT06-L2,2025-11-03 22:48:47,2025-11-03 23:17:47,R-QLT,0
100401,PLT06-L2,2025-11-08 04:41:53,2025-11-08 07:25:53,R-BRG,0
100402,PLT06-L2,2025-11-09 04:30:02,2025-11-09 04:37:02,R-PM,0
100403,PLT06-L2,2025-11-10 00:31:13,2025-11-10 02:43:13,R-CO,0
100404,PLT06-L2,2025-11-11 03:42:41,2025-11-11 04:22:41,R-QLT,0
100405,PLT06-L2,2025-11-12 15:25:12,2025-11-12 16:26:12,R-OPR,0
100406,PLT06-L2,2025-11-13 22:35:47,2025-11-13 22:56:47,R-PM,0
100407,PLT06-L2,2025-11-14 12:31:25,2025-11-14 14:20:25,R-PM,0
100408,PLT06-L2,2025-11-16 23:48:26,2025-11-17 00:30:26,R-QLT,0
100409,PLT06-L2,2025-10-23 12:30:00,2025-10-23 13:45:00,R-JAM,0
100410,PLT06-L2,2025-10-25 22:40:00,2025-10-25 23:35:00,R-MAT,0
100411,PLT06-L2,2025-10-27 10:00:59,2025-10-27 10:01:00,R-OPR,0
100412,PLT06-L3,2025-10-20 05:58:59,2025-10-20 06:05:59,R-QLT,0
100413,PLT06-L3,2025-10-21 17:10:01,2025-10-21 17:47:01,R-SAN,0
100414,PLT06-L3,2025-10-24 09:06:56,2025-10-24 10:16:56,R-OTH,0
100415,PLT06-L3,2025-10-27 03:11:53,2025-10-27 03:57:53,R-JAM,0
100416,PLT06-L3,2025-10-27 13:23:22,2025-10-27 15:54:22,R-CO,0
100417,PLT06-L3,2025-10-29 21:34:27,2025-10-29 22:55:27,R-OPR,0
100418,PLT06-L3,2025-10-31 02:29:04,2025-10-31 04:12:04,R-ELE,0
100419,PLT06-L3,2025-11-01 12:54:27,2025-11-01 13:52:27,R-QLT,0
100420,PLT06-L3,2025-11-02 08:18:06,2025-11-02 08:59:06,R-PM,0
100421,PLT06-L3,2025-11-04 01:12:24,2025-11-04 04:01:24,R-SAN,0
100422,PLT06-L3,2025-11-05 10:38:35,2025-11-05 10:45:35,R-OTH,0
100423,PLT06-L3,2025-11-07 22:37:33,2025-11-08 01:26:33,R-OPR,0
100424,PLT06-L3,2025-11-09 00:36:48,2025-11-09 03:11:48,R-OPR,0
100425,PLT06-L3,2025-11-11 20:04:46,2025-11-11 21:26:46,R-SAN,0
100426,PLT06-L3,2025-11-15 10:03:55,2025-11-15 11:02:55,R-OTH,0
100427,PLT06-L3,2025-11-16 16:55:52,2025-11-16 18:44:52,R-SAN,0
100428,PLT06-L3,2025-10-23 12:30:00,2025-10-23 13:45:00,R-JAM,0
100429,PLT06-L3,2025-10-25 22:40:00,2025-10-25 23:35:00,R-MAT,0
100430,PLT06-L3,2025-10-27 10:00:59,2025-10-27 10:01:00,R-OPR,0
100431,PLT06-L4,2025-10-21 15:18:48,2025-10-21 18:01:48,R-PM,0
100432,PLT06-L4,2025-10-22 15:58:21,2025-10-22 16:17:21,R-CO,0
100433,PLT06-L4,2025-10-25 16:38:12,2025-10-25 18:01:12,R-MAT,0
100434,PLT06-L4,2025-10-26 09:45:54,2025-10-26 11:27:54,R-OTH,0
100435,PLT06-L4,2025-10-27 11:07:08,2025-10-27 12:08:08,R-SAN,0
100436,PLT06-L4,2025-10-29 22:29:56,2025-10-30 00:04:56,R-ELE,0
100437,PLT06-L4,2025-10-31 13:50:09,2025-10-31 15:43:09,R-BRG,0
100438,PLT06-L4,2025-11-01 13:37:27,2025-11-01 16:04:27,R-OTH,0
100439,PLT06-L4,2025-11-03 01:40:27,2025-11-03 03:21:27,R-JAM,0
100440,PLT06-L4,2025-11-05 09:53:28,2025-11-05 11:48:28,R-OPR,0
100441,PLT06-L4,2025-11-07 04:23:09,2025-11-07 07:02:09,R-BRG,0
100442,PLT06-L4,2025-11-09 21:15:28,2025-11-09 21:24:28,R-OPR,0
100443,PLT06-L4,2025-11-13 10:15:02,2025-11-13 12:05:02,R-OPR,0
100444,PLT06-L4,2025-11-16 02:25:44,2025-11-16 03:38:44,R-OTH,0
100445,PLT06-L4,2025-10-23 12:30:00,2025-10-23 13:45:00,R-JAM,0
100446,PLT06-L4,2025-10-25 22:40:00,2025-10-25 23:35:00,R-MAT,0
100447,PLT06-L4,2025-10-27 10:00:59,2025-10-27 10:01:00,R-OPR,0
100448,PLT01-L1,2025-11-02 05:30:00,2025-11-02 08:30:00,R-BRG,0
100449,PLT02-L1,2025-11-02 04:45:00,2025-11-02 07:15:00,R-BRG,0
100450,PLT03-L1,2025-11-02 07:15:00,2025-11-02 11:05:00,R-BRG,0
100451,PLT06-L1,2025-10-25 23:30:00,2025-10-26 02:30:00,R-BRG,0
100452,PLT01-L2,2025-11-17 02:15:00,,R-JAM,0
100453,PLT05-L3,2025-11-16 12:05:00,,R-ELE,0
100454,PLT02-L1,2025-10-30 10:00:00,2025-10-30 11:30:00,R-PM,1
100455,PLT04-L2,2025-11-01 20:00:00,2025-11-01 21:00:00,R-SAN,1
