sample_id,lot_id,line_id,sample_ts_utc,result,hold_flag
500001,LOT-PLT01-L1-20261019,PLT01-L1,2026-10-19 16:00:00,PASS,N
500002,LOT-PLT01-L1-20261019,PLT01-L1,2026-10-19 17:00:00,PASS,N
500003,LOT-PLT01-L1-20261019,PLT01-L1,2026-10-19 18:00:00,PASS,N
500004,LOT-PLT01-L1-20261023,PLT01-L1,2026-10-23 22:00:00,PASS,N
500005,LOT-PLT01-L1-20261023,PLT01-L1,2026-10-23 23:00:00,FAIL,N
500006,LOT-PLT01-L1-20261023,PLT01-L1,2026-10-24 00:00:00,PASS,N
500007,LOT-PLT01-L1-20261027,PLT01-L1,2026-10-27 14:00:00,PASS,N
500008,LOT-PLT01-L1-20261027,PLT01-L1,2026-10-27 15:00:00,PASS,N
500009,LOT-PLT01-L1-20261027,PLT01-L1,2026-10-27 16:00:00,PASS,N
500010,LOT-PLT01-L1-20261031,PLT01-L1,2026-10-31 18:00:00,FAIL,N
500011,LOT-PLT01-L1-20261031,PLT01-L1,2026-10-31 19:00:00,FAIL,N
500012,LOT-PLT01-L1-20261031,PLT01-L1,2026-10-31 20:00:00,FAIL,N
500013,LOT-PLT01-L1-20261104,PLT01-L1,2026-11-04 21:00:00,PASS,N
500014,LOT-PLT01-L1-20261104,PLT01-L1,2026-11-04 22:00:00,PASS,N
500015,LOT-PLT01-L1-20261104,PLT01-L1,2026-11-04 23:00:00,PASS,N
500016,LOT-PLT01-L1-20261108,PLT01-L1,2026-11-08 23:00:00,PASS,N
500017,LOT-PLT01-L1-20261108,PLT01-L1,2026-11-09 00:00:00,FAIL,Y
500018,LOT-PLT01-L1-20261108,PLT01-L1,2026-11-09 01:00:00,PASS,N
500019,LOT-PLT01-L1-20261112,PLT01-L1,2026-11-12 22:00:00,FAIL,Y
500020,LOT-PLT01-L1-20261112,PLT01-L1,2026-11-12 23:00:00,PASS,Y
500021,LOT-PLT01-L1-20261112,PLT01-L1,2026-11-13 00:00:00,FAIL,N
500022,LOT-PLT01-L2-20261019,PLT01-L2,2026-10-19 22:00:00,FAIL,N
500023,LOT-PLT01-L2-20261019,PLT01-L2,2026-10-19 23:00:00,PASS,Y
500024,LOT-PLT01-L2-20261019,PLT01-L2,2026-10-20 00:00:00,PASS,Y
500025,LOT-PLT01-L2-20261023,PLT01-L2,2026-10-23 18:00:00,PASS,N
500026,LOT-PLT01-L2-20261023,PLT01-L2,2026-10-23 19:00:00,PASS,N
500027,LOT-PLT01-L2-20261023,PLT01-L2,2026-10-23 20:00:00,PASS,N
500028,LOT-PLT01-L2-20261027,PLT01-L2,2026-10-27 21:00:00,PASS,N
500029,LOT-PLT01-L2-20261027,PLT01-L2,2026-10-27 22:00:00,PASS,N
500030,LOT-PLT01-L2-20261027,PLT01-L2,2026-10-27 23:00:00,PASS,N
500031,LOT-PLT01-L2-20261031,PLT01-L2,2026-10-31 15:00:00,FAIL,N
500032,LOT-PLT01-L2-20261031,PLT01-L2,2026-10-31 16:00:00,PASS,Y
500033,LOT-PLT01-L2-20261031,PLT01-L2,2026-10-31 17:00:00,PASS,N
500034,LOT-PLT01-L2-20261104,PLT01-L2,2026-11-04 19:00:00,FAIL,Y
500035,LOT-PLT01-L2-20261104,PLT01-L2,2026-11-04 20:00:00,PASS,N
500036,LOT-PLT01-L2-20261104,PLT01-L2,2026-11-04 21:00:00,PASS,N
500037,LOT-PLT01-L2-20261108,PLT01-L2,2026-11-08 15:00:00,FAIL,N
500038,LOT-PLT01-L2-20261108,PLT01-L2,2026-11-08 16:00:00,PASS,Y
500039,LOT-PLT01-L2-20261108,PLT01-L2,2026-11-08 17:00:00,PASS,N
500040,LOT-PLT01-L2-20261112,PLT01-L2,2026-11-12 15:00:00,PASS,N
500041,LOT-PLT01-L2-20261112,PLT01-L2,2026-11-12 16:00:00,PASS,N
500042,LOT-PLT01-L2-20261112,PLT01-L2,2026-11-12 17:00:00,FAIL,N
500043,LOT-PLT01-L3-20261019,PLT01-L3,2026-10-19 19:00:00,PASS,N
500044,LOT-PLT01-L3-20261019,PLT01-L3,2026-10-19 20:00:00,PASS,N
500045,LOT-PLT01-L3-20261019,PLT01-L3,2026-10-19 21:00:00,PASS,N
500046,LOT-PLT01-L3-20261023,PLT01-L3,2026-10-23 18:00:00,PASS,N
500047,LOT-PLT01-L3-20261023,PLT01-L3,2026-10-23 19:00:00,FAIL,N
500048,LOT-PLT01-L3-20261023,PLT01-L3,2026-10-23 20:00:00,FAIL,N
500049,LOT-PLT01-L3-20261027,PLT01-L3,2026-10-27 20:00:00,PASS,N
500050,LOT-PLT01-L3-20261027,PLT01-L3,2026-10-27 21:00:00,PASS,N
500051,LOT-PLT01-L3-20261027,PLT01-L3,2026-10-27 22:00:00,PASS,Y
500052,LOT-PLT01-L3-20261031,PLT01-L3,2026-10-31 20:00:00,FAIL,N
500053,LOT-PLT01-L3-20261031,PLT01-L3,2026-10-31 21:00:00,PASS,N
500054,LOT-PLT01-L3-20261031,PLT01-L3,2026-10-31 22:00:00,FAIL,N
500055,LOT-PLT01-L3-20261104,PLT01-L3,2026-11-04 21:00:00,PASS,N
500056,LOT-PLT01-L3-20261104,PLT01-L3,2026-11-04 22:00:00,PASS,N
500057,LOT-PLT01-L3-20261104,PLT01-L3,2026-11-04 23:00:00,PASS,N
500058,LOT-PLT01-L3-20261108,PLT01-L3,2026-11-08 16:00:00,PASS,N
500059,LOT-PLT01-L3-20261108,PLT01-L3,2026-11-08 17:00:00,FAIL,N
500060,LOT-PLT01-L3-20261108,PLT01-L3,2026-11-08 18:00:00,PASS,N
500061,LOT-PLT01-L3-20261112,PLT01-L3,2026-11-12 21:00:00,PASS,N
500062,LOT-PLT01-L3-20261112,PLT01-L3,2026-11-12 22:00:00,PASS,N
500063,LOT-PLT01-L3-20261112,PLT01-L3,2026-11-12 23:00:00,PASS,N
500064,LOT-PLT01-L4-20261019,PLT01-L4,2026-10-19 22:00:00,FAIL,N
500065,LOT-PLT01-L4-20261019,PLT01-L4,2026-10-19 23:00:00,FAIL,N
500066,LOT-PLT01-L4-20261019,PLT01-L4,2026-10-20 00:00:00,FAIL,Y
500067,LOT-PLT01-L4-20261023,PLT01-L4,2026-10-23 22:00:00,PASS,N
500068,LOT-PLT01-L4-20261023,PLT01-L4,2026-10-23 23:00:00,PASS,N
500069,LOT-PLT01-L4-20261023,PLT01-L4,2026-10-24 00:00:00,PASS,N
500070,LOT-PLT01-L4-20261027,PLT01-L4,2026-10-27 22:00:00,PASS,N
500071,LOT-PLT01-L4-20261027,PLT01-L4,2026-10-27 23:00:00,PASS,Y
500072,LOT-PLT01-L4-20261027,PLT01-L4,2026-10-28 00:00:00,PASS,Y
500073,LOT-PLT01-L4-20261031,PLT01-L4,2026-10-31 22:00:00,PASS,N
500074,LOT-PLT01-L4-20261031,PLT01-L4,2026-10-31 23:00:00,FAIL,N
500075,LOT-PLT01-L4-20261031,PLT01-L4,2026-11-01 00:00:00,PASS,N
500076,LOT-PLT01-L4-20261104,PLT01-L4,2026-11-04 17:00:00,FAIL,N
500077,LOT-PLT01-L4-20261104,PLT01-L4,2026-11-04 18:00:00,PASS,N
500078,LOT-PLT01-L4-20261104,PLT01-L4,2026-11-04 19:00:00,PASS,N
500079,LOT-PLT01-L4-20261108,PLT01-L4,2026-11-08 19:00:00,PASS,N
500080,LOT-PLT01-L4-20261108,PLT01-L4,2026-11-08 20:00:00,PASS,Y
500081,LOT-PLT01-L4-20261108,PLT01-L4,2026-11-08 21:00:00,PASS,N
500082,LOT-PLT01-L4-20261112,PLT01-L4,2026-11-12 23:00:00,PASS,N
500083,LOT-PLT01-L4-20261112,PLT01-L4,2026-11-13 00:00:00,PASS,N
500084,LOT-PLT01-L4-20261112,PLT01-L4,2026-11-13 01:00:00,PASS,N
500085,LOT-PLT02-L1-20261019,PLT02-L1,2026-10-19 16:00:00,PASS,N
500086,LOT-PLT02-L1-20261019,PLT02-L1,2026-10-19 17:00:00,FAIL,N
500087,LOT-PLT02-L1-20261019,PLT02-L1,2026-10-19 18:00:00,PASS,N
500088,LOT-PLT02-L1-20261023,PLT02-L1,2026-10-23 18:00:00,FAIL,Y
500089,LOT-PLT02-L1-20261023,PLT02-L1,2026-10-23 19:00:00,PASS,N
500090,LOT-PLT02-L1-20261023,PLT02-L1,2026-10-23 20:00:00,PASS,N
500091,LOT-PLT02-L1-20261027,PLT02-L1,2026-10-27 17:00:00,FAIL,N
500092,LOT-PLT02-L1-20261027,PLT02-L1,2026-10-27 18:00:00,FAIL,N
500093,LOT-PLT02-L1-20261027,PLT02-L1,2026-10-27 19:00:00,FAIL,N
500094,LOT-PLT02-L1-20261031,PLT02-L1,2026-10-31 21:00:00,PASS,N
500095,LOT-PLT02-L1-20261031,PLT02-L1,2026-10-31 22:00:00,PASS,N
500096,LOT-PLT02-L1-20261031,PLT02-L1,2026-10-31 23:00:00,PASS,N
500097,LOT-PLT02-L1-20261104,PLT02-L1,2026-11-04 17:00:00,PASS,N
500098,LOT-PLT02-L1-20261104,PLT02-L1,2026-11-04 18:00:00,PASS,N
500099,LOT-PLT02-L1-20261104,PLT02-L1,2026-11-04 19:00:00,PASS,Y
500100,LOT-PLT02-L1-20261108,PLT02-L1,2026-11-08 18:00:00,PASS,N
500101,LOT-PLT02-L1-20261108,PLT02-L1,2026-11-08 19:00:00,PASS,N
500102,LOT-PLT02-L1-20261108,PLT02-L1,2026-11-08 20:00:00,FAIL,N
500103,LOT-PLT02-L1-20261112,PLT02-L1,2026-11-12 17:00:00,FAIL,N
500104,LOT-PLT02-L1-20261112,PLT02-L1,2026-11-12 18:00:00,FAIL,N
500105,LOT-PLT02-L1-20261112,PLT02-L1,2026-11-12 19:00:00,PASS,N
500106,LOT-PLT02-L2-20261019,PLT02-L2,2026-10-19 13:00:00,FAIL,N
500107,LOT-PLT02-L2-20261019,PLT02-L2,2026-10-19 14:00:00,PASS,N
500108,LOT-PLT02-L2-20261019,PLT02-L2,2026-10-19 15:00:00,PASS,N
500109,LOT-PLT02-L2-20261023,PLT02-L2,2026-10-23 17:00:00,PASS,N
500110,LOT-PLT02-L2-20261023,PLT02-L2,2026-10-23 18:00:00,FAIL,N
500111,LOT-PLT02-L2-20261023,PLT02-L2,2026-10-23 19:00:00,PASS,N
500112,LOT-PLT02-L2-20261027,PLT02-L2,2026-10-27 18:00:00,PASS,N
500113,LOT-PLT02-L2-20261027,PLT02-L2,2026-10-27 19:00:00,PASS,N
500114,LOT-PLT02-L2-20261027,PLT02-L2,2026-10-27 20:00:00,PASS,N
500115,LOT-PLT02-L2-20261031,PLT02-L2,2026-10-31 15:00:00,PASS,N
500116,LOT-PLT02-L2-20261031,PLT02-L2,2026-10-31 16:00:00,PASS,Y
500117,LOT-PLT02-L2-20261031,PLT02-L2,2026-10-31 17:00:00,PASS,Y
500118,LOT-PLT02-L2-20261104,PLT02-L2,2026-11-04 19:00:00,PASS,N
500119,LOT-PLT02-L2-20261104,PLT02-L2,2026-11-04 20:00:00,PASS,N
500120,LOT-PLT02-L2-20261104,PLT02-L2,2026-11-04 21:00:00,PASS,N
500121,LOT-PLT02-L2-20261108,PLT02-L2,2026-11-08 16:00:00,PASS,N
500122,LOT-PLT02-L2-20261108,PLT02-L2,2026-11-08 17:00:00,PASS,N
500123,LOT-PLT02-L2-20261108,PLT02-L2,2026-11-08 18:00:00,PASS,N
500124,LOT-PLT02-L2-20261112,PLT02-L2,2026-11-12 14:00:00,PASS,N
500125,LOT-PLT02-L2-20261112,PLT02-L2,2026-11-12 15:00:00,PASS,N
500126,LOT-PLT02-L2-20261112,PLT02-L2,2026-11-12 16:00:00,PASS,N
500127,LOT-PLT02-L3-20261019,PLT02-L3,2026-10-19 17:00:00,PASS,Y
500128,LOT-PLT02-L3-20261019,PLT02-L3,2026-10-19 18:00:00,PASS,N
500129,LOT-PLT02-L3-20261019,PLT02-L3,2026-10-19 19:00:00,PASS,N
500130,LOT-PLT02-L3-20261023,PLT02-L3,2026-10-23 14:00:00,PASS,Y
500131,LOT-PLT02-L3-20261023,PLT02-L3,2026-10-23 15:00:00,PASS,N
500132,LOT-PLT02-L3-20261023,PLT02-L3,2026-10-23 16:00:00,FAIL,N
500133,LOT-PLT02-L3-20261027,PLT02-L3,2026-10-27 21:00:00,PASS,N
500134,LOT-PLT02-L3-20261027,PLT02-L3,2026-10-27 22:00:00,PASS,N
500135,LOT-PLT02-L3-20261027,PLT02-L3,2026-10-27 23:00:00,PASS,N
500136,LOT-PLT02-L3-20261031,PLT02-L3,2026-10-31 16:00:00,FAIL,N
500137,LOT-PLT02-L3-20261031,PLT02-L3,2026-10-31 17:00:00,PASS,N
500138,LOT-PLT02-L3-20261031,PLT02-L3,2026-10-31 18:00:00,PASS,N
500139,LOT-PLT02-L3-20261104,PLT02-L3,2026-11-04 15:00:00,FAIL,Y
500140,LOT-PLT02-L3-20261104,PLT02-L3,2026-11-04 16:00:00,PASS,N
500141,LOT-PLT02-L3-20261104,PLT02-L3,2026-11-04 17:00:00,PASS,Y
500142,LOT-PLT02-L3-20261108,PLT02-L3,2026-11-08 18:00:00,PASS,N
500143,LOT-PLT02-L3-20261108,PLT02-L3,2026-11-08 19:00:00,FAIL,N
500144,LOT-PLT02-L3-20261108,PLT02-L3,2026-11-08 20:00:00,PASS,N
500145,LOT-PLT02-L3-20261112,PLT02-L3,2026-11-12 18:00:00,PASS,N
500146,LOT-PLT02-L3-20261112,PLT02-L3,2026-11-12 19:00:00,FAIL,N
500147,LOT-PLT02-L3-20261112,PLT02-L3,2026-11-12 20:00:00,PASS,N
500148,LOT-PLT02-L4-20261019,PLT02-L4,2026-10-19 13:00:00,PASS,N
500149,LOT-PLT02-L4-20261019,PLT02-L4,2026-10-19 14:00:00,PASS,N
500150,LOT-PLT02-L4-20261019,PLT02-L4,2026-10-19 15:00:00,PASS,N
500151,LOT-PLT02-L4-20261023,PLT02-L4,2026-10-23 14:00:00,PASS,N
500152,LOT-PLT02-L4-20261023,PLT02-L4,2026-10-23 15:00:00,PASS,N
500153,LOT-PLT02-L4-20261023,PLT02-L4,2026-10-23 16:00:00,PASS,N
500154,LOT-PLT02-L4-20261027,PLT02-L4,2026-10-27 18:00:00,PASS,N
500155,LOT-PLT02-L4-20261027,PLT02-L4,2026-10-27 19:00:00,FAIL,N
500156,LOT-PLT02-L4-20261027,PLT02-L4,2026-10-27 20:00:00,PASS,N
500157,LOT-PLT02-L4-20261031,PLT02-L4,2026-10-31 14:00:00,PASS,N
500158,LOT-PLT02-L4-20261031,PLT02-L4,2026-10-31 15:00:00,PASS,N
500159,LOT-PLT02-L4-20261031,PLT02-L4,2026-10-31 16:00:00,FAIL,Y
500160,LOT-PLT02-L4-20261104,PLT02-L4,2026-11-04 15:00:00,FAIL,Y
500161,LOT-PLT02-L4-20261104,PLT02-L4,2026-11-04 16:00:00,PASS,N
500162,LOT-PLT02-L4-20261104,PLT02-L4,2026-11-04 17:00:00,PASS,N
500163,LOT-PLT02-L4-20261108,PLT02-L4,2026-11-08 20:00:00,FAIL,N
500164,LOT-PLT02-L4-20261108,PLT02-L4,2026-11-08 21:00:00,PASS,N
500165,LOT-PLT02-L4-20261108,PLT02-L4,2026-11-08 22:00:00,PASS,Y
500166,LOT-PLT02-L4-20261112,PLT02-L4,2026-11-12 20:00:00,PASS,Y
500167,LOT-PLT02-L4-20261112,PLT02-L4,2026-11-12 21:00:00,PASS,N
500168,LOT-PLT02-L4-20261112,PLT02-L4,2026-11-12 22:00:00,PASS,N
500169,LOT-PLT03-L1-20261019,PLT03-L1,2026-10-19 17:00:00,PASS,N
500170,LOT-PLT03-L1-20261019,PLT03-L1,2026-10-19 18:00:00,PASS,N
500171,LOT-PLT03-L1-20261019,PLT03-L1,2026-10-19 19:00:00,PASS,N
500172,LOT-PLT03-L1-20261023,PLT03-L1,2026-10-23 19:00:00,PASS,N
500173,LOT-PLT03-L1-20261023,PLT03-L1,2026-10-23 20:00:00,PASS,Y
500174,LOT-PLT03-L1-20261023,PLT03-L1,2026-10-23 21:00:00,PASS,N
500175,LOT-PLT03-L1-20261027,PLT03-L1,2026-10-27 21:00:00,PASS,N
500176,LOT-PLT03-L1-20261027,PLT03-L1,2026-10-27 22:00:00,PASS,N
500177,LOT-PLT03-L1-20261027,PLT03-L1,2026-10-27 23:00:00,PASS,N
500178,LOT-PLT03-L1-20261031,PLT03-L1,2026-10-31 22:00:00,PASS,N
500179,LOT-PLT03-L1-20261031,PLT03-L1,2026-10-31 23:00:00,PASS,N
500180,LOT-PLT03-L1-20261031,PLT03-L1,2026-11-01 00:00:00,FAIL,N
500181,LOT-PLT03-L1-20261104,PLT03-L1,2026-11-04 19:00:00,PASS,N
500182,LOT-PLT03-L1-20261104,PLT03-L1,2026-11-04 20:00:00,PASS,Y
500183,LOT-PLT03-L1-20261104,PLT03-L1,2026-11-04 21:00:00,PASS,N
500184,LOT-PLT03-L1-20261108,PLT03-L1,2026-11-09 00:00:00,PASS,N
500185,LOT-PLT03-L1-20261108,PLT03-L1,2026-11-09 01:00:00,PASS,N
500186,LOT-PLT03-L1-20261108,PLT03-L1,2026-11-09 02:00:00,PASS,N
500187,LOT-PLT03-L1-20261112,PLT03-L1,2026-11-12 18:00:00,PASS,N
500188,LOT-PLT03-L1-20261112,PLT03-L1,2026-11-12 19:00:00,PASS,N
500189,LOT-PLT03-L1-20261112,PLT03-L1,2026-11-12 20:00:00,PASS,N
500190,LOT-PLT03-L2-20261019,PLT03-L2,2026-10-20 00:00:00,FAIL,N
500191,LOT-PLT03-L2-20261019,PLT03-L2,2026-10-20 01:00:00,FAIL,N
500192,LOT-PLT03-L2-20261019,PLT03-L2,2026-10-20 02:00:00,PASS,N
500193,LOT-PLT03-L2-20261023,PLT03-L2,2026-10-23 21:00:00,PASS,Y
500194,LOT-PLT03-L2-20261023,PLT03-L2,2026-10-23 22:00:00,FAIL,N
500195,LOT-PLT03-L2-20261023,PLT03-L2,2026-10-23 23:00:00,PASS,N
500196,LOT-PLT03-L2-20261027,PLT03-L2,2026-10-27 21:00:00,FAIL,N
500197,LOT-PLT03-L2-20261027,PLT03-L2,2026-10-27 22:00:00,PASS,N
500198,LOT-PLT03-L2-20261027,PLT03-L2,2026-10-27 23:00:00,PASS,N
500199,LOT-PLT03-L2-20261031,PLT03-L2,2026-10-31 21:00:00,FAIL,N
500200,LOT-PLT03-L2-20261031,PLT03-L2,2026-10-31 22:00:00,PASS,N
500201,LOT-PLT03-L2-20261031,PLT03-L2,2026-10-31 23:00:00,FAIL,N
500202,LOT-PLT03-L2-20261104,PLT03-L2,2026-11-04 17:00:00,PASS,Y
500203,LOT-PLT03-L2-20261104,PLT03-L2,2026-11-04 18:00:00,PASS,N
500204,LOT-PLT03-L2-20261104,PLT03-L2,2026-11-04 19:00:00,PASS,N
500205,LOT-PLT03-L2-20261108,PLT03-L2,2026-11-08 17:00:00,PASS,N
500206,LOT-PLT03-L2-20261108,PLT03-L2,2026-11-08 18:00:00,FAIL,N
500207,LOT-PLT03-L2-20261108,PLT03-L2,2026-11-08 19:00:00,PASS,N
500208,LOT-PLT03-L2-20261112,PLT03-L2,2026-11-12 19:00:00,PASS,Y
500209,LOT-PLT03-L2-20261112,PLT03-L2,2026-11-12 20:00:00,PASS,Y
500210,LOT-PLT03-L2-20261112,PLT03-L2,2026-11-12 21:00:00,PASS,N
500211,LOT-PLT03-L3-20261019,PLT03-L3,2026-10-19 23:00:00,PASS,N
500212,LOT-PLT03-L3-20261019,PLT03-L3,2026-10-20 00:00:00,PASS,N
500213,LOT-PLT03-L3-20261019,PLT03-L3,2026-10-20 01:00:00,PASS,N
500214,LOT-PLT03-L3-20261023,PLT03-L3,2026-10-23 23:00:00,FAIL,N
500215,LOT-PLT03-L3-20261023,PLT03-L3,2026-10-24 00:00:00,PASS,N
500216,LOT-PLT03-L3-20261023,PLT03-L3,2026-10-24 01:00:00,PASS,N
500217,LOT-PLT03-L3-20261027,PLT03-L3,2026-10-27 16:00:00,PASS,N
500218,LOT-PLT03-L3-20261027,PLT03-L3,2026-10-27 17:00:00,FAIL,N
500219,LOT-PLT03-L3-20261027,PLT03-L3,2026-10-27 18:00:00,PASS,N
500220,LOT-PLT03-L3-20261031,PLT03-L3,2026-10-31 23:00:00,PASS,N
500221,LOT-PLT03-L3-20261031,PLT03-L3,2026-11-01 00:00:00,PASS,N
500222,LOT-PLT03-L3-20261031,PLT03-L3,2026-11-01 01:00:00,FAIL,N
500223,LOT-PLT03-L3-20261104,PLT03-L3,2026-11-04 17:00:00,PASS,N
500224,LOT-PLT03-L3-20261104,PLT03-L3,2026-11-04 18:00:00,FAIL,Y
500225,LOT-PLT03-L3-20261104,PLT03-L3,2026-11-04 19:00:00,PASS,N
500226,LOT-PLT03-L3-20261108,PLT03-L3,2026-11-08 21:00:00,PASS,N
500227,LOT-PLT03-L3-20261108,PLT03-L3,2026-11-08 22:00:00,PASS,Y
500228,LOT-PLT03-L3-20261108,PLT03-L3,2026-11-08 23:00:00,FAIL,N
500229,LOT-PLT03-L3-20261112,PLT03-L3,2026-11-12 19:00:00,PASS,N
500230,LOT-PLT03-L3-20261112,PLT03-L3,2026-11-12 20:00:00,PASS,Y
500231,LOT-PLT03-L3-20261112,PLT03-L3,2026-11-12 21:00:00,FAIL,N
500232,LOT-PLT03-L4-20261019,PLT03-L4,2026-10-20 00:00:00,PASS,N
500233,LOT-PLT03-L4-20261019,PLT03-L4,2026-10-20 01:00:00,FAIL,Y
500234,LOT-PLT03-L4-20261019,PLT03-L4,2026-10-20 02:00:00,PASS,N
500235,LOT-PLT03-L4-20261023,PLT03-L4,2026-10-23 20:00:00,PASS,N
500236,LOT-PLT03-L4-20261023,PLT03-L4,2026-10-23 21:00:00,PASS,N
500237,LOT-PLT03-L4-20261023,PLT03-L4,2026-10-23 22:00:00,PASS,N
500238,LOT-PLT03-L4-20261027,PLT03-L4,2026-10-28 00:00:00,PASS,N
500239,LOT-PLT03-L4-20261027,PLT03-L4,2026-10-28 01:00:00,PASS,N
500240,LOT-PLT03-L4-20261027,PLT03-L4,2026-10-28 02:00:00,PASS,N
500241,LOT-PLT03-L4-20261031,PLT03-L4,2026-10-31 20:00:00,PASS,N
500242,LOT-PLT03-L4-20261031,PLT03-L4,2026-10-31 21:00:00,PASS,Y
500243,LOT-PLT03-L4-20261031,PLT03-L4,2026-10-31 22:00:00,PASS,N
500244,LOT-PLT03-L4-20261104,PLT03-L4,2026-11-04 23:00:00,PASS,Y
500245,LOT-PLT03-L4-20261104,PLT03-L4,2026-11-05 00:00:00,FAIL,N
500246,LOT-PLT03-L4-20261104,PLT03-L4,2026-11-05 01:00:00,FAIL,N
500247,LOT-PLT03-L4-20261108,PLT03-L4,2026-11-08 19:00:00,PASS,Y
500248,LOT-PLT03-L4-20261108,PLT03-L4,2026-11-08 20:00:00,PASS,N
500249,LOT-PLT03-L4-20261108,PLT03-L4,2026-11-08 21:00:00,PASS,N
500250,LOT-PLT03-L4-20261112,PLT03-L4,2026-11-12 17:00:00,FAIL,N
500251,LOT-PLT03-L4-20261112,PLT03-L4,2026-11-12 18:00:00,PASS,N
500252,LOT-PLT03-L4-20261112,PLT03-L4,2026-11-12 19:00:00,PASS,N
500253,LOT-PLT04-L1-20261019,PLT04-L1,2026-10-19 17:00:00,FAIL,N
500254,LOT-PLT04-L1-20261019,PLT04-L1,2026-10-19 18:00:00,PASS,N
500255,LOT-PLT04-L1-20261019,PLT04-L1,2026-10-19 19:00:00,FAIL,N
500256,LOT-PLT04-L1-20261023,PLT04-L1,2026-10-23 15:00:00,PASS,N
500257,LOT-PLT04-L1-20261023,PLT04-L1,2026-10-23 16:00:00,PASS,N
500258,LOT-PLT04-L1-20261023,PLT04-L1,2026-10-23 17:00:00,PASS,N
500259,LOT-PLT04-L1-20261027,PLT04-L1,2026-10-27 16:00:00,PASS,N
500260,LOT-PLT04-L1-20261027,PLT04-L1,2026-10-27 17:00:00,PASS,N
500261,LOT-PLT04-L1-20261027,PLT04-L1,2026-10-27 18:00:00,PASS,N
500262,LOT-PLT04-L1-20261031,PLT04-L1,2026-10-31 17:00:00,FAIL,Y
500263,LOT-PLT04-L1-20261031,PLT04-L1,2026-10-31 18:00:00,FAIL,N
500264,LOT-PLT04-L1-20261031,PLT04-L1,2026-10-31 19:00:00,PASS,N
500265,LOT-PLT04-L1-20261104,PLT04-L1,2026-11-04 21:00:00,PASS,N
500266,LOT-PLT04-L1-20261104,PLT04-L1,2026-11-04 22:00:00,PASS,N
500267,LOT-PLT04-L1-20261104,PLT04-L1,2026-11-04 23:00:00,PASS,N
500268,LOT-PLT04-L1-20261108,PLT04-L1,2026-11-08 16:00:00,FAIL,N
500269,LOT-PLT04-L1-20261108,PLT04-L1,2026-11-08 17:00:00,PASS,N
500270,LOT-PLT04-L1-20261108,PLT04-L1,2026-11-08 18:00:00,PASS,N
500271,LOT-PLT04-L1-20261112,PLT04-L1,2026-11-12 15:00:00,PASS,N
500272,LOT-PLT04-L1-20261112,PLT04-L1,2026-11-12 16:00:00,PASS,N
500273,LOT-PLT04-L1-20261112,PLT04-L1,2026-11-12 17:00:00,PASS,N
500274,LOT-PLT04-L2-20261019,PLT04-L2,2026-10-19 18:00:00,FAIL,Y
500275,LOT-PLT04-L2-20261019,PLT04-L2,2026-10-19 19:00:00,FAIL,N
500276,LOT-PLT04-L2-20261019,PLT04-L2,2026-10-19 20:00:00,FAIL,N
500277,LOT-PLT04-L2-20261023,PLT04-L2,2026-10-23 16:00:00,PASS,N
500278,LOT-PLT04-L2-20261023,PLT04-L2,2026-10-23 17:00:00,FAIL,N
500279,LOT-PLT04-L2-20261023,PLT04-L2,2026-10-23 18:00:00,PASS,N
500280,LOT-PLT04-L2-20261027,PLT04-L2,2026-10-27 15:00:00,PASS,N
500281,LOT-PLT04-L2-20261027,PLT04-L2,2026-10-27 16:00:00,PASS,N
500282,LOT-PLT04-L2-20261027,PLT04-L2,2026-10-27 17:00:00,FAIL,N
500283,LOT-PLT04-L2-20261031,PLT04-L2,2026-10-31 20:00:00,PASS,N
500284,LOT-PLT04-L2-20261031,PLT04-L2,2026-10-31 21:00:00,PASS,N
500285,LOT-PLT04-L2-20261031,PLT04-L2,2026-10-31 22:00:00,PASS,N
500286,LOT-PLT04-L2-20261104,PLT04-L2,2026-11-04 17:00:00,FAIL,N
500287,LOT-PLT04-L2-20261104,PLT04-L2,2026-11-04 18:00:00,FAIL,N
500288,LOT-PLT04-L2-20261104,PLT04-L2,2026-11-04 19:00:00,PASS,N
500289,LOT-PLT04-L2-20261108,PLT04-L2,2026-11-08 23:00:00,PASS,N
500290,LOT-PLT04-L2-20261108,PLT04-L2,2026-11-09 00:00:00,FAIL,N
500291,LOT-PLT04-L2-20261108,PLT04-L2,2026-11-09 01:00:00,PASS,N
500292,LOT-PLT04-L2-20261112,PLT04-L2,2026-11-12 22:00:00,FAIL,N
500293,LOT-PLT04-L2-20261112,PLT04-L2,2026-11-12 23:00:00,PASS,Y
500294,LOT-PLT04-L2-20261112,PLT04-L2,2026-11-13 00:00:00,PASS,N
500295,LOT-PLT04-L3-20261019,PLT04-L3,2026-10-19 16:00:00,PASS,N
500296,LOT-PLT04-L3-20261019,PLT04-L3,2026-10-19 17:00:00,PASS,N
500297,LOT-PLT04-L3-20261019,PLT04-L3,2026-10-19 18:00:00,PASS,N
500298,LOT-PLT04-L3-20261023,PLT04-L3,2026-10-23 21:00:00,PASS,N
500299,LOT-PLT04-L3-20261023,PLT04-L3,2026-10-23 22:00:00,PASS,N
500300,LOT-PLT04-L3-20261023,PLT04-L3,2026-10-23 23:00:00,PASS,N
500301,LOT-PLT04-L3-20261027,PLT04-L3,2026-10-27 23:00:00,PASS,N
500302,LOT-PLT04-L3-20261027,PLT04-L3,2026-10-28 00:00:00,PASS,N
500303,LOT-PLT04-L3-20261027,PLT04-L3,2026-10-28 01:00:00,FAIL,N
500304,LOT-PLT04-L3-20261031,PLT04-L3,2026-10-31 22:00:00,PASS,N
500305,LOT-PLT04-L3-20261031,PLT04-L3,2026-10-31 23:00:00,PASS,N
500306,LOT-PLT04-L3-20261031,PLT04-L3,2026-11-01 00:00:00,FAIL,N
500307,LOT-PLT04-L3-20261104,PLT04-L3,2026-11-04 15:00:00,FAIL,N
500308,LOT-PLT04-L3-20261104,PLT04-L3,2026-11-04 16:00:00,PASS,N
500309,LOT-PLT04-L3-20261104,PLT04-L3,2026-11-04 17:00:00,PASS,N
500310,LOT-PLT04-L3-20261108,PLT04-L3,2026-11-08 20:00:00,PASS,Y
500311,LOT-PLT04-L3-20261108,PLT04-L3,2026-11-08 21:00:00,PASS,N
500312,LOT-PLT04-L3-20261108,PLT04-L3,2026-11-08 22:00:00,PASS,N
500313,LOT-PLT04-L3-20261112,PLT04-L3,2026-11-12 15:00:00,PASS,Y
500314,LOT-PLT04-L3-20261112,PLT04-L3,2026-11-12 16:00:00,PASS,N
500315,LOT-PLT04-L3-20261112,PLT04-L3,2026-11-12 17:00:00,FAIL,N
500316,LOT-PLT04-L4-20261019,PLT04-L4,2026-10-19 17:00:00,PASS,Y
500317,LOT-PLT04-L4-20261019,PLT04-L4,2026-10-19 18:00:00,FAIL,Y
500318,LOT-PLT04-L4-20261019,PLT04-L4,2026-10-19 19:00:00,FAIL,N
500319,LOT-PLT04-L4-20261023,PLT04-L4,2026-10-23 15:00:00,PASS,N
500320,LOT-PLT04-L4-20261023,PLT04-L4,2026-10-23 16:00:00,PASS,N
500321,LOT-PLT04-L4-20261023,PLT04-L4,2026-10-23 17:00:00,PASS,Y
500322,LOT-PLT04-L4-20261027,PLT04-L4,2026-10-27 22:00:00,FAIL,Y
500323,LOT-PLT04-L4-20261027,PLT04-L4,2026-10-27 23:00:00,PASS,Y
500324,LOT-PLT04-L4-20261027,PLT04-L4,2026-10-28 00:00:00,PASS,N
500325,LOT-PLT04-L4-20261031,PLT04-L4,2026-10-31 23:00:00,PASS,Y
500326,LOT-PLT04-L4-20261031,PLT04-L4,2026-11-01 00:00:00,PASS,N
500327,LOT-PLT04-L4-20261031,PLT04-L4,2026-11-01 01:00:00,PASS,N
500328,LOT-PLT04-L4-20261104,PLT04-L4,2026-11-04 16:00:00,PASS,N
500329,LOT-PLT04-L4-20261104,PLT04-L4,2026-11-04 17:00:00,PASS,N
500330,LOT-PLT04-L4-20261104,PLT04-L4,2026-11-04 18:00:00,PASS,N
500331,LOT-PLT04-L4-20261108,PLT04-L4,2026-11-08 22:00:00,PASS,N
500332,LOT-PLT04-L4-20261108,PLT04-L4,2026-11-08 23:00:00,PASS,N
500333,LOT-PLT04-L4-20261108,PLT04-L4,2026-11-09 00:00:00,PASS,N
500334,LOT-PLT04-L4-20261112,PLT04-L4,2026-11-12 16:00:00,PASS,N
500335,LOT-PLT04-L4-20261112,PLT04-L4,2026-11-12 17:00:00,PASS,N
500336,LOT-PLT04-L4-20261112,PLT04-L4,2026-11-12 18:00:00,FAIL,N
500337,LOT-PLT05-L1-20261019,PLT05-L1,2026-10-19 16:00:00,PASS,Y
500338,LOT-PLT05-L1-20261019,PLT05-L1,2026-10-19 17:00:00,PASS,Y
500339,LOT-PLT05-L1-20261019,PLT05-L1,2026-10-19 18:00:00,PASS,N
500340,LOT-PLT05-L1-20261023,PLT05-L1,2026-10-23 14:00:00,PASS,N
500341,LOT-PLT05-L1-20261023,PLT05-L1,2026-10-23 15:00:00,PASS,N
500342,LOT-PLT05-L1-20261023,PLT05-L1,2026-10-23 16:00:00,PASS,Y
500343,LOT-PLT05-L1-20261027,PLT05-L1,2026-10-27 18:00:00,PASS,Y
500344,LOT-PLT05-L1-20261027,PLT05-L1,2026-10-27 19:00:00,FAIL,N
500345,LOT-PLT05-L1-20261027,PLT05-L1,2026-10-27 20:00:00,PASS,N
500346,LOT-PLT05-L1-20261031,PLT05-L1,2026-10-31 15:00:00,PASS,N
500347,LOT-PLT05-L1-20261031,PLT05-L1,2026-10-31 16:00:00,PASS,N
500348,LOT-PLT05-L1-20261031,PLT05-L1,2026-10-31 17:00:00,PASS,N
500349,LOT-PLT05-L1-20261104,PLT05-L1,2026-11-04 12:00:00,PASS,N
500350,LOT-PLT05-L1-20261104,PLT05-L1,2026-11-04 13:00:00,PASS,N
500351,LOT-PLT05-L1-20261104,PLT05-L1,2026-11-04 14:00:00,FAIL,Y
500352,LOT-PLT05-L1-20261108,PLT05-L1,2026-11-08 18:00:00,PASS,N
500353,LOT-PLT05-L1-20261108,PLT05-L1,2026-11-08 19:00:00,PASS,Y
500354,LOT-PLT05-L1-20261108,PLT05-L1,2026-11-08 20:00:00,PASS,N
500355,LOT-PLT05-L1-20261112,PLT05-L1,2026-11-12 20:00:00,PASS,N
500356,LOT-PLT05-L1-20261112,PLT05-L1,2026-11-12 21:00:00,FAIL,N
500357,LOT-PLT05-L1-20261112,PLT05-L1,2026-11-12 22:00:00,FAIL,N
500358,LOT-PLT05-L2-20261019,PLT05-L2,2026-10-19 19:00:00,FAIL,N
500359,LOT-PLT05-L2-20261019,PLT05-L2,2026-10-19 20:00:00,PASS,N
500360,LOT-PLT05-L2-20261019,PLT05-L2,2026-10-19 21:00:00,PASS,N
500361,LOT-PLT05-L2-20261023,PLT05-L2,2026-10-23 12:00:00,PASS,N
500362,LOT-PLT05-L2-20261023,PLT05-L2,2026-10-23 13:00:00,PASS,N
500363,LOT-PLT05-L2-20261023,PLT05-L2,2026-10-23 14:00:00,PASS,N
500364,LOT-PLT05-L2-20261027,PLT05-L2,2026-10-27 12:00:00,FAIL,N
500365,LOT-PLT05-L2-20261027,PLT05-L2,2026-10-27 13:00:00,PASS,N
500366,LOT-PLT05-L2-20261027,PLT05-L2,2026-10-27 14:00:00,PASS,N
500367,LOT-PLT05-L2-20261031,PLT05-L2,2026-10-31 14:00:00,PASS,N
500368,LOT-PLT05-L2-20261031,PLT05-L2,2026-10-31 15:00:00,PASS,N
500369,LOT-PLT05-L2-20261031,PLT05-L2,2026-10-31 16:00:00,PASS,N
500370,LOT-PLT05-L2-20261104,PLT05-L2,2026-11-04 18:00:00,PASS,N
500371,LOT-PLT05-L2-20261104,PLT05-L2,2026-11-04 19:00:00,PASS,N
500372,LOT-PLT05-L2-20261104,PLT05-L2,2026-11-04 20:00:00,PASS,Y
500373,LOT-PLT05-L2-20261108,PLT05-L2,2026-11-08 17:00:00,PASS,N
500374,LOT-PLT05-L2-20261108,PLT05-L2,2026-11-08 18:00:00,FAIL,Y
500375,LOT-PLT05-L2-20261108,PLT05-L2,2026-11-08 19:00:00,PASS,N
500376,LOT-PLT05-L2-20261112,PLT05-L2,2026-11-12 20:00:00,FAIL,N
500377,LOT-PLT05-L2-20261112,PLT05-L2,2026-11-12 21:00:00,PASS,N
500378,LOT-PLT05-L2-20261112,PLT05-L2,2026-11-12 22:00:00,FAIL,Y
500379,LOT-PLT05-L3-20261019,PLT05-L3,2026-10-19 15:00:00,PASS,N
500380,LOT-PLT05-L3-20261019,PLT05-L3,2026-10-19 16:00:00,FAIL,N
500381,LOT-PLT05-L3-20261019,PLT05-L3,2026-10-19 17:00:00,PASS,N
500382,LOT-PLT05-L3-20261023,PLT05-L3,2026-10-23 18:00:00,FAIL,N
500383,LOT-PLT05-L3-20261023,PLT05-L3,2026-10-23 19:00:00,FAIL,N
500384,LOT-PLT05-L3-20261023,PLT05-L3,2026-10-23 20:00:00,PASS,N
500385,LOT-PLT05-L3-20261027,PLT05-L3,2026-10-27 16:00:00,PASS,N
500386,LOT-PLT05-L3-20261027,PLT05-L3,2026-10-27 17:00:00,PASS,N
500387,LOT-PLT05-L3-20261027,PLT05-L3,2026-10-27 18:00:00,PASS,N
500388,LOT-PLT05-L3-20261031,PLT05-L3,2026-10-31 15:00:00,FAIL,N
500389,LOT-PLT05-L3-20261031,PLT05-L3,2026-10-31 16:00:00,PASS,N
500390,LOT-PLT05-L3-20261031,PLT05-L3,2026-10-31 17:00:00,PASS,Y
500391,LOT-PLT05-L3-20261104,PLT05-L3,2026-11-04 17:00:00,PASS,N
500392,LOT-PLT05-L3-20261104,PLT05-L3,2026-11-04 18:00:00,PASS,N
500393,LOT-PLT05-L3-20261104,PLT05-L3,2026-11-04 19:00:00,PASS,N
500394,LOT-PLT05-L3-20261108,PLT05-L3,2026-11-08 14:00:00,PASS,N
500395,LOT-PLT05-L3-20261108,PLT05-L3,2026-11-08 15:00:00,PASS,N
500396,LOT-PLT05-L3-20261108,PLT05-L3,2026-11-08 16:00:00,PASS,N
500397,LOT-PLT05-L3-20261112,PLT05-L3,2026-11-12 20:00:00,PASS,N
500398,LOT-PLT05-L3-20261112,PLT05-L3,2026-11-12 21:00:00,FAIL,Y
500399,LOT-PLT05-L3-20261112,PLT05-L3,2026-11-12 22:00:00,FAIL,N
500400,LOT-PLT05-L4-20261019,PLT05-L4,2026-10-19 12:00:00,PASS,N
500401,LOT-PLT05-L4-20261019,PLT05-L4,2026-10-19 13:00:00,PASS,N
500402,LOT-PLT05-L4-20261019,PLT05-L4,2026-10-19 14:00:00,PASS,N
500403,LOT-PLT05-L4-20261023,PLT05-L4,2026-10-23 13:00:00,PASS,N
500404,LOT-PLT05-L4-20261023,PLT05-L4,2026-10-23 14:00:00,FAIL,Y
500405,LOT-PLT05-L4-20261023,PLT05-L4,2026-10-23 15:00:00,FAIL,Y
500406,LOT-PLT05-L4-20261027,PLT05-L4,2026-10-27 14:00:00,PASS,N
500407,LOT-PLT05-L4-20261027,PLT05-L4,2026-10-27 15:00:00,FAIL,N
500408,LOT-PLT05-L4-20261027,PLT05-L4,2026-10-27 16:00:00,PASS,N
500409,LOT-PLT05-L4-20261031,PLT05-L4,2026-10-31 15:00:00,PASS,N
500410,LOT-PLT05-L4-20261031,PLT05-L4,2026-10-31 16:00:00,FAIL,Y
500411,LOT-PLT05-L4-20261031,PLT05-L4,2026-10-31 17:00:00,PASS,N
500412,LOT-PLT05-L4-20261104,PLT05-L4,2026-11-04 14:00:00,FAIL,N
500413,LOT-PLT05-L4-20261104,PLT05-L4,2026-11-04 15:00:00,FAIL,N
500414,LOT-PLT05-L4-20261104,PLT05-L4,2026-11-04 16:00:00,FAIL,N
500415,LOT-PLT05-L4-20261108,PLT05-L4,2026-11-08 12:00:00,FAIL,Y
500416,LOT-PLT05-L4-20261108,PLT05-L4,2026-11-08 13:00:00,PASS,N
500417,LOT-PLT05-L4-20261108,PLT05-L4,2026-11-08 14:00:00,PASS,N
500418,LOT-PLT05-L4-20261112,PLT05-L4,2026-11-12 14:00:00,PASS,N
500419,LOT-PLT05-L4-20261112,PLT05-L4,2026-11-12 15:00:00,PASS,N
500420,LOT-PLT05-L4-20261112,PLT05-L4,2026-11-12 16:00:00,PASS,N
500421,LOT-PLT06-L1-20261019,PLT06-L1,2026-10-19 15:00:00,PASS,N
500422,LOT-PLT06-L1-20261019,PLT06-L1,2026-10-19 16:00:00,PASS,N
500423,LOT-PLT06-L1-20261019,PLT06-L1,2026-10-19 17:00:00,FAIL,N
500424,LOT-PLT06-L1-20261023,PLT06-L1,2026-10-23 14:00:00,PASS,N
500425,LOT-PLT06-L1-20261023,PLT06-L1,2026-10-23 15:00:00,PASS,N
500426,LOT-PLT06-L1-20261023,PLT06-L1,2026-10-23 16:00:00,PASS,N
500427,LOT-PLT06-L1-20261027,PLT06-L1,2026-10-27 11:00:00,PASS,N
500428,LOT-PLT06-L1-20261027,PLT06-L1,2026-10-27 12:00:00,FAIL,N
500429,LOT-PLT06-L1-20261027,PLT06-L1,2026-10-27 13:00:00,PASS,N
500430,LOT-PLT06-L1-20261031,PLT06-L1,2026-10-31 16:00:00,PASS,N
500431,LOT-PLT06-L1-20261031,PLT06-L1,2026-10-31 17:00:00,FAIL,N
500432,LOT-PLT06-L1-20261031,PLT06-L1,2026-10-31 18:00:00,PASS,Y
500433,LOT-PLT06-L1-20261104,PLT06-L1,2026-11-04 16:00:00,FAIL,N
500434,LOT-PLT06-L1-20261104,PLT06-L1,2026-11-04 17:00:00,FAIL,N
500435,LOT-PLT06-L1-20261104,PLT06-L1,2026-11-04 18:00:00,PASS,N
500436,LOT-PLT06-L1-20261108,PLT06-L1,2026-11-08 12:00:00,PASS,Y
500437,LOT-PLT06-L1-20261108,PLT06-L1,2026-11-08 13:00:00,PASS,N
500438,LOT-PLT06-L1-20261108,PLT06-L1,2026-11-08 14:00:00,FAIL,Y
500439,LOT-PLT06-L1-20261112,PLT06-L1,2026-11-12 14:00:00,PASS,N
500440,LOT-PLT06-L1-20261112,PLT06-L1,2026-11-12 15:00:00,FAIL,Y
500441,LOT-PLT06-L1-20261112,PLT06-L1,2026-11-12 16:00:00,PASS,N
500442,LOT-PLT06-L2-20261019,PLT06-L2,2026-10-19 16:00:00,PASS,Y
500443,LOT-PLT06-L2-20261019,PLT06-L2,2026-10-19 17:00:00,FAIL,N
500444,LOT-PLT06-L2-20261019,PLT06-L2,2026-10-19 18:00:00,FAIL,N
500445,LOT-PLT06-L2-20261023,PLT06-L2,2026-10-23 10:00:00,PASS,Y
500446,LOT-PLT06-L2-20261023,PLT06-L2,2026-10-23 11:00:00,PASS,N
500447,LOT-PLT06-L2-20261023,PLT06-L2,2026-10-23 12:00:00,PASS,N
500448,LOT-PLT06-L2-20261027,PLT06-L2,2026-10-27 17:00:00,PASS,N
500449,LOT-PLT06-L2-20261027,PLT06-L2,2026-10-27 18:00:00,PASS,N
500450,LOT-PLT06-L2-20261027,PLT06-L2,2026-10-27 19:00:00,PASS,N
500451,LOT-PLT06-L2-20261031,PLT06-L2,2026-10-31 14:00:00,FAIL,N
500452,LOT-PLT06-L2-20261031,PLT06-L2,2026-10-31 15:00:00,PASS,N
500453,LOT-PLT06-L2-20261031,PLT06-L2,2026-10-31 16:00:00,PASS,Y
500454,LOT-PLT06-L2-20261104,PLT06-L2,2026-11-04 12:00:00,PASS,Y
500455,LOT-PLT06-L2-20261104,PLT06-L2,2026-11-04 13:00:00,PASS,N
500456,LOT-PLT06-L2-20261104,PLT06-L2,2026-11-04 14:00:00,PASS,Y
500457,LOT-PLT06-L2-20261108,PLT06-L2,2026-11-08 14:00:00,PASS,N
500458,LOT-PLT06-L2-20261108,PLT06-L2,2026-11-08 15:00:00,PASS,Y
500459,LOT-PLT06-L2-20261108,PLT06-L2,2026-11-08 16:00:00,PASS,N
500460,LOT-PLT06-L2-20261112,PLT06-L2,2026-11-12 13:00:00,PASS,N
500461,LOT-PLT06-L2-20261112,PLT06-L2,2026-11-12 14:00:00,PASS,N
500462,LOT-PLT06-L2-20261112,PLT06-L2,2026-11-12 15:00:00,PASS,N
500463,LOT-PLT06-L3-20261019,PLT06-L3,2026-10-19 14:00:00,PASS,Y
500464,LOT-PLT06-L3-20261019,PLT06-L3,2026-10-19 15:00:00,PASS,Y
500465,LOT-PLT06-L3-20261019,PLT06-L3,2026-10-19 16:00:00,PASS,N
500466,LOT-PLT06-L3-20261023,PLT06-L3,2026-10-23 09:00:00,PASS,N
500467,LOT-PLT06-L3-20261023,PLT06-L3,2026-10-23 10:00:00,PASS,N
500468,LOT-PLT06-L3-20261023,PLT06-L3,2026-10-23 11:00:00,PASS,N
500469,LOT-PLT06-L3-20261027,PLT06-L3,2026-10-27 10:00:00,PASS,N
500470,LOT-PLT06-L3-20261027,PLT06-L3,2026-10-27 11:00:00,FAIL,N
500471,LOT-PLT06-L3-20261027,PLT06-L3,2026-10-27 12:00:00,PASS,N
500472,LOT-PLT06-L3-20261031,PLT06-L3,2026-10-31 12:00:00,PASS,N
500473,LOT-PLT06-L3-20261031,PLT06-L3,2026-10-31 13:00:00,PASS,N
500474,LOT-PLT06-L3-20261031,PLT06-L3,2026-10-31 14:00:00,PASS,N
500475,LOT-PLT06-L3-20261104,PLT06-L3,2026-11-04 12:00:00,PASS,N
500476,LOT-PLT06-L3-20261104,PLT06-L3,2026-11-04 13:00:00,PASS,Y
500477,LOT-PLT06-L3-20261104,PLT06-L3,2026-11-04 14:00:00,FAIL,N
500478,LOT-PLT06-L3-20261108,PLT06-L3,2026-11-08 14:00:00,FAIL,N
500479,LOT-PLT06-L3-20261108,PLT06-L3,2026-11-08 15:00:00,PASS,N
500480,LOT-PLT06-L3-20261108,PLT06-L3,2026-11-08 16:00:00,PASS,N
500481,LOT-PLT06-L3-20261112,PLT06-L3,2026-11-12 15:00:00,PASS,N
500482,LOT-PLT06-L3-20261112,PLT06-L3,2026-11-12 16:00:00,FAIL,N
500483,LOT-PLT06-L3-20261112,PLT06-L3,2026-11-12 17:00:00,FAIL,N
500484,LOT-PLT06-L4-20261019,PLT06-L4,2026-10-19 12:00:00,PASS,Y
500485,LOT-PLT06-L4-20261019,PLT06-L4,2026-10-19 13:00:00,FAIL,N
500486,LOT-PLT06-L4-20261019,PLT06-L4,2026-10-19 14:00:00,FAIL,Y
500487,LOT-PLT06-L4-20261023,PLT06-L4,2026-10-23 09:00:00,FAIL,N
500488,LOT-PLT06-L4-20261023,PLT06-L4,2026-10-23 10:00:00,PASS,N
500489,LOT-PLT06-L4-20261023,PLT06-L4,2026-10-23 11:00:00,PASS,N
500490,LOT-PLT06-L4-20261027,PLT06-L4,2026-10-27 10:00:00,PASS,N
500491,LOT-PLT06-L4-20261027,PLT06-L4,2026-10-27 11:00:00,PASS,Y
500492,LOT-PLT06-L4-20261027,PLT06-L4,2026-10-27 12:00:00,PASS,N
500493,LOT-PLT06-L4-20261031,PLT06-L4,2026-10-31 13:00:00,PASS,Y
500494,LOT-PLT06-L4-20261031,PLT06-L4,2026-10-31 14:00:00,PASS,N
500495,LOT-PLT06-L4-20261031,PLT06-L4,2026-10-31 15:00:00,PASS,N
500496,LOT-PLT06-L4-20261104,PLT06-L4,2026-11-04 10:00:00,PASS,N
500497,LOT-PLT06-L4-20261104,PLT06-L4,2026-11-04 11:00:00,PASS,Y
500498,LOT-PLT06-L4-20261104,PLT06-L4,2026-11-04 12:00:00,PASS,N
500499,LOT-PLT06-L4-20261108,PLT06-L4,2026-11-08 12:00:00,FAIL,N
500500,LOT-PLT06-L4-20261108,PLT06-L4,2026-11-08 13:00:00,PASS,N
500501,LOT-PLT06-L4-20261108,PLT06-L4,2026-11-08 14:00:00,FAIL,N
500502,LOT-PLT06-L4-20261112,PLT06-L4,2026-11-12 10:00:00,FAIL,Y
500503,LOT-PLT06-L4-20261112,PLT06-L4,2026-11-12 11:00:00,FAIL,N
500504,LOT-PLT06-L4-20261112,PLT06-L4,2026-11-12 12:00:00,PASS,N
