movement_id,order_id,material_code,movement_type,quantity,ts_utc
700001,ORD-300001,ADH-HT-077,ISSUE,385.47,2026-10-30 06:00:00
700002,ORD-300001,ADH-HT-077,ISSUE,519.68,2026-11-02 20:00:00
700003,ORD-300001,ADH-HT-077 ,RETURN,825.61,2026-11-12 11:00:00
700004,ORD-300001,INK-FLX-003,ISSUE,899.6,2026-11-14 08:00:00
700005,ORD-300001,INK-FLX-003,ISSUE,313.67,2026-11-05 20:00:00
700006,ORD-300001,INK-FLX-003,RETURN,321.01,2026-10-28 19:00:00
700007,ORD-300001,CART-CRG-15,ISSUE,637.13,2026-11-02 06:00:00
700008,ORD-300001,CART-CRG-15  ,ISSUE,716.02,2026-10-27 09:00:00
700009,ORD-300001,CART-CRG-15  ,RETURN,659.09,2026-11-15 07:00:00
700010,ORD-300001,POLY-BACK-11,ISSUE,725.79,2026-10-28 16:00:00
700011,ORD-300001,POLY-BACK-11,ISSUE,706.13,2026-10-29 12:00:00
700012,ORD-300001,POLY-BACK-11  ,RETURN,768.6,2026-11-10 15:00:00
700013,ORD-300002,PULP-RCYC-004,ISSUE,699.94,2026-10-28 13:00:00
700014,ORD-300002,PULP-RCYC-004   ,ISSUE,72.23,2026-11-15 18:00:00
700015,ORD-300002,PULP-RCYC-004,RETURN,877.76,2026-11-13 06:00:00
700016,ORD-300002,ADH-HT-077,ISSUE,569.14,2026-10-22 06:00:00
700017,ORD-300002,ADH-HT-077,ISSUE,561.76,2026-10-26 14:00:00
700018,ORD-300002,ADH-HT-077,RETURN,420.96,2026-11-08 17:00:00
700019,ORD-300003,PULP-SOFT-009  ,ISSUE,488.22,2026-10-26 09:00:00
700020,ORD-300003,PULP-SOFT-009,ISSUE,55.14,2026-10-29 14:00:00
700021,ORD-300003,PULP-SOFT-009,RETURN,875.85,2026-11-13 10:00:00
700022,ORD-300003,ADH-HT-077    ,ISSUE,67.31,2026-11-03 07:00:00
700023,ORD-300003,ADH-HT-077,ISSUE,356.4,2026-11-03 16:00:00
700024,ORD-300003,ADH-HT-077    ,RETURN,736.31,2026-10-22 12:00:00
700025,ORD-300004,PULP-SOFT-009    ,ISSUE,384.82,2026-10-26 16:00:00
700026,ORD-300004,PULP-SOFT-009,ISSUE,360.45,2026-11-08 16:00:00
700027,ORD-300004,PULP-SOFT-009,RETURN,527.76,2026-11-13 16:00:00
700028,ORD-300004,INK-FLX-003,ISSUE,705.42,2026-11-08 16:00:00
700029,ORD-300004,INK-FLX-003    ,ISSUE,438.9,2026-11-02 19:00:00
700030,ORD-300004,INK-FLX-003 ,RETURN,113.99,2026-11-06 12:00:00
700031,ORD-300005,SAP-GRAN-022    ,ISSUE,94.41,2026-10-27 07:00:00
700032,ORD-300005,SAP-GRAN-022,ISSUE,326.26,2026-11-14 16:00:00
700033,ORD-300005,SAP-GRAN-022    ,RETURN,558.83,2026-10-28 15:00:00
700034,ORD-300005,PULP-KRAFT-001,ISSUE,342.97,2026-11-14 15:00:00
700035,ORD-300005,PULP-KRAFT-001,ISSUE,724.23,2026-10-20 15:00:00
700036,ORD-300005,PULP-KRAFT-001,RETURN,730.65,2026-11-06 10:00:00
700037,ORD-300006,PULP-RCYC-004 ,ISSUE,565.5,2026-10-25 16:00:00
700038,ORD-300006,PULP-RCYC-004,ISSUE,248.02,2026-10-31 12:00:00
700039,ORD-300006,PULP-RCYC-004,RETURN,532.31,2026-10-23 12:00:00
700040,ORD-300006,PULP-KRAFT-001    ,ISSUE,725.49,2026-10-21 07:00:00
700041,ORD-300006,PULP-KRAFT-001,ISSUE,795.77,2026-11-09 12:00:00
700042,ORD-300006,PULP-KRAFT-001  ,RETURN,370.56,2026-10-31 09:00:00
700043,ORD-300006,CART-CRG-15  ,ISSUE,724.17,2026-11-05 18:00:00
700044,ORD-300006,CART-CRG-15    ,ISSUE,128.99,2026-11-11 13:00:00
700045,ORD-300006,CART-CRG-15,RETURN,354.07,2026-10-24 17:00:00
700046,ORD-300006,ADH-HT-077    ,ISSUE,743.48,2026-11-13 06:00:00
700047,ORD-300006,ADH-HT-077,ISSUE,434.37,2026-11-04 20:00:00
700048,ORD-300006,ADH-HT-077 ,RETURN,444.41,2026-11-01 15:00:00
700049,ORD-300007,INK-FLX-003   ,ISSUE,98.18,2026-10-22 13:00:00
700050,ORD-300007,INK-FLX-003,ISSUE,863.44,2026-11-15 06:00:00
700051,ORD-300007,INK-FLX-003,RETURN,214.62,2026-10-19 17:00:00
700052,ORD-300007,CART-CRG-15,ISSUE,82.18,2026-10-20 09:00:00
700053,ORD-300007,CART-CRG-15,ISSUE,680.26,2026-11-09 06:00:00
700054,ORD-300007,CART-CRG-15,RETURN,235.85,2026-11-08 14:00:00
700055,ORD-300007,PULP-SOFT-009,ISSUE,370.23,2026-11-14 11:00:00
700056,ORD-300007,PULP-SOFT-009,ISSUE,890.96,2026-11-08 14:00:00
700057,ORD-300007,PULP-SOFT-009,RETURN,433.85,2026-10-26 06:00:00
700058,ORD-300007,PULP-KRAFT-001    ,ISSUE,148.52,2026-10-25 12:00:00
700059,ORD-300007,PULP-KRAFT-001  ,ISSUE,870.74,2026-11-03 08:00:00
700060,ORD-300007,PULP-KRAFT-001,RETURN,59.26,2026-11-01 19:00:00
700061,ORD-300008,ADH-HT-077,ISSUE,466.27,2026-11-09 12:00:00
700062,ORD-300008,ADH-HT-077,ISSUE,517.71,2026-11-03 13:00:00
700063,ORD-300008,ADH-HT-077   ,RETURN,177.13,2026-11-09 20:00:00
700064,ORD-300008,PULP-SOFT-009,ISSUE,887.13,2026-10-22 17:00:00
700065,ORD-300008,PULP-SOFT-009  ,ISSUE,682.08,2026-10-26 17:00:00
700066,ORD-300008,PULP-SOFT-009,RETURN,273.48,2026-10-21 19:00:00
700067,ORD-300008,INK-FLX-003  ,ISSUE,78.32,2026-10-21 19:00:00
700068,ORD-300008,INK-FLX-003,ISSUE,714.85,2026-11-13 20:00:00
700069,ORD-300008,INK-FLX-003,RETURN,769.11,2026-10-25 10:00:00
700070,ORD-300009,SAP-GRAN-022    ,ISSUE,892.5,2026-11-12 15:00:00
700071,ORD-300009,SAP-GRAN-022 ,ISSUE,328.89,2026-11-09 20:00:00
700072,ORD-300009,SAP-GRAN-022,RETURN,593.43,2026-10-29 13:00:00
700073,ORD-300009,INK-FLX-003,ISSUE,866.16,2026-10-22 13:00:00
700074,ORD-300009,INK-FLX-003  ,ISSUE,504.83,2026-11-13 09:00:00
700075,ORD-300009,INK-FLX-003,RETURN,350.03,2026-11-10 14:00:00
700076,ORD-300009,PULP-SOFT-009,ISSUE,520.14,2026-10-27 08:00:00
700077,ORD-300009,PULP-SOFT-009,ISSUE,489.11,2026-10-21 08:00:00
700078,ORD-300009,PULP-SOFT-009  ,RETURN,286.96,2026-11-02 11:00:00
700079,ORD-300010,PULP-RCYC-004,ISSUE,508.34,2026-11-14 08:00:00
700080,ORD-300010,PULP-RCYC-004,ISSUE,783.24,2026-11-11 07:00:00
700081,ORD-300010,PULP-RCYC-004,RETURN,548.32,2026-11-15 06:00:00
700082,ORD-300010,CART-CRG-15,ISSUE,882.7,2026-11-11 15:00:00
700083,ORD-300010,CART-CRG-15,ISSUE,711.0,2026-11-14 07:00:00
700084,ORD-300010,CART-CRG-15,RETURN,723.4,2026-10-26 18:00:00
700085,ORD-300010,POLY-BACK-11,ISSUE,615.09,2026-11-07 12:00:00
700086,ORD-300010,POLY-BACK-11,ISSUE,422.64,2026-11-11 07:00:00
700087,ORD-300010,POLY-BACK-11,RETURN,90.09,2026-11-09 14:00:00
700088,ORD-300011,PULP-KRAFT-001,ISSUE,181.86,2026-11-09 11:00:00
700089,ORD-300011,PULP-KRAFT-001,ISSUE,50.93,2026-10-26 08:00:00
700090,ORD-300011,PULP-KRAFT-001   ,RETURN,471.88,2026-10-20 15:00:00
700091,ORD-300011,CART-CRG-15,ISSUE,436.67,2026-11-02 14:00:00
700092,ORD-300011,CART-CRG-15,ISSUE,854.34,2026-10-31 20:00:00
700093,ORD-300011,CART-CRG-15,RETURN,784.49,2026-11-11 07:00:00
700094,ORD-300012,SAP-GRAN-022 ,ISSUE,599.64,2026-11-11 15:00:00
700095,ORD-300012,SAP-GRAN-022,ISSUE,871.6,2026-10-28 08:00:00
700096,ORD-300012,SAP-GRAN-022,RETURN,408.06,2026-10-31 15:00:00
700097,ORD-300012,CART-CRG-15,ISSUE,615.21,2026-10-29 08:00:00
700098,ORD-300012,CART-CRG-15,ISSUE,142.79,2026-11-07 10:00:00
700099,ORD-300012,CART-CRG-15   ,RETURN,241.57,2026-11-14 10:00:00
700100,ORD-300012,PULP-SOFT-009  ,ISSUE,198.37,2026-10-24 20:00:00
700101,ORD-300012,PULP-SOFT-009,ISSUE,413.03,2026-10-28 15:00:00
700102,ORD-300012,PULP-SOFT-009,RETURN,348.65,2026-10-27 11:00:00
700103,ORD-300012,POLY-BACK-11,ISSUE,519.51,2026-11-05 12:00:00
700104,ORD-300012,POLY-BACK-11,ISSUE,532.62,2026-10-20 14:00:00
700105,ORD-300012,POLY-BACK-11,RETURN,743.97,2026-10-26 15:00:00
700106,ORD-300013,ADH-HT-077,ISSUE,251.01,2026-11-10 16:00:00
700107,ORD-300013,ADH-HT-077,ISSUE,681.14,2026-10-30 06:00:00
700108,ORD-300013,ADH-HT-077  ,RETURN,579.27,2026-11-12 19:00:00
700109,ORD-300013,SAP-GRAN-022 ,ISSUE,816.17,2026-11-09 08:00:00
700110,ORD-300013,SAP-GRAN-022,ISSUE,812.46,2026-10-27 10:00:00
700111,ORD-300013,SAP-GRAN-022    ,RETURN,638.8,2026-11-10 16:00:00
700112,ORD-300013,CART-CRG-15    ,ISSUE,733.98,2026-10-27 06:00:00
700113,ORD-300013,CART-CRG-15,ISSUE,598.56,2026-11-13 17:00:00
700114,ORD-300013,CART-CRG-15,RETURN,57.81,2026-10-23 11:00:00
700115,ORD-300013,POLY-BACK-11,ISSUE,698.54,2026-10-31 12:00:00
700116,ORD-300013,POLY-BACK-11,ISSUE,694.71,2026-10-23 13:00:00
700117,ORD-300013,POLY-BACK-11,RETURN,213.63,2026-10-27 17:00:00
700118,ORD-300014,INK-FLX-003,ISSUE,625.81,2026-11-08 09:00:00
700119,ORD-300014,INK-FLX-003    ,ISSUE,566.79,2026-10-23 13:00:00
700120,ORD-300014,INK-FLX-003,RETURN,420.73,2026-11-04 08:00:00
700121,ORD-300014,PULP-RCYC-004    ,ISSUE,318.41,2026-10-24 19:00:00
700122,ORD-300014,PULP-RCYC-004  ,ISSUE,385.12,2026-11-05 10:00:00
700123,ORD-300014,PULP-RCYC-004,RETURN,823.0,2026-10-31 08:00:00
700124,ORD-300014,PULP-SOFT-009,ISSUE,447.81,2026-11-14 10:00:00
700125,ORD-300014,PULP-SOFT-009,ISSUE,868.52,2026-10-26 10:00:00
700126,ORD-300014,PULP-SOFT-009,RETURN,219.56,2026-10-29 19:00:00
700127,ORD-300015,PULP-KRAFT-001,ISSUE,764.46,2026-10-29 15:00:00
700128,ORD-300015,PULP-KRAFT-001,ISSUE,216.73,2026-11-10 09:00:00
700129,ORD-300015,PULP-KRAFT-001,RETURN,253.3,2026-10-28 07:00:00
700130,ORD-300015,ADH-HT-077,ISSUE,225.82,2026-11-07 07:00:00
700131,ORD-300015,ADH-HT-077  ,ISSUE,341.68,2026-11-10 14:00:00
700132,ORD-300015,ADH-HT-077   ,RETURN,600.81,2026-10-27 10:00:00
700133,ORD-300015,CART-CRG-15,ISSUE,255.56,2026-10-20 09:00:00
700134,ORD-300015,CART-CRG-15 ,ISSUE,742.82,2026-10-29 16:00:00
700135,ORD-300015,CART-CRG-15 ,RETURN,206.15,2026-10-23 20:00:00
700136,ORD-300016,PULP-RCYC-004,ISSUE,692.89,2026-11-13 20:00:00
700137,ORD-300016,PULP-RCYC-004,ISSUE,108.09,2026-10-20 17:00:00
700138,ORD-300016,PULP-RCYC-004,RETURN,725.16,2026-11-12 15:00:00
700139,ORD-300016,INK-FLX-003  ,ISSUE,164.92,2026-10-24 09:00:00
700140,ORD-300016,INK-FLX-003    ,ISSUE,709.35,2026-10-27 06:00:00
700141,ORD-300016,INK-FLX-003,RETURN,520.86,2026-10-21 18:00:00
700142,ORD-300017,INK-FLX-003  ,ISSUE,894.86,2026-11-11 20:00:00
700143,ORD-300017,INK-FLX-003   ,ISSUE,406.17,2026-11-01 15:00:00
700144,ORD-300017,INK-FLX-003,RETURN,720.07,2026-11-05 08:00:00
700145,ORD-300017,PULP-KRAFT-001   ,ISSUE,206.49,2026-10-30 19:00:00
700146,ORD-300017,PULP-KRAFT-001,ISSUE,760.46,2026-10-23 06:00:00
700147,ORD-300017,PULP-KRAFT-001,RETURN,475.63,2026-10-26 13:00:00
700148,ORD-300017,PULP-RCYC-004 ,ISSUE,875.94,2026-10-20 07:00:00
700149,ORD-300017,PULP-RCYC-004,ISSUE,664.77,2026-10-31 12:00:00
700150,ORD-300017,PULP-RCYC-004,RETURN,759.18,2026-10-21 11:00:00
700151,ORD-300017,ADH-HT-077,ISSUE,881.25,2026-10-28 08:00:00
700152,ORD-300017,ADH-HT-077,ISSUE,470.93,2026-10-19 14:00:00
700153,ORD-300017,ADH-HT-077,RETURN,673.89,2026-11-07 18:00:00
700154,ORD-300018,SAP-GRAN-022,ISSUE,531.24,2026-11-06 14:00:00
700155,ORD-300018,SAP-GRAN-022 ,ISSUE,782.52,2026-10-24 20:00:00
700156,ORD-300018,SAP-GRAN-022,RETURN,806.82,2026-11-09 13:00:00
700157,ORD-300018,PULP-KRAFT-001,ISSUE,489.15,2026-10-21 07:00:00
700158,ORD-300018,PULP-KRAFT-001   ,ISSUE,290.33,2026-11-07 11:00:00
700159,ORD-300018,PULP-KRAFT-001    ,RETURN,356.48,2026-10-30 10:00:00
700160,ORD-300018,ADH-HT-077,ISSUE,480.62,2026-10-25 13:00:00
700161,ORD-300018,ADH-HT-077  ,ISSUE,634.06,2026-10-28 13:00:00
700162,ORD-300018,ADH-HT-077   ,RETURN,628.5,2026-11-15 08:00:00
700163,ORD-300019,INK-FLX-003,ISSUE,796.19,2026-10-27 07:00:00
700164,ORD-300019,INK-FLX-003,ISSUE,540.49,2026-10-30 13:00:00
700165,ORD-300019,INK-FLX-003,RETURN,125.76,2026-10-24 19:00:00
700166,ORD-300019,PULP-SOFT-009,ISSUE,400.54,2026-11-14 15:00:00
700167,ORD-300019,PULP-SOFT-009,ISSUE,598.47,2026-11-01 19:00:00
700168,ORD-300019,PULP-SOFT-009    ,RETURN,773.61,2026-11-06 10:00:00
700169,ORD-300020,POLY-BACK-11,ISSUE,276.29,2026-11-01 08:00:00
700170,ORD-300020,POLY-BACK-11 ,ISSUE,417.81,2026-11-13 06:00:00
700171,ORD-300020,POLY-BACK-11,RETURN,190.94,2026-10-28 14:00:00
700172,ORD-300020,INK-FLX-003,ISSUE,80.18,2026-10-19 07:00:00
700173,ORD-300020,INK-FLX-003,ISSUE,327.76,2026-10-23 10:00:00
700174,ORD-300020,INK-FLX-003,RETURN,272.03,2026-10-19 12:00:00
700175,ORD-300020,ADH-HT-077  ,ISSUE,420.82,2026-10-21 19:00:00
700176,ORD-300020,ADH-HT-077,ISSUE,821.42,2026-10-24 12:00:00
700177,ORD-300020,ADH-HT-077   ,RETURN,616.58,2026-10-26 08:00:00
700178,ORD-300021,PULP-SOFT-009   ,ISSUE,867.38,2026-11-11 16:00:00
700179,ORD-300021,PULP-SOFT-009,ISSUE,604.29,2026-10-25 16:00:00
700180,ORD-300021,PULP-SOFT-009    ,RETURN,742.32,2026-11-08 16:00:00
700181,ORD-300021,PULP-RCYC-004,ISSUE,220.12,2026-11-12 13:00:00
700182,ORD-300021,PULP-RCYC-004,ISSUE,896.41,2026-11-03 16:00:00
700183,ORD-300021,PULP-RCYC-004,RETURN,328.45,2026-11-08 06:00:00
700184,ORD-300022,PULP-SOFT-009,ISSUE,493.83,2026-11-04 14:00:00
700185,ORD-300022,PULP-SOFT-009,ISSUE,74.75,2026-11-15 07:00:00
700186,ORD-300022,PULP-SOFT-009,RETURN,286.96,2026-11-02 18:00:00
700187,ORD-300022,CART-CRG-15,ISSUE,384.69,2026-11-14 15:00:00
700188,ORD-300022,CART-CRG-15  ,ISSUE,422.08,2026-11-05 10:00:00
700189,ORD-300022,CART-CRG-15   ,RETURN,248.98,2026-10-26 12:00:00
700190,ORD-300023,POLY-BACK-11,ISSUE,87.62,2026-11-03 12:00:00
700191,ORD-300023,POLY-BACK-11,ISSUE,393.83,2026-11-02 13:00:00
700192,ORD-300023,POLY-BACK-11,RETURN,308.04,2026-10-23 19:00:00
700193,ORD-300023,CART-CRG-15,ISSUE,323.24,2026-11-12 11:00:00
700194,ORD-300023,CART-CRG-15 ,ISSUE,458.55,2026-10-25 15:00:00
700195,ORD-300023,CART-CRG-15,RETURN,128.78,2026-10-19 09:00:00
700196,ORD-300023,PULP-RCYC-004,ISSUE,709.19,2026-10-23 07:00:00
700197,ORD-300023,PULP-RCYC-004,ISSUE,406.32,2026-11-01 10:00:00
700198,ORD-300023,PULP-RCYC-004,RETURN,143.44,2026-10-22 16:00:00
700199,ORD-300024,CART-CRG-15,ISSUE,429.69,2026-10-31 09:00:00
700200,ORD-300024,CART-CRG-15,ISSUE,297.75,2026-11-01 09:00:00
700201,ORD-300024,CART-CRG-15    ,RETURN,136.68,2026-11-11 10:00:00
700202,ORD-300024,SAP-GRAN-022    ,ISSUE,832.13,2026-11-01 07:00:00
700203,ORD-300024,SAP-GRAN-022,ISSUE,374.08,2026-11-02 18:00:00
700204,ORD-300024,SAP-GRAN-022,RETURN,375.54,2026-11-07 14:00:00
700205,ORD-300025,POLY-BACK-11,ISSUE,879.71,2026-11-14 09:00:00
700206,ORD-300025,POLY-BACK-11    ,ISSUE,820.06,2026-11-11 20:00:00
700207,ORD-300025,POLY-BACK-11  ,RETURN,513.25,2026-10-20 17:00:00
700208,ORD-300025,PULP-RCYC-004 ,ISSUE,875.28,2026-10-26 20:00:00
700209,ORD-300025,PULP-RCYC-004,ISSUE,732.76,2026-10-20 13:00:00
700210,ORD-300025,PULP-RCYC-004,RETURN,759.06,2026-10-28 13:00:00
700211,ORD-300026,SAP-GRAN-022,ISSUE,105.1,2026-11-15 19:00:00
700212,ORD-300026,SAP-GRAN-022 ,ISSUE,177.74,2026-11-05 10:00:00
700213,ORD-300026,SAP-GRAN-022,RETURN,405.14,2026-10-31 12:00:00
700214,ORD-300026,CART-CRG-15  ,ISSUE,259.21,2026-10-27 18:00:00
700215,ORD-300026,CART-CRG-15  ,ISSUE,568.07,2026-11-09 07:00:00
700216,ORD-300026,CART-CRG-15 ,RETURN,391.43,2026-11-01 18:00:00
700217,ORD-300027,INK-FLX-003,ISSUE,213.91,2026-11-06 13:00:00
700218,ORD-300027,INK-FLX-003  ,ISSUE,757.68,2026-10-20 17:00:00
700219,ORD-300027,INK-FLX-003,RETURN,862.73,2026-11-12 12:00:00
700220,ORD-300027,PULP-RCYC-004,ISSUE,745.1,2026-11-13 07:00:00
700221,ORD-300027,PULP-RCYC-004,ISSUE,300.92,2026-11-06 08:00:00
700222,ORD-300027,PULP-RCYC-004   ,RETURN,297.21,2026-11-13 19:00:00
700223,ORD-300027,ADH-HT-077,ISSUE,105.09,2026-11-15 14:00:00
700224,ORD-300027,ADH-HT-077,ISSUE,774.21,2026-11-12 07:00:00
700225,ORD-300027,ADH-HT-077  ,RETURN,738.0,2026-11-13 12:00:00
700226,ORD-300027,SAP-GRAN-022,ISSUE,772.46,2026-10-24 12:00:00
700227,ORD-300027,SAP-GRAN-022,ISSUE,344.48,2026-11-12 10:00:00
700228,ORD-300027,SAP-GRAN-022  ,RETURN,554.45,2026-11-09 12:00:00
700229,ORD-300028,PULP-KRAFT-001,ISSUE,131.26,2026-10-29 13:00:00
700230,ORD-300028,PULP-KRAFT-001,ISSUE,762.31,2026-10-26 16:00:00
700231,ORD-300028,PULP-KRAFT-001,RETURN,549.32,2026-11-13 06:00:00
700232,ORD-300028,ADH-HT-077    ,ISSUE,273.97,2026-11-12 13:00:00
700233,ORD-300028,ADH-HT-077    ,ISSUE,718.0,2026-11-10 20:00:00
700234,ORD-300028,ADH-HT-077    ,RETURN,286.78,2026-11-11 13:00:00
700235,ORD-300029,ADH-HT-077  ,ISSUE,167.23,2026-10-19 11:00:00
700236,ORD-300029,ADH-HT-077,ISSUE,140.74,2026-11-06 20:00:00
700237,ORD-300029,ADH-HT-077,RETURN,434.94,2026-10-28 18:00:00
700238,ORD-300029,PULP-RCYC-004  ,ISSUE,629.19,2026-11-07 12:00:00
700239,ORD-300029,PULP-RCYC-004 ,ISSUE,467.7,2026-10-22 15:00:00
700240,ORD-300029,PULP-RCYC-004,RETURN,394.31,2026-11-08 16:00:00
700241,ORD-300029,PULP-SOFT-009 ,ISSUE,768.26,2026-11-10 09:00:00
700242,ORD-300029,PULP-SOFT-009,ISSUE,289.82,2026-10-19 13:00:00
700243,ORD-300029,PULP-SOFT-009,RETURN,307.67,2026-10-31 07:00:00
700244,ORD-300030,PULP-RCYC-004,ISSUE,569.68,2026-10-19 15:00:00
700245,ORD-300030,PULP-RCYC-004  ,ISSUE,448.15,2026-11-14 13:00:00
700246,ORD-300030,PULP-RCYC-004,RETURN,96.75,2026-10-24 10:00:00
700247,ORD-300030,CART-CRG-15,ISSUE,405.01,2026-10-29 06:00:00
700248,ORD-300030,CART-CRG-15,ISSUE,681.85,2026-10-22 08:00:00
700249,ORD-300030,CART-CRG-15,RETURN,497.74,2026-11-02 09:00:00
700250,ORD-300031,CART-CRG-15,ISSUE,447.73,2026-11-08 13:00:00
700251,ORD-300031,CART-CRG-15,ISSUE,470.13,2026-11-12 18:00:00
700252,ORD-300031,CART-CRG-15   ,RETURN,83.37,2026-10-26 13:00:00
700253,ORD-300031,PULP-SOFT-009,ISSUE,201.71,2026-10-28 12:00:00
700254,ORD-300031,PULP-SOFT-009    ,ISSUE,323.23,2026-10-19 08:00:00
700255,ORD-300031,PULP-SOFT-009 ,RETURN,654.97,2026-11-14 18:00:00
700256,ORD-300032,PULP-KRAFT-001,ISSUE,725.65,2026-11-12 17:00:00
700257,ORD-300032,PULP-KRAFT-001    ,ISSUE,632.26,2026-10-31 14:00:00
700258,ORD-300032,PULP-KRAFT-001,RETURN,233.9,2026-11-12 06:00:00
700259,ORD-300032,PULP-SOFT-009,ISSUE,531.39,2026-11-02 06:00:00
700260,ORD-300032,PULP-SOFT-009,ISSUE,209.24,2026-11-05 19:00:00
700261,ORD-300032,PULP-SOFT-009,RETURN,50.22,2026-11-07 18:00:00
700262,ORD-300032,INK-FLX-003    ,ISSUE,77.28,2026-11-06 09:00:00
700263,ORD-300032,INK-FLX-003  ,ISSUE,417.93,2026-10-21 11:00:00
700264,ORD-300032,INK-FLX-003 ,RETURN,352.01,2026-11-08 20:00:00
700265,ORD-300033,PULP-RCYC-004   ,ISSUE,646.98,2026-11-12 10:00:00
700266,ORD-300033,PULP-RCYC-004  ,ISSUE,315.3,2026-11-14 19:00:00
700267,ORD-300033,PULP-RCYC-004,RETURN,175.68,2026-10-23 20:00:00
700268,ORD-300033,INK-FLX-003,ISSUE,538.04,2026-11-01 14:00:00
700269,ORD-300033,INK-FLX-003,ISSUE,186.9,2026-11-04 06:00:00
700270,ORD-300033,INK-FLX-003,RETURN,262.68,2026-11-11 11:00:00
700271,ORD-300033,ADH-HT-077  ,ISSUE,780.5,2026-10-20 14:00:00
700272,ORD-300033,ADH-HT-077,ISSUE,149.14,2026-10-21 08:00:00
700273,ORD-300033,ADH-HT-077  ,RETURN,599.32,2026-11-06 14:00:00
700274,ORD-300034,POLY-BACK-11,ISSUE,555.14,2026-10-23 09:00:00
700275,ORD-300034,POLY-BACK-11,ISSUE,250.48,2026-11-07 13:00:00
700276,ORD-300034,POLY-BACK-11,RETURN,817.53,2026-11-10 10:00:00
700277,ORD-300034,ADH-HT-077,ISSUE,453.26,2026-11-12 13:00:00
700278,ORD-300034,ADH-HT-077,ISSUE,713.53,2026-11-06 07:00:00
700279,ORD-300034,ADH-HT-077,RETURN,350.35,2026-10-23 12:00:00
700280,ORD-300034,PULP-SOFT-009,ISSUE,220.68,2026-10-29 17:00:00
700281,ORD-300034,PULP-SOFT-009,ISSUE,137.5,2026-11-05 11:00:00
700282,ORD-300034,PULP-SOFT-009    ,RETURN,476.55,2026-10-22 17:00:00
700283,ORD-300035,SAP-GRAN-022,ISSUE,262.91,2026-10-19 09:00:00
700284,ORD-300035,SAP-GRAN-022  ,ISSUE,854.74,2026-10-21 10:00:00
700285,ORD-300035,SAP-GRAN-022 ,RETURN,103.43,2026-10-19 14:00:00
700286,ORD-300035,PULP-RCYC-004,ISSUE,591.13,2026-11-03 06:00:00
700287,ORD-300035,PULP-RCYC-004,ISSUE,825.58,2026-10-31 17:00:00
700288,ORD-300035,PULP-RCYC-004   ,RETURN,484.9,2026-10-19 12:00:00
700289,ORD-300035,PULP-KRAFT-001,ISSUE,404.25,2026-10-26 17:00:00
700290,ORD-300035,PULP-KRAFT-001,ISSUE,655.31,2026-11-12 19:00:00
700291,ORD-300035,PULP-KRAFT-001  ,RETURN,596.52,2026-10-25 06:00:00
700292,ORD-300036,POLY-BACK-11,ISSUE,348.99,2026-11-10 16:00:00
700293,ORD-300036,POLY-BACK-11,ISSUE,123.27,2026-11-14 17:00:00
700294,ORD-300036,POLY-BACK-11    ,RETURN,457.24,2026-10-21 16:00:00
700295,ORD-300036,PULP-RCYC-004,ISSUE,157.26,2026-11-13 19:00:00
700296,ORD-300036,PULP-RCYC-004,ISSUE,824.87,2026-11-13 15:00:00
700297,ORD-300036,PULP-RCYC-004,RETURN,451.86,2026-11-06 07:00:00
700298,ORD-300036,PULP-SOFT-009,ISSUE,523.44,2026-11-15 14:00:00
700299,ORD-300036,PULP-SOFT-009,ISSUE,379.07,2026-11-12 19:00:00
700300,ORD-300036,PULP-SOFT-009,RETURN,789.57,2026-11-10 18:00:00
700301,ORD-300037,PULP-SOFT-009  ,ISSUE,887.03,2026-11-14 12:00:00
700302,ORD-300037,PULP-SOFT-009  ,ISSUE,572.87,2026-11-07 13:00:00
700303,ORD-300037,PULP-SOFT-009,RETURN,885.98,2026-11-12 11:00:00
700304,ORD-300037,PULP-KRAFT-001,ISSUE,362.25,2026-10-27 15:00:00
700305,ORD-300037,PULP-KRAFT-001,ISSUE,342.73,2026-11-03 12:00:00
700306,ORD-300037,PULP-KRAFT-001   ,RETURN,761.97,2026-11-13 14:00:00
700307,ORD-300037,INK-FLX-003,ISSUE,821.69,2026-11-02 06:00:00
700308,ORD-300037,INK-FLX-003,ISSUE,656.92,2026-11-09 19:00:00
700309,ORD-300037,INK-FLX-003  ,RETURN,694.28,2026-10-22 20:00:00
700310,ORD-300037,POLY-BACK-11    ,ISSUE,438.55,2026-11-01 14:00:00
700311,ORD-300037,POLY-BACK-11   ,ISSUE,464.84,2026-10-20 06:00:00
700312,ORD-300037,POLY-BACK-11,RETURN,182.06,2026-10-29 16:00:00
700313,ORD-300038,INK-FLX-003,ISSUE,342.2,2026-11-10 11:00:00
700314,ORD-300038,INK-FLX-003,ISSUE,70.05,2026-11-12 20:00:00
700315,ORD-300038,INK-FLX-003,RETURN,154.45,2026-11-12 14:00:00
700316,ORD-300038,PULP-RCYC-004,ISSUE,672.87,2026-11-12 11:00:00
700317,ORD-300038,PULP-RCYC-004  ,ISSUE,66.76,2026-11-08 13:00:00
700318,ORD-300038,PULP-RCYC-004,RETURN,579.41,2026-11-15 16:00:00
700319,ORD-300038,PULP-KRAFT-001    ,ISSUE,340.98,2026-11-07 13:00:00
700320,ORD-300038,PULP-KRAFT-001,ISSUE,257.64,2026-11-08 17:00:00
700321,ORD-300038,PULP-KRAFT-001,RETURN,822.76,2026-10-25 10:00:00
700322,ORD-300038,PULP-SOFT-009,ISSUE,338.78,2026-11-06 09:00:00
700323,ORD-300038,PULP-SOFT-009,ISSUE,67.56,2026-10-28 12:00:00
700324,ORD-300038,PULP-SOFT-009,RETURN,847.76,2026-10-23 08:00:00
700325,ORD-300039,PULP-KRAFT-001,ISSUE,686.82,2026-10-28 12:00:00
700326,ORD-300039,PULP-KRAFT-001    ,ISSUE,397.59,2026-10-23 10:00:00
700327,ORD-300039,PULP-KRAFT-001  ,RETURN,468.43,2026-11-09 14:00:00
700328,ORD-300039,CART-CRG-15,ISSUE,802.99,2026-11-08 14:00:00
700329,ORD-300039,CART-CRG-15,ISSUE,181.8,2026-10-19 18:00:00
700330,ORD-300039,CART-CRG-15,RETURN,333.65,2026-11-14 12:00:00
700331,ORD-300039,ADH-HT-077   ,ISSUE,493.8,2026-11-02 17:00:00
700332,ORD-300039,ADH-HT-077,ISSUE,240.34,2026-10-28 13:00:00
700333,ORD-300039,ADH-HT-077,RETURN,367.51,2026-10-20 10:00:00
700334,ORD-300039,POLY-BACK-11 ,ISSUE,737.54,2026-11-08 19:00:00
700335,ORD-300039,POLY-BACK-11,ISSUE,392.08,2026-10-27 06:00:00
700336,ORD-300039,POLY-BACK-11 ,RETURN,644.17,2026-11-02 18:00:00
700337,ORD-300040,ADH-HT-077,ISSUE,226.63,2026-11-09 13:00:00
700338,ORD-300040,ADH-HT-077,ISSUE,857.91,2026-11-07 13:00:00
700339,ORD-300040,ADH-HT-077,RETURN,336.21,2026-10-23 09:00:00
700340,ORD-300040,POLY-BACK-11   ,ISSUE,625.79,2026-11-05 17:00:00
700341,ORD-300040,POLY-BACK-11,ISSUE,303.27,2026-11-02 11:00:00
700342,ORD-300040,POLY-BACK-11,RETURN,853.24,2026-10-21 16:00:00
700343,ORD-300040,PULP-SOFT-009,ISSUE,527.67,2026-11-04 18:00:00
700344,ORD-300040,PULP-SOFT-009  ,ISSUE,698.84,2026-11-07 16:00:00
700345,ORD-300040,PULP-SOFT-009,RETURN,168.99,2026-11-12 17:00:00
700346,ORD-300041,POLY-BACK-11,ISSUE,748.89,2026-11-13 09:00:00
700347,ORD-300041,POLY-BACK-11,ISSUE,102.53,2026-10-26 20:00:00
700348,ORD-300041,POLY-BACK-11,RETURN,258.12,2026-10-23 18:00:00
700349,ORD-300041,PULP-SOFT-009,ISSUE,636.62,2026-11-09 17:00:00
700350,ORD-300041,PULP-SOFT-009 ,ISSUE,286.91,2026-11-09 16:00:00
700351,ORD-300041,PULP-SOFT-009,RETURN,662.56,2026-11-01 15:00:00
700352,ORD-300041,SAP-GRAN-022,ISSUE,121.09,2026-10-29 07:00:00
700353,ORD-300041,SAP-GRAN-022,ISSUE,224.71,2026-10-20 13:00:00
700354,ORD-300041,SAP-GRAN-022    ,RETURN,471.21,2026-11-10 10:00:00
700355,ORD-300041,INK-FLX-003,ISSUE,582.89,2026-11-02 10:00:00
700356,ORD-300041,INK-FLX-003,ISSUE,811.82,2026-10-28 20:00:00
700357,ORD-300041,INK-FLX-003,RETURN,698.81,2026-11-09 19:00:00
700358,ORD-300042,SAP-GRAN-022,ISSUE,869.57,2026-11-14 17:00:00
700359,ORD-300042,SAP-GRAN-022,ISSUE,122.09,2026-11-05 18:00:00
700360,ORD-300042,SAP-GRAN-022,RETURN,817.28,2026-11-10 06:00:00
700361,ORD-300042,PULP-RCYC-004,ISSUE,869.39,2026-11-05 19:00:00
700362,ORD-300042,PULP-RCYC-004,ISSUE,577.64,2026-10-29 14:00:00
700363,ORD-300042,PULP-RCYC-004 ,RETURN,240.47,2026-10-22 13:00:00
700364,ORD-300042,PULP-SOFT-009 ,ISSUE,689.48,2026-11-09 16:00:00
700365,ORD-300042,PULP-SOFT-009,ISSUE,69.44,2026-10-21 08:00:00
700366,ORD-300042,PULP-SOFT-009  ,RETURN,239.22,2026-11-08 07:00:00
700367,ORD-300043,SAP-GRAN-022 ,ISSUE,404.96,2026-11-13 19:00:00
700368,ORD-300043,SAP-GRAN-022 ,ISSUE,337.79,2026-10-19 11:00:00
700369,ORD-300043,SAP-GRAN-022,RETURN,854.12,2026-11-10 08:00:00
700370,ORD-300043,INK-FLX-003    ,ISSUE,478.09,2026-10-30 08:00:00
700371,ORD-300043,INK-FLX-003,ISSUE,189.92,2026-10-29 07:00:00
700372,ORD-300043,INK-FLX-003   ,RETURN,471.39,2026-11-06 08:00:00
700373,ORD-300044,CART-CRG-15,ISSUE,416.93,2026-10-25 12:00:00
700374,ORD-300044,CART-CRG-15  ,ISSUE,81.9,2026-10-21 06:00:00
700375,ORD-300044,CART-CRG-15    ,RETURN,97.29,2026-10-28 13:00:00
700376,ORD-300044,PULP-KRAFT-001,ISSUE,770.87,2026-11-06 17:00:00
700377,ORD-300044,PULP-KRAFT-001    ,ISSUE,400.93,2026-11-04 10:00:00
700378,ORD-300044,PULP-KRAFT-001,RETURN,148.38,2026-10-29 12:00:00
700379,ORD-300044,INK-FLX-003,ISSUE,849.84,2026-10-23 12:00:00
700380,ORD-300044,INK-FLX-003,ISSUE,293.34,2026-10-19 16:00:00
700381,ORD-300044,INK-FLX-003,RETURN,623.91,2026-11-12 10:00:00
700382,ORD-300044,POLY-BACK-11,ISSUE,897.6,2026-11-08 18:00:00
700383,ORD-300044,POLY-BACK-11,ISSUE,883.91,2026-11-06 16:00:00
700384,ORD-300044,POLY-BACK-11,RETURN,789.69,2026-10-25 19:00:00
700385,ORD-300045,ADH-HT-077,ISSUE,658.52,2026-10-30 17:00:00
700386,ORD-300045,ADH-HT-077,ISSUE,465.73,2026-10-30 06:00:00
700387,ORD-300045,ADH-HT-077,RETURN,452.85,2026-10-28 16:00:00
700388,ORD-300045,PULP-SOFT-009,ISSUE,132.51,2026-11-13 17:00:00
700389,ORD-300045,PULP-SOFT-009,ISSUE,730.38,2026-11-06 20:00:00
700390,ORD-300045,PULP-SOFT-009,RETURN,632.8,2026-10-31 06:00:00
700391,ORD-300045,SAP-GRAN-022   ,ISSUE,201.89,2026-10-20 20:00:00
700392,ORD-300045,SAP-GRAN-022,ISSUE,854.09,2026-10-19 09:00:00
700393,ORD-300045,SAP-GRAN-022,RETURN,749.17,2026-10-21 09:00:00
700394,ORD-300046,CART-CRG-15,ISSUE,786.63,2026-11-01 10:00:00
700395,ORD-300046,CART-CRG-15,ISSUE,526.57,2026-11-10 18:00:00
700396,ORD-300046,CART-CRG-15,RETURN,419.06,2026-10-21 12:00:00
700397,ORD-300046,PULP-KRAFT-001,ISSUE,214.58,2026-11-11 08:00:00
700398,ORD-300046,PULP-KRAFT-001   ,ISSUE,83.87,2026-10-31 18:00:00
700399,ORD-300046,PULP-KRAFT-001,RETURN,61.47,2026-11-15 16:00:00
700400,ORD-300046,SAP-GRAN-022,ISSUE,358.29,2026-11-07 18:00:00
700401,ORD-300046,SAP-GRAN-022,ISSUE,805.73,2026-10-25 19:00:00
700402,ORD-300046,SAP-GRAN-022,RETURN,387.38,2026-11-05 09:00:00
700403,ORD-300047,PULP-RCYC-004    ,ISSUE,261.4,2026-11-10 17:00:00
700404,ORD-300047,PULP-RCYC-004  ,ISSUE,674.91,2026-11-12 10:00:00
700405,ORD-300047,PULP-RCYC-004,RETURN,243.24,2026-11-01 18:00:00
700406,ORD-300047,CART-CRG-15   ,ISSUE,327.74,2026-10-30 13:00:00
700407,ORD-300047,CART-CRG-15,ISSUE,98.62,2026-11-08 09:00:00
700408,ORD-300047,CART-CRG-15,RETURN,862.77,2026-11-10 07:00:00
700409,ORD-300048,INK-FLX-003,ISSUE,432.45,2026-10-19 06:00:00
700410,ORD-300048,INK-FLX-003,ISSUE,189.46,2026-10-20 11:00:00
700411,ORD-300048,INK-FLX-003,RETURN,835.5,2026-10-22 19:00:00
700412,ORD-300048,PULP-RCYC-004   ,ISSUE,543.56,2026-10-20 12:00:00
700413,ORD-300048,PULP-RCYC-004,ISSUE,414.32,2026-10-30 15:00:00
700414,ORD-300048,PULP-RCYC-004 ,RETURN,717.01,2026-11-02 09:00:00
700415,ORD-300048,PULP-SOFT-009,ISSUE,187.63,2026-10-19 15:00:00
700416,ORD-300048,PULP-SOFT-009,ISSUE,54.24,2026-11-07 20:00:00
700417,ORD-300048,PULP-SOFT-009,RETURN,293.91,2026-10-22 18:00:00
700418,ORD-300049,SAP-GRAN-022,ISSUE,388.51,2026-11-05 18:00:00
700419,ORD-300049,SAP-GRAN-022  ,ISSUE,285.12,2026-10-29 18:00:00
700420,ORD-300049,SAP-GRAN-022,RETURN,112.69,2026-11-08 08:00:00
700421,ORD-300049,ADH-HT-077 ,ISSUE,274.5,2026-10-28 10:00:00
700422,ORD-300049,ADH-HT-077,ISSUE,72.76,2026-11-12 20:00:00
700423,ORD-300049,ADH-HT-077   ,RETURN,99.53,2026-11-15 12:00:00
700424,ORD-300050,SAP-GRAN-022,ISSUE,455.82,2026-11-14 12:00:00
700425,ORD-300050,SAP-GRAN-022,ISSUE,261.29,2026-11-01 19:00:00
700426,ORD-300050,SAP-GRAN-022,RETURN,334.76,2026-11-02 11:00:00
700427,ORD-300050,INK-FLX-003,ISSUE,382.28,2026-10-19 08:00:00
700428,ORD-300050,INK-FLX-003,ISSUE,665.6,2026-11-10 13:00:00
700429,ORD-300050,INK-FLX-003,RETURN,509.73,2026-10-30 07:00:00
700430,ORD-300050,PULP-RCYC-004,ISSUE,643.1,2026-11-05 13:00:00
700431,ORD-300050,PULP-RCYC-004,ISSUE,793.82,2026-10-20 14:00:00
700432,ORD-300050,PULP-RCYC-004 ,RETURN,610.6,2026-11-14 13:00:00
700433,ORD-300051,PULP-RCYC-004 ,ISSUE,188.11,2026-11-14 15:00:00
700434,ORD-300051,PULP-RCYC-004 ,ISSUE,662.82,2026-10-29 11:00:00
700435,ORD-300051,PULP-RCYC-004,RETURN,584.17,2026-10-31 08:00:00
700436,ORD-300051,ADH-HT-077,ISSUE,306.53,2026-10-24 16:00:00
700437,ORD-300051,ADH-HT-077,ISSUE,216.12,2026-11-08 09:00:00
700438,ORD-300051,ADH-HT-077,RETURN,436.96,2026-10-29 06:00:00
700439,ORD-300052,CART-CRG-15,ISSUE,863.24,2026-10-29 18:00:00
700440,ORD-300052,CART-CRG-15,ISSUE,493.52,2026-11-14 18:00:00
700441,ORD-300052,CART-CRG-15,RETURN,319.44,2026-11-14 14:00:00
700442,ORD-300052,PULP-RCYC-004,ISSUE,794.65,2026-11-08 11:00:00
700443,ORD-300052,PULP-RCYC-004,ISSUE,317.36,2026-11-05 12:00:00
700444,ORD-300052,PULP-RCYC-004,RETURN,54.18,2026-11-13 16:00:00
700445,ORD-300053,CART-CRG-15 ,ISSUE,68.15,2026-10-23 08:00:00
700446,ORD-300053,CART-CRG-15,ISSUE,308.27,2026-11-08 15:00:00
700447,ORD-300053,CART-CRG-15,RETURN,864.34,2026-11-07 15:00:00
700448,ORD-300053,PULP-SOFT-009,ISSUE,322.72,2026-10-23 12:00:00
700449,ORD-300053,PULP-SOFT-009   ,ISSUE,64.82,2026-10-25 08:00:00
700450,ORD-300053,PULP-SOFT-009,RETURN,307.94,2026-10-22 12:00:00
700451,ORD-300053,PULP-KRAFT-001,ISSUE,684.12,2026-10-22 13:00:00
700452,ORD-300053,PULP-KRAFT-001,ISSUE,730.05,2026-11-02 18:00:00
700453,ORD-300053,PULP-KRAFT-001 ,RETURN,248.86,2026-11-13 14:00:00
700454,ORD-300053,SAP-GRAN-022,ISSUE,164.91,2026-11-08 17:00:00
700455,ORD-300053,SAP-GRAN-022    ,ISSUE,482.09,2026-10-30 15:00:00
700456,ORD-300053,SAP-GRAN-022,RETURN,155.77,2026-10-31 07:00:00
700457,ORD-300054,ADH-HT-077  ,ISSUE,722.73,2026-11-04 06:00:00
700458,ORD-300054,ADH-HT-077,ISSUE,207.8,2026-11-12 08:00:00
700459,ORD-300054,ADH-HT-077,RETURN,470.27,2026-10-23 19:00:00
700460,ORD-300054,PULP-RCYC-004,ISSUE,349.65,2026-10-30 11:00:00
700461,ORD-300054,PULP-RCYC-004,ISSUE,398.72,2026-11-11 13:00:00
700462,ORD-300054,PULP-RCYC-004   ,RETURN,847.23,2026-11-02 14:00:00
700463,ORD-300055,PULP-SOFT-009,ISSUE,810.53,2026-10-29 14:00:00
700464,ORD-300055,PULP-SOFT-009,ISSUE,568.53,2026-10-29 20:00:00
700465,ORD-300055,PULP-SOFT-009,RETURN,560.26,2026-11-10 06:00:00
700466,ORD-300055,ADH-HT-077,ISSUE,264.31,2026-10-20 08:00:00
700467,ORD-300055,ADH-HT-077,ISSUE,691.25,2026-11-14 20:00:00
700468,ORD-300055,ADH-HT-077,RETURN,596.42,2026-11-01 16:00:00
700469,ORD-300055,PULP-RCYC-004  ,ISSUE,442.62,2026-10-30 18:00:00
700470,ORD-300055,PULP-RCYC-004,ISSUE,548.97,2026-11-13 16:00:00
700471,ORD-300055,PULP-RCYC-004,RETURN,892.23,2026-10-20 16:00:00
700472,ORD-300056,CART-CRG-15,ISSUE,885.77,2026-11-01 13:00:00
700473,ORD-300056,CART-CRG-15,ISSUE,538.84,2026-11-10 10:00:00
700474,ORD-300056,CART-CRG-15,RETURN,351.48,2026-11-10 20:00:00
700475,ORD-300056,INK-FLX-003  ,ISSUE,851.18,2026-11-12 16:00:00
700476,ORD-300056,INK-FLX-003    ,ISSUE,884.85,2026-11-03 08:00:00
700477,ORD-300056,INK-FLX-003 ,RETURN,687.32,2026-10-25 07:00:00
700478,ORD-300056,ADH-HT-077  ,ISSUE,95.68,2026-11-04 14:00:00
700479,ORD-300056,ADH-HT-077,ISSUE,753.56,2026-10-21 16:00:00
700480,ORD-300056,ADH-HT-077,RETURN,424.76,2026-10-20 09:00:00
700481,ORD-300057,PULP-RCYC-004,ISSUE,198.04,2026-10-23 13:00:00
700482,ORD-300057,PULP-RCYC-004 ,ISSUE,438.75,2026-10-30 15:00:00
700483,ORD-300057,PULP-RCYC-004  ,RETURN,254.8,2026-11-11 17:00:00
700484,ORD-300057,SAP-GRAN-022    ,ISSUE,740.02,2026-11-03 08:00:00
700485,ORD-300057,SAP-GRAN-022,ISSUE,778.12,2026-11-07 13:00:00
700486,ORD-300057,SAP-GRAN-022,RETURN,880.26,2026-10-23 08:00:00
700487,ORD-300058,INK-FLX-003  ,ISSUE,599.42,2026-11-06 16:00:00
700488,ORD-300058,INK-FLX-003  ,ISSUE,424.7,2026-11-01 08:00:00
700489,ORD-300058,INK-FLX-003   ,RETURN,811.31,2026-10-22 11:00:00
700490,ORD-300058,PULP-RCYC-004  ,ISSUE,174.83,2026-11-09 09:00:00
700491,ORD-300058,PULP-RCYC-004,ISSUE,313.3,2026-11-11 18:00:00
700492,ORD-300058,PULP-RCYC-004,RETURN,638.13,2026-11-04 16:00:00
700493,ORD-300058,PULP-SOFT-009,ISSUE,480.78,2026-10-19 10:00:00
700494,ORD-300058,PULP-SOFT-009,ISSUE,59.97,2026-10-20 10:00:00
700495,ORD-300058,PULP-SOFT-009   ,RETURN,705.61,2026-11-02 18:00:00
700496,ORD-300058,SAP-GRAN-022,ISSUE,56.38,2026-11-11 16:00:00
700497,ORD-300058,SAP-GRAN-022,ISSUE,276.66,2026-11-10 15:00:00
700498,ORD-300058,SAP-GRAN-022    ,RETURN,602.85,2026-10-27 11:00:00
700499,ORD-300059,INK-FLX-003,ISSUE,366.85,2026-11-09 16:00:00
700500,ORD-300059,INK-FLX-003,ISSUE,476.55,2026-11-14 13:00:00
700501,ORD-300059,INK-FLX-003,RETURN,111.32,2026-10-25 10:00:00
700502,ORD-300059,PULP-SOFT-009    ,ISSUE,526.65,2026-11-01 15:00:00
700503,ORD-300059,PULP-SOFT-009,ISSUE,74.97,2026-11-01 15:00:00
700504,ORD-300059,PULP-SOFT-009 ,RETURN,292.45,2026-11-12 17:00:00
700505,ORD-300060,POLY-BACK-11,ISSUE,812.58,2026-11-08 18:00:00
700506,ORD-300060,POLY-BACK-11,ISSUE,217.22,2026-10-29 15:00:00
700507,ORD-300060,POLY-BACK-11    ,RETURN,799.88,2026-11-01 06:00:00
700508,ORD-300060,SAP-GRAN-022   ,ISSUE,862.29,2026-11-02 16:00:00
700509,ORD-300060,SAP-GRAN-022   ,ISSUE,497.04,2026-10-29 13:00:00
700510,ORD-300060,SAP-GRAN-022  ,RETURN,486.62,2026-11-04 15:00:00
700511,ORD-300060,PULP-KRAFT-001,ISSUE,188.1,2026-11-03 09:00:00
700512,ORD-300060,PULP-KRAFT-001    ,ISSUE,184.18,2026-10-24 12:00:00
700513,ORD-300060,PULP-KRAFT-001,RETURN,552.42,2026-11-02 12:00:00
700514,ORD-300060,PULP-RCYC-004,ISSUE,195.25,2026-11-03 11:00:00
700515,ORD-300060,PULP-RCYC-004,ISSUE,149.56,2026-11-11 07:00:00
700516,ORD-300060,PULP-RCYC-004,RETURN,350.03,2026-11-03 12:00:00
700517,ORD-300061,ADH-HT-077,ISSUE,666.29,2026-10-27 10:00:00
700518,ORD-300061,ADH-HT-077  ,ISSUE,339.31,2026-11-14 20:00:00
700519,ORD-300061,ADH-HT-077,RETURN,167.79,2026-11-14 12:00:00
700520,ORD-300061,INK-FLX-003,ISSUE,184.61,2026-10-25 14:00:00
700521,ORD-300061,INK-FLX-003,ISSUE,766.42,2026-11-12 13:00:00
700522,ORD-300061,INK-FLX-003   ,RETURN,95.97,2026-11-12 10:00:00
700523,ORD-300062,CART-CRG-15,ISSUE,849.19,2026-10-23 20:00:00
700524,ORD-300062,CART-CRG-15,ISSUE,373.48,2026-11-10 20:00:00
700525,ORD-300062,CART-CRG-15,RETURN,275.59,2026-10-19 07:00:00
700526,ORD-300062,ADH-HT-077,ISSUE,534.56,2026-11-06 15:00:00
700527,ORD-300062,ADH-HT-077,ISSUE,75.42,2026-10-21 11:00:00
700528,ORD-300062,ADH-HT-077,RETURN,782.09,2026-11-09 14:00:00
700529,ORD-300062,PULP-RCYC-004 ,ISSUE,753.78,2026-11-04 16:00:00
700530,ORD-300062,PULP-RCYC-004,ISSUE,226.87,2026-11-14 13:00:00
700531,ORD-300062,PULP-RCYC-004,RETURN,706.3,2026-10-29 19:00:00
700532,ORD-300062,INK-FLX-003,ISSUE,631.0,2026-10-27 17:00:00
700533,ORD-300062,INK-FLX-003,ISSUE,635.56,2026-11-01 10:00:00
700534,ORD-300062,INK-FLX-003,RETURN,720.31,2026-10-27 19:00:00
700535,ORD-300063,INK-FLX-003,ISSUE,283.89,2026-10-24 19:00:00
700536,ORD-300063,INK-FLX-003,ISSUE,366.69,2026-11-10 20:00:00
700537,ORD-300063,INK-FLX-003,RETURN,247.87,2026-11-03 07:00:00
700538,ORD-300063,CART-CRG-15,ISSUE,129.86,2026-11-08 13:00:00
700539,ORD-300063,CART-CRG-15,ISSUE,420.74,2026-10-25 13:00:00
700540,ORD-300063,CART-CRG-15,RETURN,635.08,2026-10-21 09:00:00
700541,ORD-300064,ADH-HT-077,ISSUE,510.49,2026-11-15 10:00:00
700542,ORD-300064,ADH-HT-077    ,ISSUE,822.29,2026-11-15 19:00:00
700543,ORD-300064,ADH-HT-077  ,RETURN,782.84,2026-11-07 15:00:00
700544,ORD-300064,PULP-KRAFT-001,ISSUE,888.74,2026-10-25 15:00:00
700545,ORD-300064,PULP-KRAFT-001,ISSUE,485.61,2026-10-20 07:00:00
700546,ORD-300064,PULP-KRAFT-001,RETURN,54.02,2026-10-25 09:00:00
700547,ORD-300065,SAP-GRAN-022  ,ISSUE,556.61,2026-10-22 07:00:00
700548,ORD-300065,SAP-GRAN-022   ,ISSUE,483.56,2026-11-07 06:00:00
700549,ORD-300065,SAP-GRAN-022 ,RETURN,352.57,2026-11-14 20:00:00
700550,ORD-300065,CART-CRG-15   ,ISSUE,677.93,2026-11-12 19:00:00
700551,ORD-300065,CART-CRG-15,ISSUE,293.29,2026-10-23 09:00:00
700552,ORD-300065,CART-CRG-15   ,RETURN,198.93,2026-11-09 08:00:00
700553,ORD-300065,PULP-SOFT-009,ISSUE,418.72,2026-10-25 08:00:00
700554,ORD-300065,PULP-SOFT-009  ,ISSUE,833.01,2026-11-03 09:00:00
700555,ORD-300065,PULP-SOFT-009,RETURN,801.45,2026-10-19 19:00:00
700556,ORD-300066,INK-FLX-003,ISSUE,134.87,2026-10-25 07:00:00
700557,ORD-300066,INK-FLX-003 ,ISSUE,246.36,2026-10-23 07:00:00
700558,ORD-300066,INK-FLX-003 ,RETURN,824.29,2026-11-10 13:00:00
700559,ORD-300066,SAP-GRAN-022,ISSUE,120.18,2026-10-27 08:00:00
700560,ORD-300066,SAP-GRAN-022,ISSUE,325.55,2026-11-12 10:00:00
700561,ORD-300066,SAP-GRAN-022    ,RETURN,770.24,2026-11-10 10:00:00
700562,ORD-300066,PULP-SOFT-009,ISSUE,278.06,2026-10-22 15:00:00
700563,ORD-300066,PULP-SOFT-009,ISSUE,560.97,2026-11-15 15:00:00
700564,ORD-300066,PULP-SOFT-009,RETURN,838.08,2026-11-02 16:00:00
700565,ORD-300067,INK-FLX-003,ISSUE,136.88,2026-11-05 17:00:00
700566,ORD-300067,INK-FLX-003,ISSUE,512.59,2026-11-09 07:00:00
700567,ORD-300067,INK-FLX-003,RETURN,601.9,2026-11-14 16:00:00
700568,ORD-300067,CART-CRG-15    ,ISSUE,892.52,2026-11-13 20:00:00
700569,ORD-300067,CART-CRG-15,ISSUE,661.04,2026-11-05 06:00:00
700570,ORD-300067,CART-CRG-15,RETURN,94.27,2026-11-06 18:00:00
700571,ORD-300067,PULP-RCYC-004,ISSUE,702.39,2026-11-05 14:00:00
700572,ORD-300067,PULP-RCYC-004,ISSUE,160.03,2026-11-09 07:00:00
700573,ORD-300067,PULP-RCYC-004,RETURN,656.63,2026-11-03 09:00:00
700574,ORD-300067,PULP-KRAFT-001,ISSUE,162.32,2026-10-23 14:00:00
700575,ORD-300067,PULP-KRAFT-001,ISSUE,598.79,2026-10-22 14:00:00
700576,ORD-300067,PULP-KRAFT-001,RETURN,490.6,2026-10-22 06:00:00
700577,ORD-300068,ADH-HT-077,ISSUE,332.38,2026-11-03 16:00:00
700578,ORD-300068,ADH-HT-077,ISSUE,264.23,2026-11-01 18:00:00
700579,ORD-300068,ADH-HT-077,RETURN,662.18,2026-11-07 11:00:00
700580,ORD-300068,PULP-KRAFT-001,ISSUE,565.32,2026-10-23 08:00:00
700581,ORD-300068,PULP-KRAFT-001 ,ISSUE,75.1,2026-10-29 15:00:00
700582,ORD-300068,PULP-KRAFT-001,RETURN,653.64,2026-11-10 18:00:00
700583,ORD-300068,PULP-SOFT-009  ,ISSUE,836.33,2026-11-12 12:00:00
700584,ORD-300068,PULP-SOFT-009,ISSUE,541.13,2026-10-26 20:00:00
700585,ORD-300068,PULP-SOFT-009 ,RETURN,812.27,2026-11-11 07:00:00
700586,ORD-300068,POLY-BACK-11 ,ISSUE,287.73,2026-11-07 12:00:00
700587,ORD-300068,POLY-BACK-11,ISSUE,253.6,2026-10-26 18:00:00
700588,ORD-300068,POLY-BACK-11,RETURN,684.19,2026-11-02 11:00:00
700589,ORD-300069,PULP-RCYC-004,ISSUE,739.1,2026-10-25 10:00:00
700590,ORD-300069,PULP-RCYC-004,ISSUE,166.82,2026-11-08 15:00:00
700591,ORD-300069,PULP-RCYC-004,RETURN,434.0,2026-11-08 14:00:00
700592,ORD-300069,ADH-HT-077,ISSUE,96.05,2026-11-13 06:00:00
700593,ORD-300069,ADH-HT-077,ISSUE,767.64,2026-11-03 15:00:00
700594,ORD-300069,ADH-HT-077,RETURN,518.97,2026-10-24 10:00:00
700595,ORD-300069,PULP-SOFT-009,ISSUE,361.13,2026-11-14 19:00:00
700596,ORD-300069,PULP-SOFT-009,ISSUE,777.86,2026-11-03 16:00:00
700597,ORD-300069,PULP-SOFT-009,RETURN,414.94,2026-11-07 11:00:00
700598,ORD-300070,SAP-GRAN-022,ISSUE,735.0,2026-11-13 15:00:00
700599,ORD-300070,SAP-GRAN-022,ISSUE,235.06,2026-10-25 20:00:00
700600,ORD-300070,SAP-GRAN-022,RETURN,554.19,2026-11-05 20:00:00
700601,ORD-300070,PULP-RCYC-004,ISSUE,481.27,2026-11-12 16:00:00
700602,ORD-300070,PULP-RCYC-004,ISSUE,823.02,2026-11-04 12:00:00
700603,ORD-300070,PULP-RCYC-004   ,RETURN,532.31,2026-10-22 09:00:00
700604,ORD-300070,PULP-KRAFT-001  ,ISSUE,648.39,2026-11-03 10:00:00
700605,ORD-300070,PULP-KRAFT-001,ISSUE,87.35,2026-10-23 20:00:00
700606,ORD-300070,PULP-KRAFT-001,RETURN,283.87,2026-11-12 11:00:00
700607,ORD-300071,PULP-SOFT-009,ISSUE,161.34,2026-10-25 19:00:00
700608,ORD-300071,PULP-SOFT-009  ,ISSUE,69.51,2026-10-25 13:00:00
700609,ORD-300071,PULP-SOFT-009 ,RETURN,468.9,2026-10-29 15:00:00
700610,ORD-300071,ADH-HT-077   ,ISSUE,591.25,2026-10-20 15:00:00
700611,ORD-300071,ADH-HT-077,ISSUE,259.24,2026-10-20 19:00:00
700612,ORD-300071,ADH-HT-077    ,RETURN,818.91,2026-11-03 07:00:00
700613,ORD-300071,CART-CRG-15,ISSUE,857.5,2026-11-01 16:00:00
700614,ORD-300071,CART-CRG-15,ISSUE,349.8,2026-11-12 15:00:00
700615,ORD-300071,CART-CRG-15    ,RETURN,105.23,2026-11-09 08:00:00
700616,ORD-300071,POLY-BACK-11,ISSUE,95.11,2026-10-27 15:00:00
700617,ORD-300071,POLY-BACK-11    ,ISSUE,511.69,2026-11-08 07:00:00
700618,ORD-300071,POLY-BACK-11,RETURN,274.76,2026-10-25 11:00:00
700619,ORD-300072,PULP-SOFT-009,ISSUE,133.94,2026-10-30 15:00:00
700620,ORD-300072,PULP-SOFT-009    ,ISSUE,832.14,2026-11-09 20:00:00
700621,ORD-300072,PULP-SOFT-009,RETURN,72.7,2026-10-21 10:00:00
700622,ORD-300072,POLY-BACK-11,ISSUE,189.66,2026-11-12 06:00:00
700623,ORD-300072,POLY-BACK-11,ISSUE,154.33,2026-11-08 12:00:00
700624,ORD-300072,POLY-BACK-11    ,RETURN,406.75,2026-11-14 20:00:00
700625,ORD-300073,CART-CRG-15,ISSUE,230.18,2026-10-19 07:00:00
700626,ORD-300073,CART-CRG-15,ISSUE,561.38,2026-11-01 20:00:00
700627,ORD-300073,CART-CRG-15,RETURN,573.68,2026-10-26 06:00:00
700628,ORD-300073,PULP-SOFT-009   ,ISSUE,686.78,2026-11-02 10:00:00
700629,ORD-300073,PULP-SOFT-009,ISSUE,115.25,2026-11-07 17:00:00
700630,ORD-300073,PULP-SOFT-009,RETURN,178.7,2026-10-27 20:00:00
700631,ORD-300073,PULP-RCYC-004   ,ISSUE,766.33,2026-10-28 15:00:00
700632,ORD-300073,PULP-RCYC-004,ISSUE,584.71,2026-10-27 06:00:00
700633,ORD-300073,PULP-RCYC-004,RETURN,730.45,2026-10-25 10:00:00
700634,ORD-300073,SAP-GRAN-022 ,ISSUE,733.43,2026-10-30 13:00:00
700635,ORD-300073,SAP-GRAN-022  ,ISSUE,220.82,2026-10-22 06:00:00
700636,ORD-300073,SAP-GRAN-022   ,RETURN,89.9,2026-10-30 10:00:00
700637,ORD-300074,POLY-BACK-11,ISSUE,291.49,2026-10-20 15:00:00
700638,ORD-300074,POLY-BACK-11   ,ISSUE,705.32,2026-10-24 16:00:00
700639,ORD-300074,POLY-BACK-11   ,RETURN,234.43,2026-10-23 14:00:00
700640,ORD-300074,SAP-GRAN-022,ISSUE,795.67,2026-10-23 19:00:00
700641,ORD-300074,SAP-GRAN-022  ,ISSUE,886.27,2026-10-25 19:00:00
700642,ORD-300074,SAP-GRAN-022,RETURN,474.1,2026-11-02 15:00:00
700643,ORD-300074,CART-CRG-15  ,ISSUE,329.38,2026-11-06 20:00:00
700644,ORD-300074,CART-CRG-15,ISSUE,867.21,2026-11-09 09:00:00
700645,ORD-300074,CART-CRG-15,RETURN,111.96,2026-11-06 14:00:00
700646,ORD-300074,PULP-KRAFT-001,ISSUE,425.81,2026-11-02 12:00:00
700647,ORD-300074,PULP-KRAFT-001,ISSUE,319.5,2026-10-25 10:00:00
700648,ORD-300074,PULP-KRAFT-001    ,RETURN,428.83,2026-10-28 19:00:00
700649,ORD-300075,ADH-HT-077,ISSUE,421.82,2026-10-26 06:00:00
700650,ORD-300075,ADH-HT-077,ISSUE,632.83,2026-11-01 11:00:00
700651,ORD-300075,ADH-HT-077 ,RETURN,737.8,2026-11-15 20:00:00
700652,ORD-300075,CART-CRG-15,ISSUE,153.37,2026-10-22 16:00:00
700653,ORD-300075,CART-CRG-15,ISSUE,770.97,2026-10-23 19:00:00
700654,ORD-300075,CART-CRG-15,RETURN,84.78,2026-11-06 17:00:00
700655,ORD-300075,PULP-SOFT-009,ISSUE,478.93,2026-11-13 12:00:00
700656,ORD-300075,PULP-SOFT-009   ,ISSUE,219.26,2026-10-31 20:00:00
700657,ORD-300075,PULP-SOFT-009,RETURN,730.79,2026-11-14 15:00:00
700658,ORD-300076,PULP-RCYC-004 ,ISSUE,869.81,2026-10-22 10:00:00
700659,ORD-300076,PULP-RCYC-004  ,ISSUE,351.33,2026-11-13 18:00:00
700660,ORD-300076,PULP-RCYC-004,RETURN,165.34,2026-10-21 08:00:00
700661,ORD-300076,ADH-HT-077,ISSUE,469.86,2026-11-08 17:00:00
700662,ORD-300076,ADH-HT-077,ISSUE,187.12,2026-11-05 11:00:00
700663,ORD-300076,ADH-HT-077,RETURN,331.92,2026-10-25 09:00:00
700664,ORD-300076,POLY-BACK-11   ,ISSUE,661.85,2026-10-29 06:00:00
700665,ORD-300076,POLY-BACK-11,ISSUE,834.35,2026-10-28 07:00:00
700666,ORD-300076,POLY-BACK-11,RETURN,319.02,2026-10-19 12:00:00
700667,ORD-300076,PULP-KRAFT-001,ISSUE,840.14,2026-11-01 15:00:00
700668,ORD-300076,PULP-KRAFT-001,ISSUE,309.49,2026-11-07 15:00:00
700669,ORD-300076,PULP-KRAFT-001,RETURN,179.62,2026-11-06 20:00:00
700670,ORD-300077,SAP-GRAN-022,ISSUE,479.36,2026-11-08 09:00:00
700671,ORD-300077,SAP-GRAN-022,ISSUE,487.56,2026-10-21 16:00:00
700672,ORD-300077,SAP-GRAN-022,RETURN,826.68,2026-10-31 12:00:00
700673,ORD-300077,INK-FLX-003    ,ISSUE,250.41,2026-10-26 17:00:00
700674,ORD-300077,INK-FLX-003,ISSUE,475.8,2026-11-14 07:00:00
700675,ORD-300077,INK-FLX-003,RETURN,418.03,2026-11-13 14:00:00
700676,ORD-300077,PULP-KRAFT-001,ISSUE,608.57,2026-10-27 15:00:00
700677,ORD-300077,PULP-KRAFT-001,ISSUE,480.91,2026-11-03 12:00:00
700678,ORD-300077,PULP-KRAFT-001  ,RETURN,571.33,2026-11-03 10:00:00
700679,ORD-300078,POLY-BACK-11,ISSUE,624.44,2026-11-12 08:00:00
700680,ORD-300078,POLY-BACK-11,ISSUE,770.55,2026-11-12 19:00:00
700681,ORD-300078,POLY-BACK-11,RETURN,336.14,2026-11-14 13:00:00
700682,ORD-300078,INK-FLX-003   ,ISSUE,433.12,2026-11-10 19:00:00
700683,ORD-300078,INK-FLX-003,ISSUE,849.89,2026-10-29 20:00:00
700684,ORD-300078,INK-FLX-003,RETURN,720.68,2026-11-07 07:00:00
700685,ORD-300078,ADH-HT-077,ISSUE,171.52,2026-11-14 14:00:00
700686,ORD-300078,ADH-HT-077  ,ISSUE,348.1,2026-11-01 13:00:00
700687,ORD-300078,ADH-HT-077,RETURN,401.97,2026-11-04 17:00:00
700688,ORD-300078,CART-CRG-15,ISSUE,699.64,2026-10-22 12:00:00
700689,ORD-300078,CART-CRG-15  ,ISSUE,443.44,2026-10-28 06:00:00
700690,ORD-300078,CART-CRG-15,RETURN,606.45,2026-11-09 15:00:00
700691,ORD-300079,SAP-GRAN-022,ISSUE,628.91,2026-11-09 12:00:00
700692,ORD-300079,SAP-GRAN-022  ,ISSUE,453.09,2026-11-06 06:00:00
700693,ORD-300079,SAP-GRAN-022,RETURN,839.62,2026-10-31 09:00:00
700694,ORD-300079,POLY-BACK-11   ,ISSUE,142.14,2026-10-23 16:00:00
700695,ORD-300079,POLY-BACK-11,ISSUE,895.62,2026-11-12 17:00:00
700696,ORD-300079,POLY-BACK-11,RETURN,686.09,2026-11-01 06:00:00
700697,ORD-300079,PULP-RCYC-004,ISSUE,65.72,2026-10-21 16:00:00
700698,ORD-300079,PULP-RCYC-004    ,ISSUE,405.26,2026-10-28 09:00:00
700699,ORD-300079,PULP-RCYC-004    ,RETURN,247.87,2026-11-04 09:00:00
700700,ORD-300080,ADH-HT-077,ISSUE,839.33,2026-11-14 10:00:00
700701,ORD-300080,ADH-HT-077,ISSUE,757.88,2026-11-02 11:00:00
700702,ORD-300080,ADH-HT-077 ,RETURN,163.09,2026-11-07 09:00:00
700703,ORD-300080,PULP-SOFT-009    ,ISSUE,105.12,2026-11-04 16:00:00
700704,ORD-300080,PULP-SOFT-009,ISSUE,135.51,2026-10-26 14:00:00
700705,ORD-300080,PULP-SOFT-009,RETURN,400.51,2026-11-12 16:00:00
700706,ORD-300080,PULP-KRAFT-001,ISSUE,770.49,2026-11-14 06:00:00
700707,ORD-300080,PULP-KRAFT-001   ,ISSUE,327.33,2026-10-21 20:00:00
700708,ORD-300080,PULP-KRAFT-001  ,RETURN,482.16,2026-11-10 06:00:00
700709,ORD-300081,ADH-HT-077,ISSUE,667.68,2026-11-11 12:00:00
700710,ORD-300081,ADH-HT-077,ISSUE,65.69,2026-11-04 19:00:00
700711,ORD-300081,ADH-HT-077,RETURN,337.89,2026-10-23 19:00:00
700712,ORD-300081,INK-FLX-003,ISSUE,470.64,2026-10-20 13:00:00
700713,ORD-300081,INK-FLX-003,ISSUE,898.63,2026-11-09 20:00:00
700714,ORD-300081,INK-FLX-003,RETURN,557.96,2026-11-01 14:00:00
700715,ORD-300081,SAP-GRAN-022,ISSUE,333.59,2026-11-13 20:00:00
700716,ORD-300081,SAP-GRAN-022,ISSUE,143.64,2026-11-01 09:00:00
700717,ORD-300081,SAP-GRAN-022,RETURN,102.52,2026-11-02 18:00:00
700718,ORD-300082,CART-CRG-15,ISSUE,568.78,2026-11-09 12:00:00
700719,ORD-300082,CART-CRG-15 ,ISSUE,485.4,2026-10-31 10:00:00
700720,ORD-300082,CART-CRG-15    ,RETURN,85.64,2026-10-30 08:00:00
700721,ORD-300082,PULP-RCYC-004,ISSUE,280.54,2026-10-23 18:00:00
700722,ORD-300082,PULP-RCYC-004,ISSUE,431.5,2026-11-04 10:00:00
700723,ORD-300082,PULP-RCYC-004,RETURN,735.5,2026-10-21 19:00:00
700724,ORD-300082,POLY-BACK-11,ISSUE,621.36,2026-11-06 07:00:00
700725,ORD-300082,POLY-BACK-11,ISSUE,867.84,2026-11-13 17:00:00
700726,ORD-300082,POLY-BACK-11,RETURN,388.29,2026-11-03 06:00:00
700727,ORD-300083,PULP-KRAFT-001,ISSUE,803.11,2026-11-07 10:00:00
700728,ORD-300083,PULP-KRAFT-001,ISSUE,163.5,2026-10-23 19:00:00
700729,ORD-300083,PULP-KRAFT-001,RETURN,231.77,2026-10-24 12:00:00
700730,ORD-300083,ADH-HT-077,ISSUE,646.85,2026-11-02 08:00:00
700731,ORD-300083,ADH-HT-077,ISSUE,522.71,2026-10-26 12:00:00
700732,ORD-300083,ADH-HT-077,RETURN,675.53,2026-11-10 15:00:00
700733,ORD-300084,CART-CRG-15,ISSUE,816.74,2026-11-04 19:00:00
700734,ORD-300084,CART-CRG-15,ISSUE,243.58,2026-10-23 10:00:00
700735,ORD-300084,CART-CRG-15,RETURN,240.67,2026-10-31 18:00:00
700736,ORD-300084,SAP-GRAN-022,ISSUE,124.03,2026-10-29 09:00:00
700737,ORD-300084,SAP-GRAN-022,ISSUE,721.53,2026-11-07 13:00:00
700738,ORD-300084,SAP-GRAN-022,RETURN,77.81,2026-10-22 08:00:00
700739,ORD-300084,PULP-KRAFT-001,ISSUE,868.74,2026-10-22 07:00:00
700740,ORD-300084,PULP-KRAFT-001  ,ISSUE,857.23,2026-11-02 11:00:00
700741,ORD-300084,PULP-KRAFT-001,RETURN,307.86,2026-11-11 13:00:00
700742,ORD-300085,ADH-HT-077,ISSUE,633.06,2026-11-06 18:00:00
700743,ORD-300085,ADH-HT-077,ISSUE,872.66,2026-11-03 11:00:00
700744,ORD-300085,ADH-HT-077,RETURN,249.71,2026-10-29 17:00:00
700745,ORD-300085,POLY-BACK-11,ISSUE,493.99,2026-11-13 09:00:00
700746,ORD-300085,POLY-BACK-11    ,ISSUE,134.75,2026-11-03 09:00:00
700747,ORD-300085,POLY-BACK-11,RETURN,552.34,2026-11-14 13:00:00
700748,ORD-300085,INK-FLX-003    ,ISSUE,697.39,2026-10-22 14:00:00
700749,ORD-300085,INK-FLX-003,ISSUE,451.5,2026-11-09 10:00:00
700750,ORD-300085,INK-FLX-003 ,RETURN,545.16,2026-11-06 12:00:00
700751,ORD-300085,PULP-KRAFT-001,ISSUE,658.59,2026-11-09 06:00:00
700752,ORD-300085,PULP-KRAFT-001  ,ISSUE,459.84,2026-11-10 06:00:00
700753,ORD-300085,PULP-KRAFT-001,RETURN,56.69,2026-10-21 13:00:00
700754,ORD-300086,PULP-KRAFT-001 ,ISSUE,899.34,2026-11-02 15:00:00
700755,ORD-300086,PULP-KRAFT-001,ISSUE,421.19,2026-10-31 14:00:00
700756,ORD-300086,PULP-KRAFT-001   ,RETURN,448.01,2026-10-19 09:00:00
700757,ORD-300086,ADH-HT-077,ISSUE,728.5,2026-10-25 18:00:00
700758,ORD-300086,ADH-HT-077,ISSUE,552.18,2026-10-20 15:00:00
700759,ORD-300086,ADH-HT-077 ,RETURN,139.83,2026-10-26 17:00:00
700760,ORD-300086,CART-CRG-15,ISSUE,604.8,2026-10-26 20:00:00
700761,ORD-300086,CART-CRG-15    ,ISSUE,126.03,2026-11-09 09:00:00
700762,ORD-300086,CART-CRG-15  ,RETURN,709.68,2026-10-25 18:00:00
700763,ORD-300086,PULP-RCYC-004 ,ISSUE,676.78,2026-11-06 07:00:00
700764,ORD-300086,PULP-RCYC-004,ISSUE,251.39,2026-10-26 08:00:00
700765,ORD-300086,PULP-RCYC-004 ,RETURN,418.02,2026-11-01 08:00:00
700766,ORD-300087,PULP-RCYC-004,ISSUE,180.1,2026-10-24 10:00:00
700767,ORD-300087,PULP-RCYC-004,ISSUE,811.42,2026-11-14 10:00:00
700768,ORD-300087,PULP-RCYC-004,RETURN,822.83,2026-10-25 19:00:00
700769,ORD-300087,SAP-GRAN-022,ISSUE,257.95,2026-11-02 12:00:00
700770,ORD-300087,SAP-GRAN-022,ISSUE,880.41,2026-11-09 16:00:00
700771,ORD-300087,SAP-GRAN-022,RETURN,192.28,2026-10-30 08:00:00
700772,ORD-300088,INK-FLX-003,ISSUE,869.81,2026-10-31 19:00:00
700773,ORD-300088,INK-FLX-003 ,ISSUE,84.7,2026-10-30 12:00:00
700774,ORD-300088,INK-FLX-003,RETURN,216.78,2026-10-22 08:00:00
700775,ORD-300088,SAP-GRAN-022,ISSUE,612.57,2026-11-14 19:00:00
700776,ORD-300088,SAP-GRAN-022    ,ISSUE,231.78,2026-11-05 16:00:00
700777,ORD-300088,SAP-GRAN-022    ,RETURN,183.83,2026-11-11 11:00:00
700778,ORD-300088,CART-CRG-15,ISSUE,601.91,2026-10-19 17:00:00
700779,ORD-300088,CART-CRG-15,ISSUE,348.35,2026-11-09 09:00:00
700780,ORD-300088,CART-CRG-15,RETURN,817.76,2026-11-06 11:00:00
700781,ORD-300088,PULP-RCYC-004,ISSUE,876.42,2026-10-30 08:00:00
700782,ORD-300088,PULP-RCYC-004 ,ISSUE,873.16,2026-10-22 07:00:00
700783,ORD-300088,PULP-RCYC-004  ,RETURN,738.62,2026-11-12 09:00:00
700784,ORD-300089,PULP-SOFT-009   ,ISSUE,338.88,2026-10-25 18:00:00
700785,ORD-300089,PULP-SOFT-009,ISSUE,333.44,2026-10-31 13:00:00
700786,ORD-300089,PULP-SOFT-009,RETURN,584.96,2026-10-22 11:00:00
700787,ORD-300089,POLY-BACK-11,ISSUE,835.53,2026-11-10 20:00:00
700788,ORD-300089,POLY-BACK-11  ,ISSUE,408.22,2026-10-31 08:00:00
700789,ORD-300089,POLY-BACK-11,RETURN,421.83,2026-11-09 08:00:00
700790,ORD-300089,SAP-GRAN-022,ISSUE,573.85,2026-10-22 08:00:00
700791,ORD-300089,SAP-GRAN-022    ,ISSUE,573.23,2026-11-05 12:00:00
700792,ORD-300089,SAP-GRAN-022,RETURN,720.65,2026-10-25 16:00:00
700793,ORD-300090,POLY-BACK-11,ISSUE,112.49,2026-10-29 15:00:00
700794,ORD-300090,POLY-BACK-11  ,ISSUE,805.88,2026-10-25 11:00:00
700795,ORD-300090,POLY-BACK-11 ,RETURN,260.85,2026-10-25 13:00:00
700796,ORD-300090,PULP-KRAFT-001,ISSUE,283.9,2026-11-07 15:00:00
700797,ORD-300090,PULP-KRAFT-001,ISSUE,289.01,2026-10-23 18:00:00
700798,ORD-300090,PULP-KRAFT-001,RETURN,99.45,2026-11-06 08:00:00
700799,ORD-300090,SAP-GRAN-022,ISSUE,126.07,2026-10-20 14:00:00
700800,ORD-300090,SAP-GRAN-022 ,ISSUE,309.29,2026-10-24 20:00:00
700801,ORD-300090,SAP-GRAN-022,RETURN,600.49,2026-10-21 06:00:00
700802,ORD-300091,PULP-RCYC-004  ,ISSUE,202.91,2026-11-15 14:00:00
700803,ORD-300091,PULP-RCYC-004,ISSUE,410.8,2026-11-14 20:00:00
700804,ORD-300091,PULP-RCYC-004,RETURN,293.97,2026-10-28 17:00:00
700805,ORD-300091,PULP-SOFT-009,ISSUE,264.83,2026-11-14 13:00:00
700806,ORD-300091,PULP-SOFT-009,ISSUE,833.22,2026-10-25 06:00:00
700807,ORD-300091,PULP-SOFT-009 ,RETURN,627.38,2026-11-05 07:00:00
700808,ORD-300092,PULP-SOFT-009,ISSUE,362.11,2026-11-04 18:00:00
700809,ORD-300092,PULP-SOFT-009,ISSUE,880.79,2026-10-19 14:00:00
700810,ORD-300092,PULP-SOFT-009,RETURN,622.05,2026-11-01 09:00:00
700811,ORD-300092,INK-FLX-003  ,ISSUE,240.77,2026-11-15 08:00:00
700812,ORD-300092,INK-FLX-003,ISSUE,550.16,2026-11-05 09:00:00
700813,ORD-300092,INK-FLX-003,RETURN,71.07,2026-11-05 07:00:00
700814,ORD-300093,SAP-GRAN-022   ,ISSUE,238.97,2026-11-01 06:00:00
700815,ORD-300093,SAP-GRAN-022,ISSUE,530.81,2026-10-30 10:00:00
700816,ORD-300093,SAP-GRAN-022,RETURN,862.81,2026-10-22 20:00:00
700817,ORD-300093,PULP-SOFT-009,ISSUE,165.93,2026-11-15 08:00:00
700818,ORD-300093,PULP-SOFT-009  ,ISSUE,774.76,2026-10-20 18:00:00
700819,ORD-300093,PULP-SOFT-009,RETURN,277.76,2026-10-22 07:00:00
700820,ORD-300093,CART-CRG-15,ISSUE,372.61,2026-11-05 12:00:00
700821,ORD-300093,CART-CRG-15,ISSUE,745.68,2026-11-13 12:00:00
700822,ORD-300093,CART-CRG-15,RETURN,280.7,2026-11-15 15:00:00
700823,ORD-300094,PULP-KRAFT-001,ISSUE,648.42,2026-11-12 18:00:00
700824,ORD-300094,PULP-KRAFT-001    ,ISSUE,293.22,2026-10-19 11:00:00
700825,ORD-300094,PULP-KRAFT-001,RETURN,775.29,2026-11-13 16:00:00
700826,ORD-300094,POLY-BACK-11,ISSUE,333.27,2026-11-02 19:00:00
700827,ORD-300094,POLY-BACK-11    ,ISSUE,667.28,2026-10-30 08:00:00
700828,ORD-300094,POLY-BACK-11,RETURN,214.88,2026-11-07 13:00:00
700829,ORD-300095,INK-FLX-003    ,ISSUE,640.19,2026-11-03 09:00:00
700830,ORD-300095,INK-FLX-003  ,ISSUE,251.79,2026-10-27 07:00:00
700831,ORD-300095,INK-FLX-003,RETURN,71.7,2026-10-25 17:00:00
700832,ORD-300095,POLY-BACK-11    ,ISSUE,561.3,2026-10-29 09:00:00
700833,ORD-300095,POLY-BACK-11,ISSUE,715.9,2026-11-03 19:00:00
700834,ORD-300095,POLY-BACK-11   ,RETURN,348.9,2026-10-27 19:00:00
700835,ORD-300096,CART-CRG-15,ISSUE,682.16,2026-10-30 09:00:00
700836,ORD-300096,CART-CRG-15,ISSUE,889.86,2026-10-28 13:00:00
700837,ORD-300096,CART-CRG-15,RETURN,138.34,2026-11-08 13:00:00
700838,ORD-300096,PULP-KRAFT-001,ISSUE,201.63,2026-11-08 14:00:00
700839,ORD-300096,PULP-KRAFT-001,ISSUE,507.59,2026-10-22 10:00:00
700840,ORD-300096,PULP-KRAFT-001,RETURN,817.09,2026-10-22 13:00:00
700841,ORD-300096,PULP-RCYC-004,ISSUE,860.17,2026-11-09 18:00:00
700842,ORD-300096,PULP-RCYC-004,ISSUE,859.27,2026-11-12 17:00:00
700843,ORD-300096,PULP-RCYC-004  ,RETURN,167.07,2026-11-15 17:00:00
700844,ORD-300097,POLY-BACK-11    ,ISSUE,55.05,2026-10-24 17:00:00
700845,ORD-300097,POLY-BACK-11 ,ISSUE,572.81,2026-10-23 17:00:00
700846,ORD-300097,POLY-BACK-11,RETURN,418.73,2026-11-13 07:00:00
700847,ORD-300097,ADH-HT-077,ISSUE,588.85,2026-11-12 13:00:00
700848,ORD-300097,ADH-HT-077,ISSUE,786.79,2026-10-22 18:00:00
700849,ORD-300097,ADH-HT-077,RETURN,288.94,2026-11-03 12:00:00
700850,ORD-300097,SAP-GRAN-022,ISSUE,207.5,2026-10-27 12:00:00
700851,ORD-300097,SAP-GRAN-022,ISSUE,886.96,2026-10-28 19:00:00
700852,ORD-300097,SAP-GRAN-022  ,RETURN,513.39,2026-11-05 09:00:00
700853,ORD-300097,INK-FLX-003,ISSUE,470.34,2026-11-12 11:00:00
700854,ORD-300097,INK-FLX-003,ISSUE,840.21,2026-10-20 07:00:00
700855,ORD-300097,INK-FLX-003,RETURN,840.23,2026-10-20 07:00:00
700856,ORD-300098,PULP-RCYC-004,ISSUE,269.19,2026-11-15 11:00:00
700857,ORD-300098,PULP-RCYC-004 ,ISSUE,605.78,2026-10-25 14:00:00
700858,ORD-300098,PULP-RCYC-004,RETURN,163.04,2026-10-25 10:00:00
700859,ORD-300098,ADH-HT-077,ISSUE,729.11,2026-10-22 18:00:00
700860,ORD-300098,ADH-HT-077,ISSUE,537.5,2026-11-10 14:00:00
700861,ORD-300098,ADH-HT-077,RETURN,692.43,2026-11-02 13:00:00
700862,ORD-300098,INK-FLX-003,ISSUE,223.41,2026-10-31 08:00:00
700863,ORD-300098,INK-FLX-003,ISSUE,486.7,2026-10-27 16:00:00
700864,ORD-300098,INK-FLX-003    ,RETURN,394.01,2026-10-21 15:00:00
700865,ORD-300098,CART-CRG-15 ,ISSUE,768.1,2026-10-20 15:00:00
700866,ORD-300098,CART-CRG-15,ISSUE,578.87,2026-10-25 07:00:00
700867,ORD-300098,CART-CRG-15,RETURN,542.54,2026-10-28 16:00:00
700868,ORD-300099,ADH-HT-077,ISSUE,879.71,2026-10-20 06:00:00
700869,ORD-300099,ADH-HT-077,ISSUE,477.37,2026-11-04 09:00:00
700870,ORD-300099,ADH-HT-077,RETURN,812.92,2026-10-22 18:00:00
700871,ORD-300099,CART-CRG-15   ,ISSUE,63.3,2026-10-19 18:00:00
700872,ORD-300099,CART-CRG-15   ,ISSUE,254.18,2026-11-01 11:00:00
700873,ORD-300099,CART-CRG-15,RETURN,176.55,2026-10-19 06:00:00
700874,ORD-300100,INK-FLX-003,ISSUE,577.48,2026-11-05 06:00:00
700875,ORD-300100,INK-FLX-003,ISSUE,85.32,2026-11-09 16:00:00
700876,ORD-300100,INK-FLX-003,RETURN,640.15,2026-11-11 17:00:00
700877,ORD-300100,PULP-SOFT-009,ISSUE,289.5,2026-11-09 12:00:00
700878,ORD-300100,PULP-SOFT-009    ,ISSUE,477.98,2026-11-15 08:00:00
700879,ORD-300100,PULP-SOFT-009  ,RETURN,648.97,2026-11-06 06:00:00
700880,ORD-300101,ADH-HT-077    ,ISSUE,795.31,2026-10-26 16:00:00
700881,ORD-300101,ADH-HT-077,ISSUE,700.21,2026-11-13 10:00:00
700882,ORD-300101,ADH-HT-077    ,RETURN,506.76,2026-11-12 10:00:00
700883,ORD-300101,POLY-BACK-11,ISSUE,752.97,2026-11-11 17:00:00
700884,ORD-300101,POLY-BACK-11,ISSUE,461.5,2026-10-19 20:00:00
700885,ORD-300101,POLY-BACK-11,RETURN,882.2,2026-11-06 06:00:00
700886,ORD-300101,INK-FLX-003,ISSUE,121.62,2026-11-15 09:00:00
700887,ORD-300101,INK-FLX-003,ISSUE,123.88,2026-11-03 12:00:00
700888,ORD-300101,INK-FLX-003,RETURN,423.83,2026-10-24 14:00:00
700889,ORD-300102,INK-FLX-003  ,ISSUE,746.33,2026-10-26 14:00:00
700890,ORD-300102,INK-FLX-003,ISSUE,291.25,2026-10-31 18:00:00
700891,ORD-300102,INK-FLX-003,RETURN,538.74,2026-10-19 09:00:00
700892,ORD-300102,PULP-SOFT-009,ISSUE,187.89,2026-10-29 17:00:00
700893,ORD-300102,PULP-SOFT-009,ISSUE,277.07,2026-10-19 16:00:00
700894,ORD-300102,PULP-SOFT-009,RETURN,199.21,2026-11-01 15:00:00
700895,ORD-300102,PULP-RCYC-004,ISSUE,855.41,2026-11-03 19:00:00
700896,ORD-300102,PULP-RCYC-004   ,ISSUE,677.64,2026-10-21 19:00:00
700897,ORD-300102,PULP-RCYC-004,RETURN,499.17,2026-11-01 17:00:00
700898,ORD-300103,INK-FLX-003  ,ISSUE,426.84,2026-11-15 10:00:00
700899,ORD-300103,INK-FLX-003    ,ISSUE,175.56,2026-11-08 10:00:00
700900,ORD-300103,INK-FLX-003,RETURN,813.22,2026-10-28 14:00:00
700901,ORD-300103,PULP-RCYC-004,ISSUE,343.87,2026-10-20 12:00:00
700902,ORD-300103,PULP-RCYC-004,ISSUE,387.76,2026-10-20 09:00:00
700903,ORD-300103,PULP-RCYC-004,RETURN,674.36,2026-11-04 08:00:00
700904,ORD-300103,POLY-BACK-11,ISSUE,544.56,2026-11-08 12:00:00
700905,ORD-300103,POLY-BACK-11 ,ISSUE,264.57,2026-10-31 11:00:00
700906,ORD-300103,POLY-BACK-11,RETURN,189.52,2026-11-11 07:00:00
700907,ORD-300103,PULP-SOFT-009,ISSUE,636.07,2026-11-09 14:00:00
700908,ORD-300103,PULP-SOFT-009,ISSUE,593.73,2026-10-24 14:00:00
700909,ORD-300103,PULP-SOFT-009  ,RETURN,398.28,2026-10-27 10:00:00
700910,ORD-300104,ADH-HT-077,ISSUE,803.79,2026-10-30 11:00:00
700911,ORD-300104,ADH-HT-077,ISSUE,490.26,2026-10-25 10:00:00
700912,ORD-300104,ADH-HT-077   ,RETURN,565.9,2026-10-26 08:00:00
700913,ORD-300104,INK-FLX-003,ISSUE,60.15,2026-11-11 20:00:00
700914,ORD-300104,INK-FLX-003,ISSUE,831.84,2026-10-31 13:00:00
700915,ORD-300104,INK-FLX-003,RETURN,806.22,2026-10-24 12:00:00
700916,ORD-300104,PULP-RCYC-004,ISSUE,595.13,2026-10-21 20:00:00
700917,ORD-300104,PULP-RCYC-004  ,ISSUE,386.32,2026-10-22 07:00:00
700918,ORD-300104,PULP-RCYC-004,RETURN,826.16,2026-10-27 18:00:00
700919,ORD-300105,CART-CRG-15  ,ISSUE,122.82,2026-11-10 09:00:00
700920,ORD-300105,CART-CRG-15,ISSUE,248.34,2026-10-26 12:00:00
700921,ORD-300105,CART-CRG-15,RETURN,604.0,2026-11-01 08:00:00
700922,ORD-300105,ADH-HT-077    ,ISSUE,109.86,2026-10-28 19:00:00
700923,ORD-300105,ADH-HT-077 ,ISSUE,524.95,2026-10-21 09:00:00
700924,ORD-300105,ADH-HT-077,RETURN,859.02,2026-11-12 14:00:00
700925,ORD-300105,INK-FLX-003,ISSUE,278.54,2026-11-12 13:00:00
700926,ORD-300105,INK-FLX-003,ISSUE,203.06,2026-11-03 10:00:00
700927,ORD-300105,INK-FLX-003   ,RETURN,199.76,2026-11-13 12:00:00
700928,ORD-300105,POLY-BACK-11,ISSUE,94.98,2026-11-03 19:00:00
700929,ORD-300105,POLY-BACK-11,ISSUE,456.73,2026-11-06 06:00:00
700930,ORD-300105,POLY-BACK-11    ,RETURN,571.84,2026-10-30 16:00:00
700931,ORD-300106,POLY-BACK-11  ,ISSUE,755.74,2026-11-11 08:00:00
700932,ORD-300106,POLY-BACK-11,ISSUE,494.8,2026-11-07 13:00:00
700933,ORD-300106,POLY-BACK-11  ,RETURN,117.14,2026-10-21 18:00:00
700934,ORD-300106,PULP-SOFT-009,ISSUE,384.88,2026-11-08 10:00:00
700935,ORD-300106,PULP-SOFT-009,ISSUE,576.0,2026-11-01 08:00:00
700936,ORD-300106,PULP-SOFT-009    ,RETURN,603.7,2026-10-27 19:00:00
700937,ORD-300106,PULP-KRAFT-001,ISSUE,185.72,2026-10-27 20:00:00
700938,ORD-300106,PULP-KRAFT-001,ISSUE,53.26,2026-10-21 08:00:00
700939,ORD-300106,PULP-KRAFT-001,RETURN,766.57,2026-11-10 19:00:00
700940,ORD-300106,SAP-GRAN-022,ISSUE,204.47,2026-11-07 08:00:00
700941,ORD-300106,SAP-GRAN-022,ISSUE,782.18,2026-11-14 08:00:00
700942,ORD-300106,SAP-GRAN-022,RETURN,77.71,2026-10-24 09:00:00
700943,ORD-300107,PULP-RCYC-004  ,ISSUE,302.62,2026-11-04 09:00:00
700944,ORD-300107,PULP-RCYC-004  ,ISSUE,53.93,2026-10-20 10:00:00
700945,ORD-300107,PULP-RCYC-004,RETURN,305.59,2026-11-15 13:00:00
700946,ORD-300107,SAP-GRAN-022 ,ISSUE,542.93,2026-10-19 20:00:00
700947,ORD-300107,SAP-GRAN-022,ISSUE,334.31,2026-10-30 12:00:00
700948,ORD-300107,SAP-GRAN-022  ,RETURN,374.49,2026-11-10 13:00:00
700949,ORD-300108,POLY-BACK-11,ISSUE,539.96,2026-10-26 14:00:00
700950,ORD-300108,POLY-BACK-11,ISSUE,431.0,2026-11-03 09:00:00
700951,ORD-300108,POLY-BACK-11,RETURN,133.35,2026-11-04 13:00:00
700952,ORD-300108,PULP-SOFT-009,ISSUE,576.65,2026-10-27 10:00:00
700953,ORD-300108,PULP-SOFT-009  ,ISSUE,113.85,2026-10-24 16:00:00
700954,ORD-300108,PULP-SOFT-009,RETURN,327.76,2026-11-04 13:00:00
700955,ORD-300108,INK-FLX-003 ,ISSUE,205.04,2026-11-06 07:00:00
700956,ORD-300108,INK-FLX-003,ISSUE,501.75,2026-11-05 11:00:00
700957,ORD-300108,INK-FLX-003  ,RETURN,441.02,2026-11-06 17:00:00
700958,ORD-300109,SAP-GRAN-022,ISSUE,723.25,2026-10-30 07:00:00
700959,ORD-300109,SAP-GRAN-022,ISSUE,757.47,2026-10-20 14:00:00
700960,ORD-300109,SAP-GRAN-022,RETURN,868.94,2026-11-15 18:00:00
700961,ORD-300109,INK-FLX-003,ISSUE,84.19,2026-11-06 11:00:00
700962,ORD-300109,INK-FLX-003,ISSUE,867.31,2026-11-10 10:00:00
700963,ORD-300109,INK-FLX-003,RETURN,356.27,2026-11-12 10:00:00
700964,ORD-300109,POLY-BACK-11,ISSUE,344.14,2026-11-15 10:00:00
700965,ORD-300109,POLY-BACK-11,ISSUE,823.06,2026-11-04 14:00:00
700966,ORD-300109,POLY-BACK-11,RETURN,436.66,2026-11-06 18:00:00
700967,ORD-300109,ADH-HT-077,ISSUE,560.77,2026-11-02 17:00:00
700968,ORD-300109,ADH-HT-077,ISSUE,309.62,2026-11-08 10:00:00
700969,ORD-300109,ADH-HT-077 ,RETURN,573.22,2026-11-10 08:00:00
700970,ORD-300110,PULP-SOFT-009,ISSUE,74.06,2026-10-22 12:00:00
700971,ORD-300110,PULP-SOFT-009,ISSUE,172.46,2026-11-10 13:00:00
700972,ORD-300110,PULP-SOFT-009   ,RETURN,257.83,2026-11-13 12:00:00
700973,ORD-300110,PULP-RCYC-004   ,ISSUE,152.22,2026-10-28 20:00:00
700974,ORD-300110,PULP-RCYC-004,ISSUE,863.78,2026-10-26 15:00:00
700975,ORD-300110,PULP-RCYC-004,RETURN,378.57,2026-10-23 14:00:00
700976,ORD-300111,PULP-KRAFT-001  ,ISSUE,629.61,2026-11-14 13:00:00
700977,ORD-300111,PULP-KRAFT-001,ISSUE,498.29,2026-10-25 06:00:00
700978,ORD-300111,PULP-KRAFT-001,RETURN,551.26,2026-10-30 13:00:00
700979,ORD-300111,ADH-HT-077,ISSUE,145.79,2026-10-28 17:00:00
700980,ORD-300111,ADH-HT-077,ISSUE,816.03,2026-10-19 16:00:00
700981,ORD-300111,ADH-HT-077,RETURN,326.46,2026-11-05 17:00:00
700982,ORD-300111,PULP-SOFT-009,ISSUE,148.68,2026-11-13 08:00:00
700983,ORD-300111,PULP-SOFT-009  ,ISSUE,120.51,2026-10-22 12:00:00
700984,ORD-300111,PULP-SOFT-009,RETURN,499.64,2026-11-12 06:00:00
700985,ORD-300111,PULP-RCYC-004,ISSUE,260.05,2026-10-24 09:00:00
700986,ORD-300111,PULP-RCYC-004,ISSUE,673.64,2026-10-26 16:00:00
700987,ORD-300111,PULP-RCYC-004,RETURN,57.17,2026-11-03 19:00:00
700988,ORD-300112,INK-FLX-003 ,ISSUE,94.06,2026-11-10 16:00:00
700989,ORD-300112,INK-FLX-003,ISSUE,365.74,2026-11-06 20:00:00
700990,ORD-300112,INK-FLX-003    ,RETURN,852.33,2026-11-04 16:00:00
700991,ORD-300112,POLY-BACK-11,ISSUE,264.7,2026-10-25 09:00:00
700992,ORD-300112,POLY-BACK-11,ISSUE,242.52,2026-11-10 09:00:00
700993,ORD-300112,POLY-BACK-11,RETURN,79.11,2026-10-25 06:00:00
700994,ORD-300112,PULP-KRAFT-001,ISSUE,132.05,2026-10-30 13:00:00
700995,ORD-300112,PULP-KRAFT-001,ISSUE,240.2,2026-11-02 06:00:00
700996,ORD-300112,PULP-KRAFT-001,RETURN,756.82,2026-10-21 07:00:00
700997,ORD-300113,PULP-RCYC-004,ISSUE,330.27,2026-10-30 11:00:00
700998,ORD-300113,PULP-RCYC-004,ISSUE,425.58,2026-10-29 09:00:00
700999,ORD-300113,PULP-RCYC-004,RETURN,99.11,2026-11-01 08:00:00
701000,ORD-300113,CART-CRG-15    ,ISSUE,544.8,2026-11-12 08:00:00
701001,ORD-300113,CART-CRG-15,ISSUE,241.79,2026-11-05 07:00:00
701002,ORD-300113,CART-CRG-15  ,RETURN,109.25,2026-10-28 13:00:00
701003,ORD-300113,ADH-HT-077,ISSUE,344.26,2026-11-07 19:00:00
701004,ORD-300113,ADH-HT-077,ISSUE,565.82,2026-11-01 13:00:00
701005,ORD-300113,ADH-HT-077,RETURN,523.14,2026-11-11 08:00:00
701006,ORD-300114,PULP-SOFT-009,ISSUE,734.47,2026-11-13 17:00:00
701007,ORD-300114,PULP-SOFT-009,ISSUE,484.81,2026-10-29 08:00:00
701008,ORD-300114,PULP-SOFT-009,RETURN,306.19,2026-11-07 19:00:00
701009,ORD-300114,SAP-GRAN-022   ,ISSUE,414.33,2026-10-24 19:00:00
701010,ORD-300114,SAP-GRAN-022,ISSUE,842.86,2026-10-19 09:00:00
701011,ORD-300114,SAP-GRAN-022,RETURN,663.67,2026-11-07 15:00:00
701012,ORD-300114,PULP-KRAFT-001,ISSUE,472.24,2026-11-14 15:00:00
701013,ORD-300114,PULP-KRAFT-001,ISSUE,361.08,2026-10-23 06:00:00
701014,ORD-300114,PULP-KRAFT-001,RETURN,324.66,2026-11-14 19:00:00
701015,ORD-300115,PULP-RCYC-004   ,ISSUE,493.94,2026-10-31 06:00:00
701016,ORD-300115,PULP-RCYC-004,ISSUE,618.53,2026-11-02 20:00:00
701017,ORD-300115,PULP-RCYC-004,RETURN,701.75,2026-11-07 11:00:00
701018,ORD-300115,PULP-SOFT-009,ISSUE,338.26,2026-11-03 16:00:00
701019,ORD-300115,PULP-SOFT-009,ISSUE,549.33,2026-11-07 10:00:00
701020,ORD-300115,PULP-SOFT-009  ,RETURN,244.85,2026-10-20 08:00:00
701021,ORD-300116,CART-CRG-15,ISSUE,233.38,2026-11-08 12:00:00
701022,ORD-300116,CART-CRG-15,ISSUE,203.67,2026-10-30 06:00:00
701023,ORD-300116,CART-CRG-15  ,RETURN,139.46,2026-11-09 17:00:00
701024,ORD-300116,INK-FLX-003,ISSUE,482.87,2026-10-23 11:00:00
701025,ORD-300116,INK-FLX-003,ISSUE,241.57,2026-11-06 09:00:00
701026,ORD-300116,INK-FLX-003,RETURN,626.23,2026-11-01 08:00:00
701027,ORD-300117,PULP-KRAFT-001,ISSUE,306.4,2026-10-23 13:00:00
701028,ORD-300117,PULP-KRAFT-001,ISSUE,334.32,2026-10-31 18:00:00
701029,ORD-300117,PULP-KRAFT-001,RETURN,175.65,2026-11-15 13:00:00
701030,ORD-300117,ADH-HT-077,ISSUE,785.11,2026-10-20 11:00:00
701031,ORD-300117,ADH-HT-077,ISSUE,635.26,2026-11-09 19:00:00
701032,ORD-300117,ADH-HT-077  ,RETURN,464.88,2026-10-27 12:00:00
701033,ORD-300118,PULP-RCYC-004,ISSUE,406.48,2026-11-11 20:00:00
701034,ORD-300118,PULP-RCYC-004,ISSUE,197.83,2026-10-27 12:00:00
701035,ORD-300118,PULP-RCYC-004  ,RETURN,163.99,2026-10-25 06:00:00
701036,ORD-300118,SAP-GRAN-022,ISSUE,232.77,2026-10-19 07:00:00
701037,ORD-300118,SAP-GRAN-022,ISSUE,532.56,2026-11-09 09:00:00
701038,ORD-300118,SAP-GRAN-022,RETURN,391.64,2026-10-29 15:00:00
701039,ORD-300118,ADH-HT-077,ISSUE,803.93,2026-11-07 13:00:00
701040,ORD-300118,ADH-HT-077,ISSUE,272.16,2026-10-27 16:00:00
701041,ORD-300118,ADH-HT-077 ,RETURN,343.25,2026-11-04 18:00:00
701042,ORD-300118,PULP-KRAFT-001,ISSUE,526.15,2026-11-01 09:00:00
701043,ORD-300118,PULP-KRAFT-001  ,ISSUE,421.94,2026-11-15 15:00:00
701044,ORD-300118,PULP-KRAFT-001,RETURN,791.03,2026-10-23 08:00:00
701045,ORD-300119,PULP-SOFT-009,ISSUE,529.97,2026-11-03 14:00:00
701046,ORD-300119,PULP-SOFT-009,ISSUE,586.72,2026-11-11 07:00:00
701047,ORD-300119,PULP-SOFT-009    ,RETURN,649.48,2026-11-01 14:00:00
701048,ORD-300119,SAP-GRAN-022  ,ISSUE,182.36,2026-10-22 20:00:00
701049,ORD-300119,SAP-GRAN-022,ISSUE,277.66,2026-11-15 20:00:00
701050,ORD-300119,SAP-GRAN-022,RETURN,552.32,2026-10-21 19:00:00
701051,ORD-300119,ADH-HT-077   ,ISSUE,875.05,2026-11-06 07:00:00
701052,ORD-300119,ADH-HT-077,ISSUE,505.63,2026-11-09 20:00:00
701053,ORD-300119,ADH-HT-077,RETURN,517.1,2026-11-11 16:00:00
701054,ORD-300119,INK-FLX-003,ISSUE,608.43,2026-11-12 11:00:00
701055,ORD-300119,INK-FLX-003,ISSUE,669.62,2026-11-06 10:00:00
701056,ORD-300119,INK-FLX-003,RETURN,333.61,2026-10-26 12:00:00
701057,ORD-300120,ADH-HT-077   ,ISSUE,680.47,2026-11-10 11:00:00
701058,ORD-300120,ADH-HT-077   ,ISSUE,226.15,2026-10-25 07:00:00
701059,ORD-300120,ADH-HT-077  ,RETURN,433.1,2026-11-15 18:00:00
701060,ORD-300120,PULP-KRAFT-001,ISSUE,423.46,2026-11-03 07:00:00
701061,ORD-300120,PULP-KRAFT-001,ISSUE,336.69,2026-11-14 17:00:00
701062,ORD-300120,PULP-KRAFT-001 ,RETURN,212.9,2026-10-22 14:00:00
701063,ORD-300120,INK-FLX-003,ISSUE,157.03,2026-10-21 15:00:00
701064,ORD-300120,INK-FLX-003,ISSUE,451.21,2026-11-05 16:00:00
701065,ORD-300120,INK-FLX-003,RETURN,741.92,2026-10-27 07:00:00
701066,ORD-300121,CART-CRG-15,ISSUE,129.99,2026-11-02 06:00:00
701067,ORD-300121,CART-CRG-15    ,ISSUE,502.5,2026-11-08 16:00:00
701068,ORD-300121,CART-CRG-15,RETURN,380.75,2026-11-03 14:00:00
701069,ORD-300121,SAP-GRAN-022,ISSUE,854.71,2026-10-25 16:00:00
701070,ORD-300121,SAP-GRAN-022,ISSUE,632.5,2026-11-09 19:00:00
701071,ORD-300121,SAP-GRAN-022  ,RETURN,499.82,2026-11-15 20:00:00
701072,ORD-300121,PULP-KRAFT-001,ISSUE,150.9,2026-10-29 11:00:00
701073,ORD-300121,PULP-KRAFT-001,ISSUE,299.36,2026-11-09 06:00:00
701074,ORD-300121,PULP-KRAFT-001,RETURN,620.88,2026-11-15 12:00:00
701075,ORD-300121,PULP-RCYC-004 ,ISSUE,571.1,2026-10-27 10:00:00
701076,ORD-300121,PULP-RCYC-004,ISSUE,814.54,2026-10-30 18:00:00
701077,ORD-300121,PULP-RCYC-004,RETURN,181.06,2026-11-09 18:00:00
701078,ORD-300122,INK-FLX-003,ISSUE,302.67,2026-11-15 08:00:00
701079,ORD-300122,INK-FLX-003,ISSUE,602.88,2026-11-05 17:00:00
701080,ORD-300122,INK-FLX-003,RETURN,364.22,2026-11-12 17:00:00
701081,ORD-300122,PULP-SOFT-009   ,ISSUE,160.16,2026-10-31 12:00:00
701082,ORD-300122,PULP-SOFT-009   ,ISSUE,62.39,2026-10-24 06:00:00
701083,ORD-300122,PULP-SOFT-009,RETURN,714.69,2026-11-13 09:00:00
701084,ORD-300122,CART-CRG-15,ISSUE,358.7,2026-11-06 13:00:00
701085,ORD-300122,CART-CRG-15,ISSUE,255.71,2026-10-24 12:00:00
701086,ORD-300122,CART-CRG-15,RETURN,887.7,2026-10-25 13:00:00
701087,ORD-300123,PULP-SOFT-009 ,ISSUE,514.46,2026-11-07 07:00:00
701088,ORD-300123,PULP-SOFT-009,ISSUE,71.57,2026-10-22 13:00:00
701089,ORD-300123,PULP-SOFT-009,RETURN,201.93,2026-11-11 14:00:00
701090,ORD-300123,INK-FLX-003   ,ISSUE,292.21,2026-10-29 17:00:00
701091,ORD-300123,INK-FLX-003,ISSUE,354.72,2026-10-20 20:00:00
701092,ORD-300123,INK-FLX-003,RETURN,613.51,2026-11-06 12:00:00
701093,ORD-300123,SAP-GRAN-022,ISSUE,486.54,2026-10-20 19:00:00
701094,ORD-300123,SAP-GRAN-022    ,ISSUE,448.14,2026-10-31 09:00:00
701095,ORD-300123,SAP-GRAN-022  ,RETURN,655.17,2026-11-06 12:00:00
701096,ORD-300123,CART-CRG-15,ISSUE,570.7,2026-11-02 08:00:00
701097,ORD-300123,CART-CRG-15,ISSUE,510.8,2026-10-30 17:00:00
701098,ORD-300123,CART-CRG-15,RETURN,710.37,2026-11-10 10:00:00
701099,ORD-300124,PULP-RCYC-004,ISSUE,264.67,2026-11-15 11:00:00
701100,ORD-300124,PULP-RCYC-004,ISSUE,560.39,2026-11-15 07:00:00
701101,ORD-300124,PULP-RCYC-004,RETURN,181.85,2026-11-05 20:00:00
701102,ORD-300124,PULP-KRAFT-001,ISSUE,84.83,2026-11-03 07:00:00
701103,ORD-300124,PULP-KRAFT-001,ISSUE,811.67,2026-11-01 20:00:00
701104,ORD-300124,PULP-KRAFT-001,RETURN,233.58,2026-11-09 17:00:00
701105,ORD-300125,SAP-GRAN-022,ISSUE,391.59,2026-10-26 16:00:00
701106,ORD-300125,SAP-GRAN-022,ISSUE,889.23,2026-10-21 15:00:00
701107,ORD-300125,SAP-GRAN-022  ,RETURN,214.74,2026-10-27 10:00:00
701108,ORD-300125,ADH-HT-077,ISSUE,350.01,2026-11-01 06:00:00
701109,ORD-300125,ADH-HT-077   ,ISSUE,309.8,2026-10-19 11:00:00
701110,ORD-300125,ADH-HT-077    ,RETURN,237.17,2026-10-21 13:00:00
701111,ORD-300125,PULP-RCYC-004,ISSUE,875.69,2026-10-30 16:00:00
701112,ORD-300125,PULP-RCYC-004,ISSUE,777.34,2026-11-13 12:00:00
701113,ORD-300125,PULP-RCYC-004,RETURN,305.34,2026-10-25 17:00:00
701114,ORD-300126,POLY-BACK-11,ISSUE,758.2,2026-10-29 18:00:00
701115,ORD-300126,POLY-BACK-11,ISSUE,823.69,2026-10-27 15:00:00
701116,ORD-300126,POLY-BACK-11,RETURN,325.12,2026-11-10 09:00:00
701117,ORD-300126,PULP-KRAFT-001,ISSUE,321.91,2026-10-30 07:00:00
701118,ORD-300126,PULP-KRAFT-001,ISSUE,754.62,2026-11-15 14:00:00
701119,ORD-300126,PULP-KRAFT-001,RETURN,379.06,2026-10-28 06:00:00
701120,ORD-300127,CART-CRG-15,ISSUE,362.75,2026-10-24 16:00:00
701121,ORD-300127,CART-CRG-15,ISSUE,312.52,2026-11-02 17:00:00
701122,ORD-300127,CART-CRG-15    ,RETURN,681.61,2026-10-23 11:00:00
701123,ORD-300127,PULP-KRAFT-001,ISSUE,357.5,2026-10-30 20:00:00
701124,ORD-300127,PULP-KRAFT-001,ISSUE,847.98,2026-10-20 20:00:00
701125,ORD-300127,PULP-KRAFT-001  ,RETURN,667.69,2026-10-31 13:00:00
701126,ORD-300127,INK-FLX-003,ISSUE,640.5,2026-10-22 14:00:00
701127,ORD-300127,INK-FLX-003    ,ISSUE,112.75,2026-11-12 07:00:00
701128,ORD-300127,INK-FLX-003 ,RETURN,446.52,2026-10-31 09:00:00
701129,ORD-300127,SAP-GRAN-022,ISSUE,870.43,2026-11-08 19:00:00
701130,ORD-300127,SAP-GRAN-022,ISSUE,535.3,2026-10-29 07:00:00
701131,ORD-300127,SAP-GRAN-022,RETURN,607.14,2026-10-30 15:00:00
701132,ORD-300128,INK-FLX-003    ,ISSUE,505.39,2026-11-02 13:00:00
701133,ORD-300128,INK-FLX-003    ,ISSUE,808.53,2026-10-27 18:00:00
701134,ORD-300128,INK-FLX-003,RETURN,593.03,2026-11-05 10:00:00
701135,ORD-300128,PULP-KRAFT-001,ISSUE,109.35,2026-10-25 17:00:00
701136,ORD-300128,PULP-KRAFT-001,ISSUE,692.72,2026-10-22 10:00:00
701137,ORD-300128,PULP-KRAFT-001,RETURN,631.29,2026-10-31 11:00:00
701138,ORD-300129,PULP-RCYC-004,ISSUE,847.09,2026-11-08 08:00:00
701139,ORD-300129,PULP-RCYC-004 ,ISSUE,197.19,2026-11-02 16:00:00
701140,ORD-300129,PULP-RCYC-004   ,RETURN,373.82,2026-11-13 14:00:00
701141,ORD-300129,INK-FLX-003,ISSUE,692.84,2026-11-11 13:00:00
701142,ORD-300129,INK-FLX-003   ,ISSUE,761.58,2026-11-06 12:00:00
701143,ORD-300129,INK-FLX-003,RETURN,738.26,2026-11-08 12:00:00
701144,ORD-300130,ADH-HT-077,ISSUE,181.21,2026-11-03 20:00:00
701145,ORD-300130,ADH-HT-077  ,ISSUE,340.44,2026-11-01 11:00:00
701146,ORD-300130,ADH-HT-077,RETURN,687.54,2026-10-28 10:00:00
701147,ORD-300130,SAP-GRAN-022    ,ISSUE,832.6,2026-11-11 12:00:00
701148,ORD-300130,SAP-GRAN-022,ISSUE,218.16,2026-10-30 12:00:00
701149,ORD-300130,SAP-GRAN-022,RETURN,316.96,2026-10-27 19:00:00
701150,ORD-300130,INK-FLX-003,ISSUE,667.29,2026-10-24 13:00:00
701151,ORD-300130,INK-FLX-003,ISSUE,820.52,2026-10-31 07:00:00
701152,ORD-300130,INK-FLX-003,RETURN,704.69,2026-10-28 09:00:00
701153,ORD-300131,CART-CRG-15,ISSUE,124.06,2026-10-22 08:00:00
701154,ORD-300131,CART-CRG-15,ISSUE,347.89,2026-10-25 13:00:00
701155,ORD-300131,CART-CRG-15,RETURN,548.47,2026-10-31 07:00:00
701156,ORD-300131,ADH-HT-077,ISSUE,893.41,2026-11-15 06:00:00
701157,ORD-300131,ADH-HT-077 ,ISSUE,615.29,2026-11-03 17:00:00
701158,ORD-300131,ADH-HT-077,RETURN,848.46,2026-10-21 09:00:00
701159,ORD-300132,PULP-KRAFT-001 ,ISSUE,305.28,2026-10-19 15:00:00
701160,ORD-300132,PULP-KRAFT-001,ISSUE,478.63,2026-11-11 09:00:00
701161,ORD-300132,PULP-KRAFT-001,RETURN,391.26,2026-10-22 09:00:00
701162,ORD-300132,PULP-SOFT-009,ISSUE,595.42,2026-11-08 06:00:00
701163,ORD-300132,PULP-SOFT-009,ISSUE,451.19,2026-11-13 11:00:00
701164,ORD-300132,PULP-SOFT-009,RETURN,170.32,2026-11-01 12:00:00
701165,ORD-300132,INK-FLX-003,ISSUE,299.44,2026-11-06 09:00:00
701166,ORD-300132,INK-FLX-003   ,ISSUE,275.68,2026-11-04 13:00:00
701167,ORD-300132,INK-FLX-003 ,RETURN,543.69,2026-10-22 18:00:00
701168,ORD-300133,PULP-SOFT-009,ISSUE,624.72,2026-11-07 09:00:00
701169,ORD-300133,PULP-SOFT-009,ISSUE,463.06,2026-11-12 16:00:00
701170,ORD-300133,PULP-SOFT-009  ,RETURN,332.42,2026-10-26 09:00:00
701171,ORD-300133,INK-FLX-003,ISSUE,125.91,2026-10-22 12:00:00
701172,ORD-300133,INK-FLX-003,ISSUE,209.46,2026-11-13 16:00:00
701173,ORD-300133,INK-FLX-003,RETURN,99.98,2026-11-15 18:00:00
701174,ORD-300133,SAP-GRAN-022,ISSUE,167.48,2026-10-26 06:00:00
701175,ORD-300133,SAP-GRAN-022 ,ISSUE,718.01,2026-11-05 08:00:00
701176,ORD-300133,SAP-GRAN-022,RETURN,405.84,2026-11-15 19:00:00
701177,ORD-300134,PULP-SOFT-009,ISSUE,409.06,2026-10-22 11:00:00
701178,ORD-300134,PULP-SOFT-009,ISSUE,266.38,2026-11-02 14:00:00
701179,ORD-300134,PULP-SOFT-009    ,RETURN,726.95,2026-11-15 13:00:00
701180,ORD-300134,SAP-GRAN-022,ISSUE,115.22,2026-11-12 11:00:00
701181,ORD-300134,SAP-GRAN-022 ,ISSUE,502.04,2026-10-28 14:00:00
701182,ORD-300134,SAP-GRAN-022 ,RETURN,519.44,2026-11-05 19:00:00
701183,ORD-300134,ADH-HT-077,ISSUE,51.37,2026-11-09 11:00:00
701184,ORD-300134,ADH-HT-077  ,ISSUE,876.85,2026-11-02 10:00:00
701185,ORD-300134,ADH-HT-077,RETURN,508.0,2026-10-29 13:00:00
701186,ORD-300135,PULP-KRAFT-001   ,ISSUE,134.49,2026-10-24 06:00:00
701187,ORD-300135,PULP-KRAFT-001,ISSUE,262.24,2026-10-27 08:00:00
701188,ORD-300135,PULP-KRAFT-001,RETURN,778.16,2026-11-08 10:00:00
701189,ORD-300135,CART-CRG-15,ISSUE,280.85,2026-10-22 08:00:00
701190,ORD-300135,CART-CRG-15,ISSUE,720.97,2026-11-15 11:00:00
701191,ORD-300135,CART-CRG-15   ,RETURN,829.04,2026-11-09 17:00:00
701192,ORD-300135,INK-FLX-003 ,ISSUE,250.87,2026-10-28 06:00:00
701193,ORD-300135,INK-FLX-003   ,ISSUE,133.72,2026-10-26 13:00:00
701194,ORD-300135,INK-FLX-003,RETURN,264.61,2026-11-04 19:00:00
701195,ORD-300136,SAP-GRAN-022,ISSUE,656.7,2026-10-27 13:00:00
701196,ORD-300136,SAP-GRAN-022 ,ISSUE,444.22,2026-11-02 18:00:00
701197,ORD-300136,SAP-GRAN-022   ,RETURN,210.51,2026-11-08 08:00:00
701198,ORD-300136,CART-CRG-15,ISSUE,410.0,2026-11-13 11:00:00
701199,ORD-300136,CART-CRG-15,ISSUE,628.04,2026-10-29 19:00:00
701200,ORD-300136,CART-CRG-15,RETURN,887.09,2026-11-11 10:00:00
701201,ORD-300137,PULP-KRAFT-001    ,ISSUE,334.54,2026-10-29 08:00:00
701202,ORD-300137,PULP-KRAFT-001,ISSUE,423.82,2026-11-14 09:00:00
701203,ORD-300137,PULP-KRAFT-001,RETURN,741.83,2026-11-04 14:00:00
701204,ORD-300137,INK-FLX-003    ,ISSUE,537.45,2026-11-09 19:00:00
701205,ORD-300137,INK-FLX-003,ISSUE,846.11,2026-10-25 08:00:00
701206,ORD-300137,INK-FLX-003,RETURN,97.23,2026-10-21 09:00:00
701207,ORD-300137,ADH-HT-077   ,ISSUE,306.97,2026-10-28 06:00:00
701208,ORD-300137,ADH-HT-077,ISSUE,743.04,2026-11-12 11:00:00
701209,ORD-300137,ADH-HT-077,RETURN,528.89,2026-10-29 20:00:00
701210,ORD-300137,CART-CRG-15,ISSUE,534.73,2026-11-10 08:00:00
701211,ORD-300137,CART-CRG-15  ,ISSUE,219.63,2026-11-13 14:00:00
701212,ORD-300137,CART-CRG-15,RETURN,732.65,2026-10-31 07:00:00
701213,ORD-300138,POLY-BACK-11    ,ISSUE,146.24,2026-11-04 20:00:00
701214,ORD-300138,POLY-BACK-11,ISSUE,613.36,2026-11-10 19:00:00
701215,ORD-300138,POLY-BACK-11,RETURN,122.92,2026-11-14 10:00:00
701216,ORD-300138,CART-CRG-15,ISSUE,207.63,2026-11-09 08:00:00
701217,ORD-300138,CART-CRG-15  ,ISSUE,348.93,2026-11-05 20:00:00
701218,ORD-300138,CART-CRG-15   ,RETURN,111.13,2026-10-24 12:00:00
701219,ORD-300139,INK-FLX-003,ISSUE,736.64,2026-11-05 08:00:00
701220,ORD-300139,INK-FLX-003,ISSUE,813.4,2026-11-13 09:00:00
701221,ORD-300139,INK-FLX-003 ,RETURN,399.32,2026-10-23 14:00:00
701222,ORD-300139,PULP-KRAFT-001   ,ISSUE,691.16,2026-11-02 11:00:00
701223,ORD-300139,PULP-KRAFT-001,ISSUE,278.25,2026-11-06 19:00:00
701224,ORD-300139,PULP-KRAFT-001,RETURN,347.7,2026-10-23 17:00:00
701225,ORD-300140,POLY-BACK-11,ISSUE,830.61,2026-11-10 10:00:00
701226,ORD-300140,POLY-BACK-11,ISSUE,597.76,2026-11-10 18:00:00
701227,ORD-300140,POLY-BACK-11  ,RETURN,831.42,2026-10-23 20:00:00
701228,ORD-300140,INK-FLX-003,ISSUE,623.47,2026-11-01 18:00:00
701229,ORD-300140,INK-FLX-003,ISSUE,757.22,2026-10-20 17:00:00
701230,ORD-300140,INK-FLX-003  ,RETURN,488.63,2026-10-27 11:00:00
701231,ORD-300141,SAP-GRAN-022,ISSUE,632.51,2026-10-30 11:00:00
701232,ORD-300141,SAP-GRAN-022,ISSUE,639.39,2026-11-04 20:00:00
701233,ORD-300141,SAP-GRAN-022,RETURN,255.46,2026-10-27 07:00:00
701234,ORD-300141,ADH-HT-077    ,ISSUE,599.4,2026-11-10 08:00:00
701235,ORD-300141,ADH-HT-077   ,ISSUE,603.15,2026-10-20 20:00:00
701236,ORD-300141,ADH-HT-077,RETURN,143.8,2026-11-12 19:00:00
701237,ORD-300141,PULP-RCYC-004,ISSUE,438.65,2026-10-19 19:00:00
701238,ORD-300141,PULP-RCYC-004,ISSUE,224.36,2026-11-02 19:00:00
701239,ORD-300141,PULP-RCYC-004   ,RETURN,705.98,2026-10-26 16:00:00
701240,ORD-300141,PULP-KRAFT-001,ISSUE,484.5,2026-11-04 16:00:00
701241,ORD-300141,PULP-KRAFT-001,ISSUE,848.85,2026-11-09 07:00:00
701242,ORD-300141,PULP-KRAFT-001,RETURN,85.63,2026-11-12 13:00:00
701243,ORD-300142,POLY-BACK-11,ISSUE,338.83,2026-10-29 19:00:00
701244,ORD-300142,POLY-BACK-11,ISSUE,124.85,2026-10-24 08:00:00
701245,ORD-300142,POLY-BACK-11,RETURN,145.31,2026-11-05 09:00:00
701246,ORD-300142,CART-CRG-15   ,ISSUE,173.2,2026-11-05 20:00:00
701247,ORD-300142,CART-CRG-15,ISSUE,882.29,2026-11-04 10:00:00
701248,ORD-300142,CART-CRG-15,RETURN,585.96,2026-11-03 06:00:00
701249,ORD-300142,PULP-RCYC-004 ,ISSUE,457.77,2026-10-21 17:00:00
701250,ORD-300142,PULP-RCYC-004    ,ISSUE,244.78,2026-10-22 18:00:00
701251,ORD-300142,PULP-RCYC-004,RETURN,88.36,2026-10-19 16:00:00
701252,ORD-300143,POLY-BACK-11,ISSUE,260.41,2026-10-23 06:00:00
701253,ORD-300143,POLY-BACK-11    ,ISSUE,550.68,2026-11-07 12:00:00
701254,ORD-300143,POLY-BACK-11,RETURN,326.34,2026-10-31 17:00:00
701255,ORD-300143,ADH-HT-077  ,ISSUE,794.1,2026-10-20 07:00:00
701256,ORD-300143,ADH-HT-077,ISSUE,710.18,2026-10-25 08:00:00
701257,ORD-300143,ADH-HT-077   ,RETURN,212.78,2026-11-07 13:00:00
701258,ORD-300144,PULP-KRAFT-001,ISSUE,820.62,2026-10-28 17:00:00
701259,ORD-300144,PULP-KRAFT-001  ,ISSUE,729.4,2026-10-31 20:00:00
701260,ORD-300144,PULP-KRAFT-001,RETURN,498.46,2026-10-24 11:00:00
701261,ORD-300144,CART-CRG-15   ,ISSUE,149.52,2026-11-09 20:00:00
701262,ORD-300144,CART-CRG-15,ISSUE,206.24,2026-11-10 20:00:00
701263,ORD-300144,CART-CRG-15,RETURN,396.07,2026-11-07 12:00:00
701264,ORD-300144,PULP-RCYC-004  ,ISSUE,786.24,2026-10-24 07:00:00
701265,ORD-300144,PULP-RCYC-004 ,ISSUE,101.8,2026-11-03 07:00:00
701266,ORD-300144,PULP-RCYC-004,RETURN,176.72,2026-11-12 19:00:00
701267,ORD-300145,INK-FLX-003    ,ISSUE,279.98,2026-11-01 07:00:00
701268,ORD-300145,INK-FLX-003,ISSUE,428.03,2026-10-25 19:00:00
701269,ORD-300145,INK-FLX-003,RETURN,817.55,2026-10-21 07:00:00
701270,ORD-300145,ADH-HT-077,ISSUE,684.62,2026-11-04 18:00:00
701271,ORD-300145,ADH-HT-077  ,ISSUE,822.91,2026-10-27 18:00:00
701272,ORD-300145,ADH-HT-077,RETURN,635.63,2026-11-09 13:00:00
701273,ORD-300145,POLY-BACK-11,ISSUE,781.99,2026-11-11 07:00:00
701274,ORD-300145,POLY-BACK-11   ,ISSUE,126.98,2026-11-15 11:00:00
701275,ORD-300145,POLY-BACK-11   ,RETURN,350.97,2026-10-31 18:00:00
701276,ORD-300145,PULP-SOFT-009  ,ISSUE,524.34,2026-11-10 06:00:00
701277,ORD-300145,PULP-SOFT-009 ,ISSUE,468.13,2026-10-29 13:00:00
701278,ORD-300145,PULP-SOFT-009,RETURN,894.94,2026-10-29 19:00:00
701279,ORD-300146,CART-CRG-15,ISSUE,745.24,2026-11-13 20:00:00
701280,ORD-300146,CART-CRG-15,ISSUE,720.71,2026-10-25 12:00:00
701281,ORD-300146,CART-CRG-15    ,RETURN,536.48,2026-11-05 13:00:00
701282,ORD-300146,SAP-GRAN-022,ISSUE,850.21,2026-11-11 16:00:00
701283,ORD-300146,SAP-GRAN-022   ,ISSUE,237.71,2026-11-01 10:00:00
701284,ORD-300146,SAP-GRAN-022   ,RETURN,285.79,2026-10-20 17:00:00
701285,ORD-300146,INK-FLX-003,ISSUE,326.38,2026-11-01 15:00:00
701286,ORD-300146,INK-FLX-003,ISSUE,667.38,2026-10-20 11:00:00
701287,ORD-300146,INK-FLX-003,RETURN,203.21,2026-11-06 10:00:00
701288,ORD-300146,POLY-BACK-11,ISSUE,144.07,2026-10-26 15:00:00
701289,ORD-300146,POLY-BACK-11,ISSUE,592.72,2026-11-07 15:00:00
701290,ORD-300146,POLY-BACK-11  ,RETURN,53.81,2026-11-07 07:00:00
701291,ORD-300147,SAP-GRAN-022 ,ISSUE,249.11,2026-11-11 08:00:00
701292,ORD-300147,SAP-GRAN-022,ISSUE,411.08,2026-11-11 12:00:00
701293,ORD-300147,SAP-GRAN-022,RETURN,599.59,2026-11-13 12:00:00
701294,ORD-300147,PULP-RCYC-004,ISSUE,201.94,2026-10-25 20:00:00
701295,ORD-300147,PULP-RCYC-004,ISSUE,228.89,2026-10-22 20:00:00
701296,ORD-300147,PULP-RCYC-004,RETURN,387.27,2026-11-08 10:00:00
701297,ORD-300147,POLY-BACK-11,ISSUE,733.8,2026-11-03 13:00:00
701298,ORD-300147,POLY-BACK-11    ,ISSUE,813.18,2026-11-01 11:00:00
701299,ORD-300147,POLY-BACK-11,RETURN,333.3,2026-10-27 09:00:00
701300,ORD-300148,PULP-SOFT-009    ,ISSUE,726.38,2026-11-07 10:00:00
701301,ORD-300148,PULP-SOFT-009,ISSUE,234.96,2026-11-15 17:00:00
701302,ORD-300148,PULP-SOFT-009,RETURN,556.4,2026-11-07 20:00:00
701303,ORD-300148,ADH-HT-077,ISSUE,669.98,2026-10-25 13:00:00
701304,ORD-300148,ADH-HT-077,ISSUE,845.14,2026-10-21 12:00:00
701305,ORD-300148,ADH-HT-077,RETURN,272.85,2026-10-31 16:00:00
701306,ORD-300148,POLY-BACK-11   ,ISSUE,767.26,2026-10-20 08:00:00
701307,ORD-300148,POLY-BACK-11  ,ISSUE,225.23,2026-10-28 20:00:00
701308,ORD-300148,POLY-BACK-11,RETURN,577.25,2026-11-09 10:00:00
701309,ORD-300149,INK-FLX-003 ,ISSUE,99.34,2026-11-13 13:00:00
701310,ORD-300149,INK-FLX-003,ISSUE,350.96,2026-10-26 08:00:00
701311,ORD-300149,INK-FLX-003  ,RETURN,886.36,2026-11-14 13:00:00
701312,ORD-300149,PULP-SOFT-009,ISSUE,635.08,2026-10-20 06:00:00
701313,ORD-300149,PULP-SOFT-009,ISSUE,303.74,2026-10-28 18:00:00
701314,ORD-300149,PULP-SOFT-009,RETURN,898.57,2026-11-12 13:00:00
701315,ORD-300149,SAP-GRAN-022 ,ISSUE,239.36,2026-11-03 18:00:00
701316,ORD-300149,SAP-GRAN-022,ISSUE,871.77,2026-10-26 20:00:00
701317,ORD-300149,SAP-GRAN-022,RETURN,470.76,2026-10-27 20:00:00
701318,ORD-300150,INK-FLX-003    ,ISSUE,637.76,2026-10-23 17:00:00
701319,ORD-300150,INK-FLX-003,ISSUE,719.81,2026-11-13 12:00:00
701320,ORD-300150,INK-FLX-003  ,RETURN,392.45,2026-10-24 08:00:00
701321,ORD-300150,SAP-GRAN-022   ,ISSUE,723.44,2026-11-03 14:00:00
701322,ORD-300150,SAP-GRAN-022 ,ISSUE,63.58,2026-11-07 20:00:00
701323,ORD-300150,SAP-GRAN-022,RETURN,84.88,2026-11-14 08:00:00
701324,ORD-300150,CART-CRG-15,ISSUE,181.69,2026-11-04 18:00:00
701325,ORD-300150,CART-CRG-15,ISSUE,642.82,2026-11-12 09:00:00
701326,ORD-300150,CART-CRG-15 ,RETURN,362.56,2026-10-20 16:00:00
701327,ORD-300151,SAP-GRAN-022,ISSUE,381.71,2026-11-04 13:00:00
701328,ORD-300151,SAP-GRAN-022    ,ISSUE,431.56,2026-10-30 15:00:00
701329,ORD-300151,SAP-GRAN-022,RETURN,710.88,2026-10-28 10:00:00
701330,ORD-300151,PULP-RCYC-004,ISSUE,163.44,2026-11-08 07:00:00
701331,ORD-300151,PULP-RCYC-004,ISSUE,241.11,2026-10-24 07:00:00
701332,ORD-300151,PULP-RCYC-004,RETURN,740.98,2026-11-09 19:00:00
701333,ORD-300151,PULP-SOFT-009,ISSUE,572.47,2026-10-20 18:00:00
701334,ORD-300151,PULP-SOFT-009  ,ISSUE,235.14,2026-11-04 08:00:00
701335,ORD-300151,PULP-SOFT-009,RETURN,496.26,2026-10-24 16:00:00
701336,ORD-300151,PULP-KRAFT-001,ISSUE,752.15,2026-10-19 07:00:00
701337,ORD-300151,PULP-KRAFT-001,ISSUE,528.39,2026-10-22 14:00:00
701338,ORD-300151,PULP-KRAFT-001 ,RETURN,557.45,2026-11-04 20:00:00
701339,ORD-300152,CART-CRG-15,ISSUE,571.92,2026-10-23 08:00:00
701340,ORD-300152,CART-CRG-15    ,ISSUE,657.39,2026-11-11 08:00:00
701341,ORD-300152,CART-CRG-15,RETURN,479.8,2026-11-15 14:00:00
701342,ORD-300152,ADH-HT-077,ISSUE,586.61,2026-11-05 11:00:00
701343,ORD-300152,ADH-HT-077,ISSUE,173.13,2026-11-04 13:00:00
701344,ORD-300152,ADH-HT-077,RETURN,866.51,2026-11-10 12:00:00
701345,ORD-300152,PULP-KRAFT-001,ISSUE,349.38,2026-11-04 17:00:00
701346,ORD-300152,PULP-KRAFT-001,ISSUE,724.45,2026-10-23 13:00:00
701347,ORD-300152,PULP-KRAFT-001,RETURN,382.42,2026-10-21 09:00:00
701348,ORD-300153,SAP-GRAN-022,ISSUE,497.91,2026-11-15 06:00:00
701349,ORD-300153,SAP-GRAN-022   ,ISSUE,590.21,2026-11-01 07:00:00
701350,ORD-300153,SAP-GRAN-022,RETURN,504.97,2026-10-30 15:00:00
701351,ORD-300153,CART-CRG-15,ISSUE,63.09,2026-11-03 15:00:00
701352,ORD-300153,CART-CRG-15   ,ISSUE,376.72,2026-11-07 12:00:00
701353,ORD-300153,CART-CRG-15,RETURN,371.83,2026-10-27 07:00:00
701354,ORD-300153,ADH-HT-077    ,ISSUE,425.24,2026-10-26 15:00:00
701355,ORD-300153,ADH-HT-077,ISSUE,599.56,2026-10-25 16:00:00
701356,ORD-300153,ADH-HT-077   ,RETURN,199.58,2026-10-29 15:00:00
701357,ORD-300153,PULP-KRAFT-001,ISSUE,757.64,2026-11-02 10:00:00
701358,ORD-300153,PULP-KRAFT-001,ISSUE,152.44,2026-11-09 12:00:00
701359,ORD-300153,PULP-KRAFT-001,RETURN,304.82,2026-10-23 10:00:00
701360,ORD-300154,PULP-KRAFT-001  ,ISSUE,54.07,2026-10-19 07:00:00
701361,ORD-300154,PULP-KRAFT-001,ISSUE,796.45,2026-11-09 10:00:00
701362,ORD-300154,PULP-KRAFT-001    ,RETURN,749.63,2026-11-10 16:00:00
701363,ORD-300154,POLY-BACK-11,ISSUE,214.71,2026-11-04 17:00:00
701364,ORD-300154,POLY-BACK-11   ,ISSUE,623.13,2026-10-20 07:00:00
701365,ORD-300154,POLY-BACK-11 ,RETURN,657.19,2026-11-15 17:00:00
701366,ORD-300155,PULP-RCYC-004,ISSUE,581.83,2026-11-11 06:00:00
701367,ORD-300155,PULP-RCYC-004,ISSUE,426.6,2026-11-06 17:00:00
701368,ORD-300155,PULP-RCYC-004 ,RETURN,892.03,2026-11-12 20:00:00
701369,ORD-300155,POLY-BACK-11,ISSUE,730.31,2026-11-07 19:00:00
701370,ORD-300155,POLY-BACK-11,ISSUE,308.55,2026-11-03 13:00:00
701371,ORD-300155,POLY-BACK-11   ,RETURN,111.86,2026-11-12 16:00:00
701372,ORD-300155,INK-FLX-003,ISSUE,673.22,2026-11-01 13:00:00
701373,ORD-300155,INK-FLX-003,ISSUE,260.72,2026-11-05 20:00:00
701374,ORD-300155,INK-FLX-003,RETURN,680.29,2026-11-14 09:00:00
701375,ORD-300155,PULP-SOFT-009,ISSUE,243.44,2026-10-26 13:00:00
701376,ORD-300155,PULP-SOFT-009 ,ISSUE,874.96,2026-11-05 12:00:00
701377,ORD-300155,PULP-SOFT-009,RETURN,616.22,2026-10-29 13:00:00
701378,ORD-300156,SAP-GRAN-022,ISSUE,439.07,2026-10-24 09:00:00
701379,ORD-300156,SAP-GRAN-022  ,ISSUE,387.84,2026-11-14 13:00:00
701380,ORD-300156,SAP-GRAN-022 ,RETURN,822.43,2026-11-14 06:00:00
701381,ORD-300156,PULP-SOFT-009,ISSUE,310.44,2026-11-01 06:00:00
701382,ORD-300156,PULP-SOFT-009,ISSUE,855.78,2026-11-06 11:00:00
701383,ORD-300156,PULP-SOFT-009,RETURN,355.77,2026-11-11 11:00:00
701384,ORD-300156,ADH-HT-077    ,ISSUE,503.85,2026-11-13 10:00:00
701385,ORD-300156,ADH-HT-077,ISSUE,551.72,2026-10-19 17:00:00
701386,ORD-300156,ADH-HT-077,RETURN,51.31,2026-10-25 06:00:00
701387,ORD-300157,PULP-SOFT-009 ,ISSUE,704.26,2026-10-24 07:00:00
701388,ORD-300157,PULP-SOFT-009 ,ISSUE,157.08,2026-10-20 06:00:00
701389,ORD-300157,PULP-SOFT-009 ,RETURN,293.26,2026-11-13 07:00:00
701390,ORD-300157,CART-CRG-15,ISSUE,213.88,2026-10-25 06:00:00
701391,ORD-300157,CART-CRG-15,ISSUE,136.8,2026-10-20 14:00:00
701392,ORD-300157,CART-CRG-15,RETURN,102.97,2026-10-27 08:00:00
701393,ORD-300157,PULP-RCYC-004,ISSUE,753.49,2026-10-30 08:00:00
701394,ORD-300157,PULP-RCYC-004,ISSUE,535.86,2026-10-22 16:00:00
701395,ORD-300157,PULP-RCYC-004,RETURN,850.58,2026-11-14 10:00:00
701396,ORD-300158,CART-CRG-15,ISSUE,633.85,2026-11-05 14:00:00
701397,ORD-300158,CART-CRG-15,ISSUE,348.01,2026-11-14 18:00:00
701398,ORD-300158,CART-CRG-15    ,RETURN,275.83,2026-10-25 16:00:00
701399,ORD-300158,POLY-BACK-11,ISSUE,865.06,2026-10-23 20:00:00
701400,ORD-300158,POLY-BACK-11,ISSUE,369.71,2026-11-11 09:00:00
701401,ORD-300158,POLY-BACK-11,RETURN,382.8,2026-11-11 08:00:00
701402,ORD-300158,PULP-SOFT-009   ,ISSUE,598.0,2026-10-26 06:00:00
701403,ORD-300158,PULP-SOFT-009    ,ISSUE,341.27,2026-10-22 13:00:00
701404,ORD-300158,PULP-SOFT-009 ,RETURN,433.16,2026-11-12 16:00:00
701405,ORD-300158,ADH-HT-077,ISSUE,223.91,2026-10-27 10:00:00
701406,ORD-300158,ADH-HT-077   ,ISSUE,59.51,2026-10-22 07:00:00
701407,ORD-300158,ADH-HT-077 ,RETURN,751.95,2026-11-03 10:00:00
701408,ORD-300159,SAP-GRAN-022,ISSUE,822.86,2026-11-03 11:00:00
701409,ORD-300159,SAP-GRAN-022 ,ISSUE,374.62,2026-11-02 19:00:00
701410,ORD-300159,SAP-GRAN-022,RETURN,120.6,2026-11-09 16:00:00
701411,ORD-300159,PULP-RCYC-004   ,ISSUE,476.51,2026-10-31 11:00:00
701412,ORD-300159,PULP-RCYC-004 ,ISSUE,794.52,2026-11-09 19:00:00
701413,ORD-300159,PULP-RCYC-004 ,RETURN,746.31,2026-11-02 10:00:00
701414,ORD-300159,PULP-SOFT-009  ,ISSUE,614.62,2026-11-09 06:00:00
701415,ORD-300159,PULP-SOFT-009,ISSUE,135.72,2026-10-22 09:00:00
701416,ORD-300159,PULP-SOFT-009,RETURN,394.3,2026-11-06 14:00:00
701417,ORD-300160,PULP-RCYC-004 ,ISSUE,413.75,2026-10-31 06:00:00
701418,ORD-300160,PULP-RCYC-004,ISSUE,121.28,2026-10-24 20:00:00
701419,ORD-300160,PULP-RCYC-004,RETURN,120.75,2026-11-03 09:00:00
701420,ORD-300160,INK-FLX-003,ISSUE,889.67,2026-10-29 10:00:00
701421,ORD-300160,INK-FLX-003,ISSUE,523.47,2026-10-22 11:00:00
701422,ORD-300160,INK-FLX-003  ,RETURN,237.64,2026-10-26 12:00:00
701423,ORD-300161,PULP-KRAFT-001,ISSUE,95.41,2026-10-27 19:00:00
701424,ORD-300161,PULP-KRAFT-001,ISSUE,370.11,2026-10-25 10:00:00
701425,ORD-300161,PULP-KRAFT-001,RETURN,547.1,2026-10-22 14:00:00
701426,ORD-300161,POLY-BACK-11,ISSUE,744.64,2026-10-30 14:00:00
701427,ORD-300161,POLY-BACK-11,ISSUE,489.19,2026-10-29 10:00:00
701428,ORD-300161,POLY-BACK-11,RETURN,766.88,2026-11-01 20:00:00
701429,ORD-300162,INK-FLX-003,ISSUE,550.22,2026-11-14 19:00:00
701430,ORD-300162,INK-FLX-003,ISSUE,310.62,2026-10-28 20:00:00
701431,ORD-300162,INK-FLX-003,RETURN,308.58,2026-10-27 10:00:00
701432,ORD-300162,CART-CRG-15,ISSUE,572.22,2026-11-13 14:00:00
701433,ORD-300162,CART-CRG-15,ISSUE,204.71,2026-11-04 06:00:00
701434,ORD-300162,CART-CRG-15,RETURN,369.82,2026-10-24 06:00:00
701435,ORD-300162,PULP-RCYC-004,ISSUE,861.83,2026-10-31 07:00:00
701436,ORD-300162,PULP-RCYC-004,ISSUE,338.04,2026-10-29 11:00:00
701437,ORD-300162,PULP-RCYC-004,RETURN,118.13,2026-11-02 19:00:00
701438,ORD-300163,INK-FLX-003,ISSUE,449.61,2026-11-15 15:00:00
701439,ORD-300163,INK-FLX-003 ,ISSUE,125.28,2026-10-27 07:00:00
701440,ORD-300163,INK-FLX-003,RETURN,733.54,2026-11-10 17:00:00
701441,ORD-300163,ADH-HT-077 ,ISSUE,476.05,2026-11-10 12:00:00
701442,ORD-300163,ADH-HT-077    ,ISSUE,815.2,2026-11-04 19:00:00
701443,ORD-300163,ADH-HT-077,RETURN,600.54,2026-11-13 10:00:00
701444,ORD-300164,PULP-KRAFT-001    ,ISSUE,709.11,2026-10-20 16:00:00
701445,ORD-300164,PULP-KRAFT-001  ,ISSUE,577.79,2026-11-15 08:00:00
701446,ORD-300164,PULP-KRAFT-001,RETURN,406.44,2026-10-23 17:00:00
701447,ORD-300164,INK-FLX-003  ,ISSUE,53.9,2026-10-19 10:00:00
701448,ORD-300164,INK-FLX-003    ,ISSUE,154.58,2026-11-01 06:00:00
701449,ORD-300164,INK-FLX-003  ,RETURN,420.13,2026-11-02 19:00:00
701450,ORD-300164,PULP-RCYC-004,ISSUE,796.34,2026-11-07 19:00:00
701451,ORD-300164,PULP-RCYC-004,ISSUE,588.77,2026-11-06 12:00:00
701452,ORD-300164,PULP-RCYC-004    ,RETURN,476.73,2026-11-06 20:00:00
701453,ORD-300164,ADH-HT-077 ,ISSUE,149.92,2026-10-22 10:00:00
701454,ORD-300164,ADH-HT-077   ,ISSUE,831.72,2026-10-26 13:00:00
701455,ORD-300164,ADH-HT-077,RETURN,232.99,2026-11-11 19:00:00
701456,ORD-300165,PULP-RCYC-004,ISSUE,701.79,2026-10-20 08:00:00
701457,ORD-300165,PULP-RCYC-004,ISSUE,169.3,2026-11-15 13:00:00
701458,ORD-300165,PULP-RCYC-004  ,RETURN,710.06,2026-10-31 18:00:00
701459,ORD-300165,CART-CRG-15,ISSUE,642.69,2026-10-30 18:00:00
701460,ORD-300165,CART-CRG-15,ISSUE,57.62,2026-11-01 11:00:00
701461,ORD-300165,CART-CRG-15    ,RETURN,351.44,2026-11-11 16:00:00
701462,ORD-300165,PULP-SOFT-009,ISSUE,370.48,2026-11-08 20:00:00
701463,ORD-300165,PULP-SOFT-009,ISSUE,428.89,2026-10-24 06:00:00
701464,ORD-300165,PULP-SOFT-009,RETURN,577.84,2026-11-09 18:00:00
701465,ORD-300166,PULP-KRAFT-001,ISSUE,697.49,2026-11-01 15:00:00
701466,ORD-300166,PULP-KRAFT-001,ISSUE,546.6,2026-10-22 09:00:00
701467,ORD-300166,PULP-KRAFT-001    ,RETURN,113.58,2026-11-06 20:00:00
701468,ORD-300166,ADH-HT-077,ISSUE,694.78,2026-11-05 14:00:00
701469,ORD-300166,ADH-HT-077,ISSUE,159.81,2026-11-06 12:00:00
701470,ORD-300166,ADH-HT-077  ,RETURN,361.47,2026-11-10 09:00:00
701471,ORD-300166,PULP-SOFT-009,ISSUE,646.32,2026-11-02 10:00:00
701472,ORD-300166,PULP-SOFT-009,ISSUE,439.3,2026-10-27 08:00:00
701473,ORD-300166,PULP-SOFT-009,RETURN,733.32,2026-10-22 10:00:00
701474,ORD-300166,SAP-GRAN-022  ,ISSUE,771.65,2026-11-03 15:00:00
701475,ORD-300166,SAP-GRAN-022,ISSUE,858.8,2026-11-01 07:00:00
701476,ORD-300166,SAP-GRAN-022,RETURN,618.14,2026-11-02 20:00:00
701477,ORD-300167,ADH-HT-077,ISSUE,448.63,2026-10-19 18:00:00
701478,ORD-300167,ADH-HT-077  ,ISSUE,338.6,2026-10-27 09:00:00
701479,ORD-300167,ADH-HT-077,RETURN,578.65,2026-11-09 19:00:00
701480,ORD-300167,CART-CRG-15 ,ISSUE,634.66,2026-11-11 12:00:00
701481,ORD-300167,CART-CRG-15,ISSUE,787.44,2026-11-08 10:00:00
701482,ORD-300167,CART-CRG-15,RETURN,229.95,2026-10-19 08:00:00
701483,ORD-300167,POLY-BACK-11,ISSUE,434.17,2026-11-03 13:00:00
701484,ORD-300167,POLY-BACK-11,ISSUE,560.08,2026-10-22 17:00:00
701485,ORD-300167,POLY-BACK-11,RETURN,116.61,2026-10-31 10:00:00
701486,ORD-300168,PULP-KRAFT-001,ISSUE,834.03,2026-11-07 10:00:00
701487,ORD-300168,PULP-KRAFT-001,ISSUE,792.65,2026-10-29 11:00:00
701488,ORD-300168,PULP-KRAFT-001   ,RETURN,302.39,2026-10-31 17:00:00
701489,ORD-300168,ADH-HT-077,ISSUE,636.03,2026-11-10 19:00:00
701490,ORD-300168,ADH-HT-077,ISSUE,813.05,2026-10-22 18:00:00
701491,ORD-300168,ADH-HT-077   ,RETURN,690.1,2026-11-04 14:00:00
701492,ORD-300168,PULP-RCYC-004   ,ISSUE,558.35,2026-11-14 18:00:00
701493,ORD-300168,PULP-RCYC-004  ,ISSUE,494.04,2026-10-23 10:00:00
701494,ORD-300168,PULP-RCYC-004,RETURN,607.63,2026-11-01 08:00:00
701495,ORD-300168,SAP-GRAN-022,ISSUE,136.71,2026-11-07 11:00:00
701496,ORD-300168,SAP-GRAN-022,ISSUE,275.38,2026-10-30 19:00:00
701497,ORD-300168,SAP-GRAN-022 ,RETURN,178.4,2026-11-04 13:00:00
