scrap_id,line_id,scrap_ts_utc,qty_units,scrap_type
400001,PLT01-L1,2026-10-19 16:22:00,172,splice
400002,PLT01-L1,2026-10-21 17:20:00,204,splice
400003,PLT01-L1,2026-10-21 19:11:00,224,splice
400004,PLT01-L1,2026-10-23 21:44:00,169,contamination
400005,PLT01-L1,2026-10-25 18:06:00,29,reject
400006,PLT01-L1,2026-10-25 20:03:00,26,edge trim
400007,PLT01-L1,2026-10-27 20:43:00,179,reject
400008,PLT01-L1,2026-10-29 17:33:00,368,edge trim
400009,PLT01-L1,2026-10-30 01:32:00,252,reject
400010,PLT01-L1,2026-10-29 23:12:00,10,contamination
400011,PLT01-L1,2026-10-31 23:14:00,225,reject
400012,PLT01-L1,2026-10-31 12:31:00,225,splice
400013,PLT01-L1,2026-11-01 00:00:00,193,edge trim
400014,PLT01-L1,2026-11-02 17:08:00,13,startup waste
400015,PLT01-L1,2026-11-05 01:22:00,363,splice
400016,PLT01-L1,2026-11-04 15:25:00,263,startup waste
400017,PLT01-L1,2026-11-05 03:23:00,60,splice
400018,PLT01-L1,2026-11-06 16:59:00,186,splice
400019,PLT01-L1,2026-11-06 20:21:00,35,contamination
400020,PLT01-L1,2026-11-08 19:21:00,320,startup waste
400021,PLT01-L1,2026-11-11 02:40:00,186,splice
400022,PLT01-L1,2026-11-10 15:34:00,202,edge trim
400023,PLT01-L1,2026-11-13 02:40:00,307,splice
400024,PLT01-L1,2026-11-12 22:09:00,153,contamination
400025,PLT01-L1,2026-11-14 18:42:00,384,splice
400026,PLT01-L2,2026-10-19 19:56:00,177,edge trim
400027,PLT01-L2,2026-10-21 23:15:00,268,contamination
400028,PLT01-L2,2026-10-23 16:45:00,194,reject
400029,PLT01-L2,2026-10-23 17:34:00,303,contamination
400030,PLT01-L2,2026-10-25 17:24:00,91,edge trim
400031,PLT01-L2,2026-10-25 12:37:00,7,reject
400032,PLT01-L2,2026-10-25 18:43:00,268,startup waste
400033,PLT01-L2,2026-10-27 20:21:00,239,contamination
400034,PLT01-L2,2026-10-27 13:25:00,314,startup waste
400035,PLT01-L2,2026-10-29 15:39:00,49,edge trim
400036,PLT01-L2,2026-10-29 14:49:00,23,reject
400037,PLT01-L2,2026-10-29 21:51:00,103,startup waste
400038,PLT01-L2,2026-10-31 16:26:00,202,edge trim
400039,PLT01-L2,2026-11-01 02:52:00,201,edge trim
400040,PLT01-L2,2026-11-02 21:48:00,60,edge trim
400041,PLT01-L2,2026-11-04 23:09:00,211,splice
400042,PLT01-L2,2026-11-07 03:04:00,59,startup waste
400043,PLT01-L2,2026-11-07 00:00:00,143,startup waste
400044,PLT01-L2,2026-11-06 23:33:00,33,contamination
400045,PLT01-L2,2026-11-08 23:40:00,15,startup waste
400046,PLT01-L2,2026-11-10 21:39:00,242,reject
400047,PLT01-L2,2026-11-12 22:42:00,242,splice
400048,PLT01-L2,2026-11-14 18:01:00,148,startup waste
400049,PLT01-L2,2026-11-15 01:47:00,211,startup waste
400050,PLT01-L2,2026-11-14 23:23:00,351,edge trim
400051,PLT01-L3,2026-10-20 02:25:00,397,edge trim
400052,PLT01-L3,2026-10-19 15:21:00,183,edge trim
400053,PLT01-L3,2026-10-21 14:25:00,354,edge trim
400054,PLT01-L3,2026-10-21 22:07:00,353,reject
400055,PLT01-L3,2026-10-21 12:40:00,322,edge trim
400056,PLT01-L3,2026-10-23 15:47:00,328,startup waste
400057,PLT01-L3,2026-10-23 22:59:00,340,edge trim
400058,PLT01-L3,2026-10-25 14:11:00,266,contamination
400059,PLT01-L3,2026-10-25 21:01:00,24,contamination
400060,PLT01-L3,2026-10-27 18:10:00,108,contamination
400061,PLT01-L3,2026-10-29 19:09:00,6,reject
400062,PLT01-L3,2026-10-31 16:29:00,113,edge trim
400063,PLT01-L3,2026-11-02 15:09:00,68,contamination
400064,PLT01-L3,2026-11-02 18:17:00,237,contamination
400065,PLT01-L3,2026-11-04 16:26:00,252,edge trim
400066,PLT01-L3,2026-11-07 03:40:00,198,splice
400067,PLT01-L3,2026-11-08 17:48:00,235,startup waste
400068,PLT01-L3,2026-11-08 21:21:00,44,reject
400069,PLT01-L3,2026-11-08 22:51:00,78,reject
400070,PLT01-L3,2026-11-10 15:57:00,374,edge trim
400071,PLT01-L3,2026-11-10 19:45:00,185,reject
400072,PLT01-L3,2026-11-10 17:41:00,103,edge trim
400073,PLT01-L3,2026-11-13 03:23:00,135,contamination
400074,PLT01-L3,2026-11-12 23:13:00,92,edge trim
400075,PLT01-L3,2026-11-14 18:59:00,392,contamination
400076,PLT01-L3,2026-11-15 02:55:00,259,splice
400077,PLT01-L3,2026-11-14 19:06:00,324,edge trim
400078,PLT01-L4,2026-10-19 15:09:00,373,splice
400079,PLT01-L4,2026-10-19 13:43:00,21,reject
400080,PLT01-L4,2026-10-21 14:54:00,237,splice
400081,PLT01-L4,2026-10-23 23:27:00,353,edge trim
400082,PLT01-L4,2026-10-23 16:19:00,367,edge trim
400083,PLT01-L4,2026-10-25 16:51:00,326,contamination
400084,PLT01-L4,2026-10-25 21:01:00,101,edge trim
400085,PLT01-L4,2026-10-25 12:53:00,267,reject
400086,PLT01-L4,2026-10-27 15:28:00,24,edge trim
400087,PLT01-L4,2026-10-27 23:41:00,44,contamination
400088,PLT01-L4,2026-10-27 18:33:00,237,startup waste
400089,PLT01-L4,2026-10-29 14:36:00,28,reject
400090,PLT01-L4,2026-10-30 01:04:00,159,startup waste
400091,PLT01-L4,2026-11-01 01:09:00,75,splice
400092,PLT01-L4,2026-10-31 14:13:00,358,startup waste
400093,PLT01-L4,2026-11-02 20:37:00,213,splice
400094,PLT01-L4,2026-11-04 13:25:00,49,contamination
400095,PLT01-L4,2026-11-05 03:14:00,196,edge trim
400096,PLT01-L4,2026-11-04 13:04:00,20,splice
400097,PLT01-L4,2026-11-06 20:45:00,375,reject
400098,PLT01-L4,2026-11-08 15:09:00,244,splice
400099,PLT01-L4,2026-11-08 23:48:00,307,edge trim
400100,PLT01-L4,2026-11-08 16:48:00,33,contamination
400101,PLT01-L4,2026-11-11 03:44:00,387,edge trim
400102,PLT01-L4,2026-11-11 00:29:00,135,startup waste
400103,PLT01-L4,2026-11-10 22:39:00,215,splice
400104,PLT01-L4,2026-11-12 16:16:00,355,edge trim
400105,PLT01-L4,2026-11-14 18:49:00,204,splice
400106,PLT01-L4,2026-11-14 13:15:00,250,edge trim
400107,PLT01-L4,2026-11-14 19:22:00,9,edge trim
400108,PLT02-L1,2026-10-19 22:06:00,322,reject
400109,PLT02-L1,2026-10-21 11:16:00,378,splice
400110,PLT02-L1,2026-10-21 18:21:00,352,startup waste
400111,PLT02-L1,2026-10-23 15:53:00,207,edge trim
400112,PLT02-L1,2026-10-23 18:01:00,278,startup waste
400113,PLT02-L1,2026-10-23 14:14:00,174,edge trim
400114,PLT02-L1,2026-10-25 22:34:00,133,reject
400115,PLT02-L1,2026-10-25 16:15:00,274,contamination
400116,PLT02-L1,2026-10-25 20:11:00,219,reject
400117,PLT02-L1,2026-10-27 20:39:00,17,contamination
400118,PLT02-L1,2026-10-27 17:32:00,145,startup waste
400119,PLT02-L1,2026-10-27 12:25:00,209,startup waste
400120,PLT02-L1,2026-10-29 22:40:00,320,splice
400121,PLT02-L1,2026-10-29 11:46:00,185,reject
400122,PLT02-L1,2026-10-29 15:31:00,79,splice
400123,PLT02-L1,2026-10-31 14:03:00,204,contamination
400124,PLT02-L1,2026-11-02 23:59:00,148,contamination
400125,PLT02-L1,2026-11-04 23:18:00,195,splice
400126,PLT02-L1,2026-11-04 15:12:00,251,reject
400127,PLT02-L1,2026-11-06 18:27:00,173,splice
400128,PLT02-L1,2026-11-08 13:18:00,291,edge trim
400129,PLT02-L1,2026-11-11 00:48:00,375,splice
400130,PLT02-L1,2026-11-12 17:11:00,193,startup waste
400131,PLT02-L1,2026-11-14 12:33:00,50,splice
400132,PLT02-L1,2026-11-14 18:53:00,225,reject
400133,PLT02-L2,2026-10-19 19:25:00,268,edge trim
400134,PLT02-L2,2026-10-21 21:52:00,9,contamination
400135,PLT02-L2,2026-10-21 12:47:00,209,reject
400136,PLT02-L2,2026-10-21 23:08:00,299,contamination
400137,PLT02-L2,2026-10-24 01:32:00,10,splice
400138,PLT02-L2,2026-10-25 20:27:00,268,edge trim
400139,PLT02-L2,2026-10-27 18:25:00,200,contamination
400140,PLT02-L2,2026-10-27 18:35:00,215,reject
400141,PLT02-L2,2026-10-27 15:37:00,17,edge trim
400142,PLT02-L2,2026-10-30 01:46:00,251,splice
400143,PLT02-L2,2026-10-29 14:34:00,131,splice
400144,PLT02-L2,2026-10-31 14:18:00,89,reject
400145,PLT02-L2,2026-11-01 00:22:00,25,startup waste
400146,PLT02-L2,2026-10-31 20:00:00,164,reject
400147,PLT02-L2,2026-11-02 22:32:00,44,reject
400148,PLT02-L2,2026-11-04 19:35:00,66,contamination
400149,PLT02-L2,2026-11-06 22:51:00,120,startup waste
400150,PLT02-L2,2026-11-06 15:15:00,274,splice
400151,PLT02-L2,2026-11-08 16:51:00,43,edge trim
400152,PLT02-L2,2026-11-10 19:30:00,284,contamination
400153,PLT02-L2,2026-11-10 20:51:00,329,splice
400154,PLT02-L2,2026-11-11 00:02:00,326,contamination
400155,PLT02-L2,2026-11-12 20:15:00,169,reject
400156,PLT02-L2,2026-11-12 14:44:00,160,reject
400157,PLT02-L2,2026-11-14 17:16:00,99,contamination
400158,PLT02-L2,2026-11-14 22:17:00,370,contamination
400159,PLT02-L3,2026-10-20 00:35:00,332,contamination
400160,PLT02-L3,2026-10-21 20:28:00,220,edge trim
400161,PLT02-L3,2026-10-21 15:43:00,191,contamination
400162,PLT02-L3,2026-10-21 23:46:00,223,edge trim
400163,PLT02-L3,2026-10-24 00:46:00,193,edge trim
400164,PLT02-L3,2026-10-24 01:06:00,136,edge trim
400165,PLT02-L3,2026-10-25 22:27:00,275,startup waste
400166,PLT02-L3,2026-10-27 16:47:00,286,edge trim
400167,PLT02-L3,2026-10-27 18:37:00,328,edge trim
400168,PLT02-L3,2026-10-29 11:55:00,274,edge trim
400169,PLT02-L3,2026-10-29 19:18:00,391,reject
400170,PLT02-L3,2026-10-29 21:12:00,329,edge trim
400171,PLT02-L3,2026-10-31 22:00:00,359,edge trim
400172,PLT02-L3,2026-10-31 22:34:00,349,edge trim
400173,PLT02-L3,2026-10-31 11:15:00,334,startup waste
400174,PLT02-L3,2026-11-02 12:18:00,49,contamination
400175,PLT02-L3,2026-11-02 16:29:00,34,startup waste
400176,PLT02-L3,2026-11-03 01:12:00,224,reject
400177,PLT02-L3,2026-11-05 00:14:00,235,startup waste
400178,PLT02-L3,2026-11-04 13:17:00,259,edge trim
400179,PLT02-L3,2026-11-04 19:55:00,398,startup waste
400180,PLT02-L3,2026-11-06 15:53:00,326,startup waste
400181,PLT02-L3,2026-11-06 15:03:00,93,edge trim
400182,PLT02-L3,2026-11-08 22:57:00,293,reject
400183,PLT02-L3,2026-11-11 02:42:00,68,edge trim
400184,PLT02-L3,2026-11-12 13:00:00,265,contamination
400185,PLT02-L3,2026-11-12 15:00:00,277,splice
400186,PLT02-L3,2026-11-12 20:13:00,314,splice
400187,PLT02-L3,2026-11-15 01:48:00,252,reject
400188,PLT02-L4,2026-10-19 22:25:00,281,startup waste
400189,PLT02-L4,2026-10-20 00:03:00,320,edge trim
400190,PLT02-L4,2026-10-19 21:41:00,200,edge trim
400191,PLT02-L4,2026-10-21 22:41:00,182,contamination
400192,PLT02-L4,2026-10-21 13:44:00,23,reject
400193,PLT02-L4,2026-10-21 17:28:00,345,reject
400194,PLT02-L4,2026-10-23 21:19:00,206,edge trim
400195,PLT02-L4,2026-10-25 14:07:00,326,splice
400196,PLT02-L4,2026-10-25 22:59:00,147,splice
400197,PLT02-L4,2026-10-27 20:33:00,90,contamination
400198,PLT02-L4,2026-10-29 12:14:00,324,splice
400199,PLT02-L4,2026-10-29 12:15:00,75,contamination
400200,PLT02-L4,2026-11-01 00:08:00,363,edge trim
400201,PLT02-L4,2026-10-31 15:03:00,180,reject
400202,PLT02-L4,2026-11-02 21:47:00,34,edge trim
400203,PLT02-L4,2026-11-02 23:10:00,245,reject
400204,PLT02-L4,2026-11-02 14:03:00,358,edge trim
400205,PLT02-L4,2026-11-05 01:24:00,61,startup waste
400206,PLT02-L4,2026-11-06 22:11:00,119,splice
400207,PLT02-L4,2026-11-06 23:56:00,36,splice
400208,PLT02-L4,2026-11-06 20:33:00,70,startup waste
400209,PLT02-L4,2026-11-09 02:21:00,224,splice
400210,PLT02-L4,2026-11-09 01:51:00,114,edge trim
400211,PLT02-L4,2026-11-08 16:57:00,352,startup waste
400212,PLT02-L4,2026-11-10 23:50:00,52,splice
400213,PLT02-L4,2026-11-10 16:26:00,196,contamination
400214,PLT02-L4,2026-11-10 20:57:00,390,splice
400215,PLT02-L4,2026-11-12 23:21:00,11,edge trim
400216,PLT02-L4,2026-11-12 17:45:00,238,edge trim
400217,PLT02-L4,2026-11-12 21:39:00,219,splice
400218,PLT02-L4,2026-11-14 14:10:00,204,contamination
400219,PLT02-L4,2026-11-14 23:39:00,288,splice
400220,PLT02-L4,2026-11-15 01:30:00,374,edge trim
400221,PLT03-L1,2026-10-19 17:49:00,18,splice
400222,PLT03-L1,2026-10-19 14:53:00,379,contamination
400223,PLT03-L1,2026-10-19 15:00:00,10,splice
400224,PLT03-L1,2026-10-22 03:46:00,20,startup waste
400225,PLT03-L1,2026-10-23 22:56:00,241,contamination
400226,PLT03-L1,2026-10-25 17:28:00,331,reject
400227,PLT03-L1,2026-10-27 16:40:00,8,reject
400228,PLT03-L1,2026-10-28 00:07:00,227,edge trim
400229,PLT03-L1,2026-10-30 01:39:00,146,startup waste
400230,PLT03-L1,2026-11-01 02:25:00,270,contamination
400231,PLT03-L1,2026-10-31 14:21:00,79,reject
400232,PLT03-L1,2026-11-01 00:03:00,289,reject
400233,PLT03-L1,2026-11-03 05:04:00,149,startup waste
400234,PLT03-L1,2026-11-04 20:37:00,39,contamination
400235,PLT03-L1,2026-11-04 16:20:00,315,startup waste
400236,PLT03-L1,2026-11-07 02:01:00,256,contamination
400237,PLT03-L1,2026-11-09 02:59:00,169,edge trim
400238,PLT03-L1,2026-11-08 18:51:00,44,splice
400239,PLT03-L1,2026-11-09 04:58:00,112,startup waste
400240,PLT03-L1,2026-11-11 03:23:00,369,contamination
400241,PLT03-L1,2026-11-10 18:39:00,319,splice
400242,PLT03-L1,2026-11-11 03:16:00,17,splice
400243,PLT03-L1,2026-11-12 19:28:00,156,startup waste
400244,PLT03-L1,2026-11-12 18:01:00,73,startup waste
400245,PLT03-L1,2026-11-12 20:58:00,243,contamination
400246,PLT03-L1,2026-11-14 23:22:00,44,splice
400247,PLT03-L1,2026-11-15 01:03:00,101,splice
400248,PLT03-L2,2026-10-19 17:20:00,45,splice
400249,PLT03-L2,2026-10-20 00:25:00,133,reject
400250,PLT03-L2,2026-10-21 18:27:00,399,splice
400251,PLT03-L2,2026-10-21 23:54:00,55,contamination
400252,PLT03-L2,2026-10-23 15:03:00,290,edge trim
400253,PLT03-L2,2026-10-24 02:45:00,152,edge trim
400254,PLT03-L2,2026-10-24 04:10:00,288,reject
400255,PLT03-L2,2026-10-26 03:33:00,293,splice
400256,PLT03-L2,2026-10-28 01:14:00,280,edge trim
400257,PLT03-L2,2026-10-28 00:58:00,251,reject
400258,PLT03-L2,2026-10-27 18:36:00,330,splice
400259,PLT03-L2,2026-10-30 04:28:00,122,reject
400260,PLT03-L2,2026-10-31 15:04:00,223,contamination
400261,PLT03-L2,2026-11-03 04:51:00,72,contamination
400262,PLT03-L2,2026-11-05 04:10:00,320,contamination
400263,PLT03-L2,2026-11-05 05:10:00,345,reject
400264,PLT03-L2,2026-11-06 19:57:00,259,splice
400265,PLT03-L2,2026-11-07 00:36:00,222,edge trim
400266,PLT03-L2,2026-11-06 19:02:00,267,reject
400267,PLT03-L2,2026-11-08 22:00:00,95,contamination
400268,PLT03-L2,2026-11-09 00:14:00,180,reject
400269,PLT03-L2,2026-11-08 23:59:00,66,startup waste
400270,PLT03-L2,2026-11-10 22:21:00,345,edge trim
400271,PLT03-L2,2026-11-12 15:26:00,145,startup waste
400272,PLT03-L2,2026-11-12 18:24:00,389,startup waste
400273,PLT03-L2,2026-11-13 03:14:00,127,contamination
400274,PLT03-L2,2026-11-15 00:46:00,30,startup waste
400275,PLT03-L3,2026-10-19 15:31:00,256,edge trim
400276,PLT03-L3,2026-10-19 15:10:00,240,startup waste
400277,PLT03-L3,2026-10-21 18:58:00,88,startup waste
400278,PLT03-L3,2026-10-22 04:29:00,126,startup waste
400279,PLT03-L3,2026-10-22 03:57:00,260,edge trim
400280,PLT03-L3,2026-10-24 04:59:00,301,splice
400281,PLT03-L3,2026-10-23 20:29:00,225,splice
400282,PLT03-L3,2026-10-24 01:31:00,320,splice
400283,PLT03-L3,2026-10-25 18:54:00,144,splice
400284,PLT03-L3,2026-10-27 16:28:00,72,edge trim
400285,PLT03-L3,2026-10-28 03:06:00,249,reject
400286,PLT03-L3,2026-10-30 01:52:00,91,startup waste
400287,PLT03-L3,2026-10-30 00:14:00,101,startup waste
400288,PLT03-L3,2026-10-30 04:17:00,150,reject
400289,PLT03-L3,2026-11-01 04:29:00,325,reject
400290,PLT03-L3,2026-10-31 19:06:00,181,edge trim
400291,PLT03-L3,2026-11-03 02:41:00,366,startup waste
400292,PLT03-L3,2026-11-05 00:17:00,191,reject
400293,PLT03-L3,2026-11-04 23:34:00,152,edge trim
400294,PLT03-L3,2026-11-07 01:10:00,114,startup waste
400295,PLT03-L3,2026-11-08 19:22:00,15,startup waste
400296,PLT03-L3,2026-11-09 00:17:00,275,startup waste
400297,PLT03-L3,2026-11-08 20:40:00,58,startup waste
400298,PLT03-L3,2026-11-10 16:24:00,353,startup waste
400299,PLT03-L3,2026-11-11 02:21:00,173,startup waste
400300,PLT03-L3,2026-11-12 22:52:00,178,contamination
400301,PLT03-L3,2026-11-13 00:56:00,150,edge trim
400302,PLT03-L3,2026-11-14 18:09:00,55,edge trim
400303,PLT03-L4,2026-10-19 16:27:00,112,splice
400304,PLT03-L4,2026-10-20 03:46:00,248,reject
400305,PLT03-L4,2026-10-19 19:55:00,30,splice
400306,PLT03-L4,2026-10-21 23:40:00,303,reject
400307,PLT03-L4,2026-10-22 03:14:00,127,reject
400308,PLT03-L4,2026-10-22 04:52:00,349,splice
400309,PLT03-L4,2026-10-24 00:02:00,186,splice
400310,PLT03-L4,2026-10-24 01:46:00,342,edge trim
400311,PLT03-L4,2026-10-25 22:57:00,187,splice
400312,PLT03-L4,2026-10-25 19:35:00,296,edge trim
400313,PLT03-L4,2026-10-27 23:58:00,260,splice
400314,PLT03-L4,2026-10-29 19:00:00,145,splice
400315,PLT03-L4,2026-10-29 22:50:00,298,reject
400316,PLT03-L4,2026-10-29 18:37:00,197,contamination
400317,PLT03-L4,2026-10-31 21:15:00,276,startup waste
400318,PLT03-L4,2026-10-31 15:08:00,65,splice
400319,PLT03-L4,2026-10-31 21:25:00,216,splice
400320,PLT03-L4,2026-11-02 18:20:00,36,reject
400321,PLT03-L4,2026-11-03 01:04:00,346,contamination
400322,PLT03-L4,2026-11-02 15:46:00,90,contamination
400323,PLT03-L4,2026-11-04 23:17:00,310,splice
400324,PLT03-L4,2026-11-05 03:13:00,131,edge trim
400325,PLT03-L4,2026-11-06 19:44:00,89,splice
400326,PLT03-L4,2026-11-07 01:45:00,398,contamination
400327,PLT03-L4,2026-11-09 00:10:00,374,contamination
400328,PLT03-L4,2026-11-08 17:47:00,337,contamination
400329,PLT03-L4,2026-11-10 22:53:00,191,edge trim
400330,PLT03-L4,2026-11-11 03:38:00,24,startup waste
400331,PLT03-L4,2026-11-10 21:53:00,88,edge trim
400332,PLT03-L4,2026-11-13 00:32:00,384,contamination
400333,PLT03-L4,2026-11-15 04:14:00,277,startup waste
400334,PLT03-L4,2026-11-15 03:02:00,231,edge trim
400335,PLT03-L4,2026-11-14 22:01:00,376,contamination
400336,PLT04-L1,2026-10-19 13:35:00,54,contamination
400337,PLT04-L1,2026-10-21 13:58:00,277,contamination
400338,PLT04-L1,2026-10-21 21:59:00,66,splice
400339,PLT04-L1,2026-10-21 23:30:00,359,splice
400340,PLT04-L1,2026-10-23 19:43:00,330,edge trim
400341,PLT04-L1,2026-10-23 23:45:00,279,edge trim
400342,PLT04-L1,2026-10-24 00:27:00,58,contamination
400343,PLT04-L1,2026-10-26 02:14:00,12,splice
400344,PLT04-L1,2026-10-25 13:33:00,310,startup waste
400345,PLT04-L1,2026-10-27 15:58:00,176,contamination
400346,PLT04-L1,2026-10-27 18:58:00,52,edge trim
400347,PLT04-L1,2026-10-29 22:15:00,397,edge trim
400348,PLT04-L1,2026-10-29 22:55:00,62,splice
400349,PLT04-L1,2026-10-31 16:58:00,384,reject
400350,PLT04-L1,2026-10-31 14:34:00,343,edge trim
400351,PLT04-L1,2026-11-03 01:45:00,371,edge trim
400352,PLT04-L1,2026-11-02 19:17:00,282,reject
400353,PLT04-L1,2026-11-04 22:41:00,353,contamination
400354,PLT04-L1,2026-11-04 19:40:00,365,startup waste
400355,PLT04-L1,2026-11-05 02:23:00,246,reject
400356,PLT04-L1,2026-11-06 16:34:00,344,splice
400357,PLT04-L1,2026-11-07 00:00:00,104,splice
400358,PLT04-L1,2026-11-06 16:43:00,53,splice
400359,PLT04-L1,2026-11-08 22:30:00,87,startup waste
400360,PLT04-L1,2026-11-09 03:41:00,234,contamination
400361,PLT04-L1,2026-11-10 13:25:00,85,splice
400362,PLT04-L1,2026-11-12 21:49:00,33,reject
400363,PLT04-L1,2026-11-12 16:35:00,131,edge trim
400364,PLT04-L1,2026-11-14 17:07:00,289,startup waste
400365,PLT04-L1,2026-11-15 00:36:00,227,splice
400366,PLT04-L2,2026-10-20 00:32:00,345,splice
400367,PLT04-L2,2026-10-20 00:16:00,277,startup waste
400368,PLT04-L2,2026-10-22 03:57:00,282,contamination
400369,PLT04-L2,2026-10-21 20:30:00,229,contamination
400370,PLT04-L2,2026-10-23 16:11:00,286,reject
400371,PLT04-L2,2026-10-24 00:08:00,234,reject
400372,PLT04-L2,2026-10-23 22:41:00,314,contamination
400373,PLT04-L2,2026-10-25 14:31:00,340,contamination
400374,PLT04-L2,2026-10-26 01:04:00,157,startup waste
400375,PLT04-L2,2026-10-27 16:08:00,98,contamination
400376,PLT04-L2,2026-10-30 02:36:00,243,startup waste
400377,PLT04-L2,2026-10-29 15:29:00,355,reject
400378,PLT04-L2,2026-10-29 14:46:00,56,startup waste
400379,PLT04-L2,2026-10-31 18:43:00,358,startup waste
400380,PLT04-L2,2026-10-31 18:23:00,155,contamination
400381,PLT04-L2,2026-11-01 03:56:00,200,splice
400382,PLT04-L2,2026-11-02 17:59:00,17,startup waste
400383,PLT04-L2,2026-11-02 20:11:00,250,contamination
400384,PLT04-L2,2026-11-03 02:19:00,321,startup waste
400385,PLT04-L2,2026-11-05 02:27:00,312,contamination
400386,PLT04-L2,2026-11-05 00:52:00,266,splice
400387,PLT04-L2,2026-11-07 01:05:00,296,reject
400388,PLT04-L2,2026-11-06 18:51:00,228,splice
400389,PLT04-L2,2026-11-06 21:05:00,391,splice
400390,PLT04-L2,2026-11-08 17:09:00,44,edge trim
400391,PLT04-L2,2026-11-10 17:39:00,383,edge trim
400392,PLT04-L2,2026-11-10 15:25:00,141,startup waste
400393,PLT04-L2,2026-11-12 20:30:00,87,startup waste
400394,PLT04-L2,2026-11-14 14:36:00,140,splice
400395,PLT04-L2,2026-11-14 23:12:00,68,contamination
400396,PLT04-L2,2026-11-14 16:35:00,93,contamination
400397,PLT04-L3,2026-10-20 03:35:00,370,reject
400398,PLT04-L3,2026-10-22 03:05:00,164,edge trim
400399,PLT04-L3,2026-10-21 18:02:00,215,reject
400400,PLT04-L3,2026-10-21 16:40:00,215,edge trim
400401,PLT04-L3,2026-10-24 02:44:00,143,splice
400402,PLT04-L3,2026-10-23 21:45:00,220,reject
400403,PLT04-L3,2026-10-25 18:29:00,232,splice
400404,PLT04-L3,2026-10-26 00:22:00,150,contamination
400405,PLT04-L3,2026-10-28 01:09:00,337,splice
400406,PLT04-L3,2026-10-29 23:53:00,239,edge trim
400407,PLT04-L3,2026-10-31 16:54:00,330,reject
400408,PLT04-L3,2026-11-02 14:40:00,272,contamination
400409,PLT04-L3,2026-11-05 02:52:00,93,startup waste
400410,PLT04-L3,2026-11-06 18:00:00,43,splice
400411,PLT04-L3,2026-11-06 22:06:00,366,reject
400412,PLT04-L3,2026-11-06 21:58:00,198,startup waste
400413,PLT04-L3,2026-11-09 01:20:00,372,reject
400414,PLT04-L3,2026-11-10 21:46:00,368,splice
400415,PLT04-L3,2026-11-10 16:13:00,102,edge trim
400416,PLT04-L3,2026-11-10 23:49:00,40,contamination
400417,PLT04-L3,2026-11-12 22:30:00,292,contamination
400418,PLT04-L3,2026-11-15 00:33:00,45,contamination
400419,PLT04-L3,2026-11-14 20:14:00,54,reject
400420,PLT04-L3,2026-11-14 21:21:00,211,reject
400421,PLT04-L4,2026-10-19 19:50:00,119,reject
400422,PLT04-L4,2026-10-21 20:10:00,193,splice
400423,PLT04-L4,2026-10-23 20:29:00,29,startup waste
400424,PLT04-L4,2026-10-23 18:10:00,309,contamination
400425,PLT04-L4,2026-10-24 03:48:00,182,reject
400426,PLT04-L4,2026-10-25 21:49:00,91,edge trim
400427,PLT04-L4,2026-10-28 00:03:00,269,edge trim
400428,PLT04-L4,2026-10-27 13:17:00,169,startup waste
400429,PLT04-L4,2026-10-27 23:46:00,8,edge trim
400430,PLT04-L4,2026-10-29 17:58:00,200,edge trim
400431,PLT04-L4,2026-10-31 18:25:00,265,splice
400432,PLT04-L4,2026-10-31 19:33:00,101,contamination
400433,PLT04-L4,2026-10-31 21:33:00,24,splice
400434,PLT04-L4,2026-11-02 19:23:00,39,startup waste
400435,PLT04-L4,2026-11-03 03:36:00,308,splice
400436,PLT04-L4,2026-11-04 14:11:00,165,contamination
400437,PLT04-L4,2026-11-07 01:02:00,27,contamination
400438,PLT04-L4,2026-11-07 00:04:00,232,startup waste
400439,PLT04-L4,2026-11-08 17:49:00,51,edge trim
400440,PLT04-L4,2026-11-11 02:02:00,262,splice
400441,PLT04-L4,2026-11-10 18:07:00,289,splice
400442,PLT04-L4,2026-11-12 19:27:00,375,contamination
400443,PLT04-L4,2026-11-15 03:18:00,244,startup waste
400444,PLT04-L4,2026-11-14 23:49:00,384,splice
400445,PLT05-L1,2026-10-19 14:38:00,398,edge trim
400446,PLT05-L1,2026-10-21 12:45:00,315,startup waste
400447,PLT05-L1,2026-10-22 00:24:00,106,reject
400448,PLT05-L1,2026-10-21 10:44:00,339,contamination
400449,PLT05-L1,2026-10-23 19:50:00,121,splice
400450,PLT05-L1,2026-10-23 14:00:00,98,startup waste
400451,PLT05-L1,2026-10-25 10:20:00,37,contamination
400452,PLT05-L1,2026-10-27 18:00:00,394,splice
400453,PLT05-L1,2026-10-27 16:16:00,47,splice
400454,PLT05-L1,2026-10-27 18:46:00,81,reject
400455,PLT05-L1,2026-10-29 13:22:00,42,contamination
400456,PLT05-L1,2026-10-29 15:39:00,363,reject
400457,PLT05-L1,2026-10-31 16:09:00,114,contamination
400458,PLT05-L1,2026-11-02 18:44:00,99,edge trim
400459,PLT05-L1,2026-11-02 22:37:00,259,contamination
400460,PLT05-L1,2026-11-02 22:21:00,262,contamination
400461,PLT05-L1,2026-11-04 10:27:00,173,edge trim
400462,PLT05-L1,2026-11-04 15:17:00,177,contamination
400463,PLT05-L1,2026-11-04 10:12:00,45,contamination
400464,PLT05-L1,2026-11-06 11:16:00,40,edge trim
400465,PLT05-L1,2026-11-08 22:22:00,325,edge trim
400466,PLT05-L1,2026-11-08 10:35:00,359,edge trim
400467,PLT05-L1,2026-11-08 20:16:00,58,contamination
400468,PLT05-L1,2026-11-10 21:50:00,180,contamination
400469,PLT05-L1,2026-11-10 22:21:00,268,edge trim
400470,PLT05-L1,2026-11-12 21:21:00,99,reject
400471,PLT05-L1,2026-11-12 11:34:00,298,edge trim
400472,PLT05-L1,2026-11-14 15:45:00,271,startup waste
400473,PLT05-L1,2026-11-14 12:24:00,295,splice
400474,PLT05-L1,2026-11-14 11:29:00,290,splice
400475,PLT05-L2,2026-10-19 19:31:00,147,edge trim
400476,PLT05-L2,2026-10-19 15:01:00,99,contamination
400477,PLT05-L2,2026-10-19 15:56:00,54,reject
400478,PLT05-L2,2026-10-21 15:34:00,273,edge trim
400479,PLT05-L2,2026-10-23 22:58:00,48,startup waste
400480,PLT05-L2,2026-10-23 17:03:00,298,startup waste
400481,PLT05-L2,2026-10-25 21:45:00,76,contamination
400482,PLT05-L2,2026-10-28 00:35:00,195,edge trim
400483,PLT05-L2,2026-10-27 21:58:00,306,startup waste
400484,PLT05-L2,2026-10-27 14:03:00,347,edge trim
400485,PLT05-L2,2026-10-29 20:01:00,337,startup waste
400486,PLT05-L2,2026-10-30 00:04:00,109,contamination
400487,PLT05-L2,2026-10-31 14:59:00,272,splice
400488,PLT05-L2,2026-11-02 20:36:00,319,startup waste
400489,PLT05-L2,2026-11-04 18:30:00,244,edge trim
400490,PLT05-L2,2026-11-04 18:50:00,399,splice
400491,PLT05-L2,2026-11-04 12:07:00,286,contamination
400492,PLT05-L2,2026-11-06 19:54:00,337,contamination
400493,PLT05-L2,2026-11-09 00:14:00,130,contamination
400494,PLT05-L2,2026-11-11 00:44:00,44,contamination
400495,PLT05-L2,2026-11-12 11:55:00,388,startup waste
400496,PLT05-L2,2026-11-14 21:05:00,295,edge trim
400497,PLT05-L2,2026-11-14 11:54:00,285,startup waste
400498,PLT05-L3,2026-10-19 22:15:00,140,reject
400499,PLT05-L3,2026-10-19 13:34:00,15,reject
400500,PLT05-L3,2026-10-21 15:04:00,325,edge trim
400501,PLT05-L3,2026-10-22 00:19:00,5,reject
400502,PLT05-L3,2026-10-21 12:51:00,216,edge trim
400503,PLT05-L3,2026-10-23 10:57:00,166,splice
400504,PLT05-L3,2026-10-23 10:21:00,197,reject
400505,PLT05-L3,2026-10-25 15:35:00,318,reject
400506,PLT05-L3,2026-10-27 12:03:00,205,startup waste
400507,PLT05-L3,2026-10-29 14:34:00,183,splice
400508,PLT05-L3,2026-10-29 20:31:00,321,splice
400509,PLT05-L3,2026-10-29 14:28:00,81,reject
400510,PLT05-L3,2026-10-31 20:00:00,347,startup waste
400511,PLT05-L3,2026-10-31 10:56:00,366,edge trim
400512,PLT05-L3,2026-11-02 13:38:00,215,contamination
400513,PLT05-L3,2026-11-05 00:08:00,77,startup waste
400514,PLT05-L3,2026-11-06 10:44:00,11,contamination
400515,PLT05-L3,2026-11-06 11:30:00,50,edge trim
400516,PLT05-L3,2026-11-08 21:09:00,209,startup waste
400517,PLT05-L3,2026-11-11 00:08:00,328,splice
400518,PLT05-L3,2026-11-10 15:16:00,13,contamination
400519,PLT05-L3,2026-11-12 19:25:00,172,edge trim
400520,PLT05-L3,2026-11-13 00:14:00,121,edge trim
400521,PLT05-L3,2026-11-14 14:07:00,309,edge trim
400522,PLT05-L3,2026-11-14 23:24:00,388,splice
400523,PLT05-L3,2026-11-14 10:52:00,257,startup waste
400524,PLT05-L4,2026-10-19 19:42:00,263,startup waste
400525,PLT05-L4,2026-10-19 17:46:00,298,reject
400526,PLT05-L4,2026-10-21 13:48:00,246,reject
400527,PLT05-L4,2026-10-21 15:06:00,290,splice
400528,PLT05-L4,2026-10-23 15:54:00,171,startup waste
400529,PLT05-L4,2026-10-23 19:08:00,69,contamination
400530,PLT05-L4,2026-10-25 17:39:00,130,edge trim
400531,PLT05-L4,2026-10-25 16:09:00,141,contamination
400532,PLT05-L4,2026-10-25 10:20:00,77,contamination
400533,PLT05-L4,2026-10-27 14:14:00,400,reject
400534,PLT05-L4,2026-10-27 23:24:00,67,splice
400535,PLT05-L4,2026-10-27 16:09:00,77,reject
400536,PLT05-L4,2026-10-29 11:45:00,301,reject
400537,PLT05-L4,2026-10-31 18:13:00,52,contamination
400538,PLT05-L4,2026-11-02 16:47:00,273,contamination
400539,PLT05-L4,2026-11-02 23:45:00,102,splice
400540,PLT05-L4,2026-11-04 15:54:00,360,reject
400541,PLT05-L4,2026-11-04 17:27:00,87,reject
400542,PLT05-L4,2026-11-04 15:36:00,87,contamination
400543,PLT05-L4,2026-11-06 17:15:00,302,reject
400544,PLT05-L4,2026-11-08 12:10:00,344,splice
400545,PLT05-L4,2026-11-10 16:03:00,77,splice
400546,PLT05-L4,2026-11-10 15:17:00,195,reject
400547,PLT05-L4,2026-11-10 15:18:00,337,startup waste
400548,PLT05-L4,2026-11-12 10:50:00,326,contamination
400549,PLT05-L4,2026-11-14 19:29:00,334,contamination
400550,PLT06-L1,2026-10-19 16:43:00,343,splice
400551,PLT06-L1,2026-10-21 15:05:00,231,splice
400552,PLT06-L1,2026-10-21 08:18:00,187,splice
400553,PLT06-L1,2026-10-21 17:43:00,72,splice
400554,PLT06-L1,2026-10-23 15:59:00,120,contamination
400555,PLT06-L1,2026-10-23 12:25:00,198,startup waste
400556,PLT06-L1,2026-10-25 07:16:00,323,edge trim
400557,PLT06-L1,2026-10-27 10:16:00,156,contamination
400558,PLT06-L1,2026-10-29 14:25:00,311,splice
400559,PLT06-L1,2026-10-29 15:30:00,262,startup waste
400560,PLT06-L1,2026-10-31 18:23:00,336,splice
400561,PLT06-L1,2026-10-31 12:22:00,63,splice
400562,PLT06-L1,2026-11-02 08:39:00,59,reject
400563,PLT06-L1,2026-11-04 15:37:00,57,contamination
400564,PLT06-L1,2026-11-06 13:54:00,53,contamination
400565,PLT06-L1,2026-11-06 17:47:00,297,startup waste
400566,PLT06-L1,2026-11-08 18:25:00,102,splice
400567,PLT06-L1,2026-11-10 07:39:00,102,startup waste
400568,PLT06-L1,2026-11-12 14:24:00,381,splice
400569,PLT06-L1,2026-11-12 07:53:00,53,edge trim
400570,PLT06-L1,2026-11-12 21:43:00,172,startup waste
400571,PLT06-L1,2026-11-14 12:40:00,287,reject
400572,PLT06-L1,2026-11-14 12:05:00,253,edge trim
400573,PLT06-L1,2026-11-14 10:52:00,251,splice
400574,PLT06-L2,2026-10-19 12:27:00,176,startup waste
400575,PLT06-L2,2026-10-19 06:06:00,389,startup waste
400576,PLT06-L2,2026-10-21 07:59:00,111,contamination
400577,PLT06-L2,2026-10-23 17:32:00,38,reject
400578,PLT06-L2,2026-10-25 17:20:00,71,startup waste
400579,PLT06-L2,2026-10-27 17:47:00,53,splice
400580,PLT06-L2,2026-10-27 13:17:00,385,reject
400581,PLT06-L2,2026-10-27 10:20:00,107,contamination
400582,PLT06-L2,2026-10-29 17:10:00,219,splice
400583,PLT06-L2,2026-10-29 09:57:00,73,startup waste
400584,PLT06-L2,2026-10-29 07:28:00,208,splice
400585,PLT06-L2,2026-10-31 11:43:00,85,contamination
400586,PLT06-L2,2026-10-31 20:44:00,174,startup waste
400587,PLT06-L2,2026-11-02 21:30:00,18,startup waste
400588,PLT06-L2,2026-11-02 15:15:00,393,splice
400589,PLT06-L2,2026-11-04 20:47:00,279,reject
400590,PLT06-L2,2026-11-04 10:00:00,203,startup waste
400591,PLT06-L2,2026-11-04 21:13:00,42,contamination
400592,PLT06-L2,2026-11-06 09:50:00,203,startup waste
400593,PLT06-L2,2026-11-06 18:44:00,37,splice
400594,PLT06-L2,2026-11-08 20:15:00,216,reject
400595,PLT06-L2,2026-11-10 14:53:00,357,splice
400596,PLT06-L2,2026-11-10 16:56:00,228,reject
400597,PLT06-L2,2026-11-12 11:19:00,284,edge trim
400598,PLT06-L2,2026-11-12 07:22:00,305,splice
400599,PLT06-L2,2026-11-12 16:13:00,236,edge trim
400600,PLT06-L2,2026-11-14 19:38:00,323,splice
400601,PLT06-L3,2026-10-19 19:32:00,42,reject
400602,PLT06-L3,2026-10-19 12:57:00,351,contamination
400603,PLT06-L3,2026-10-21 07:23:00,27,contamination
400604,PLT06-L3,2026-10-21 13:48:00,233,splice
400605,PLT06-L3,2026-10-23 11:42:00,352,reject
400606,PLT06-L3,2026-10-23 08:36:00,265,contamination
400607,PLT06-L3,2026-10-25 17:08:00,384,reject
400608,PLT06-L3,2026-10-27 19:16:00,309,splice
400609,PLT06-L3,2026-10-29 17:40:00,71,contamination
400610,PLT06-L3,2026-10-29 19:34:00,45,startup waste
400611,PLT06-L3,2026-10-31 08:36:00,374,splice
400612,PLT06-L3,2026-10-31 09:30:00,13,reject
400613,PLT06-L3,2026-10-31 10:50:00,67,contamination
400614,PLT06-L3,2026-11-02 20:32:00,242,startup waste
400615,PLT06-L3,2026-11-02 12:49:00,394,reject
400616,PLT06-L3,2026-11-04 19:04:00,346,reject
400617,PLT06-L3,2026-11-04 16:36:00,253,contamination
400618,PLT06-L3,2026-11-06 19:18:00,168,edge trim
400619,PLT06-L3,2026-11-06 15:41:00,318,contamination
400620,PLT06-L3,2026-11-06 15:38:00,272,contamination
400621,PLT06-L3,2026-11-08 09:02:00,355,contamination
400622,PLT06-L3,2026-11-08 09:56:00,19,contamination
400623,PLT06-L3,2026-11-08 10:10:00,29,splice
400624,PLT06-L3,2026-11-10 20:16:00,184,splice
400625,PLT06-L3,2026-11-10 15:22:00,400,startup waste
400626,PLT06-L3,2026-11-12 10:21:00,339,splice
400627,PLT06-L3,2026-11-12 13:48:00,91,reject
400628,PLT06-L3,2026-11-14 09:54:00,31,reject
400629,PLT06-L3,2026-11-14 13:27:00,386,reject
400630,PLT06-L3,2026-11-14 15:10:00,172,edge trim
400631,PLT06-L4,2026-10-19 16:39:00,282,edge trim
400632,PLT06-L4,2026-10-21 15:04:00,334,splice
400633,PLT06-L4,2026-10-23 11:03:00,227,edge trim
400634,PLT06-L4,2026-10-23 20:51:00,117,edge trim
400635,PLT06-L4,2026-10-25 16:53:00,66,reject
400636,PLT06-L4,2026-10-25 19:08:00,200,contamination
400637,PLT06-L4,2026-10-25 09:36:00,332,edge trim
400638,PLT06-L4,2026-10-27 11:42:00,30,edge trim
400639,PLT06-L4,2026-10-29 20:20:00,116,contamination
400640,PLT06-L4,2026-10-29 11:26:00,383,edge trim
400641,PLT06-L4,2026-10-29 12:48:00,320,startup waste
400642,PLT06-L4,2026-10-31 19:14:00,317,edge trim
400643,PLT06-L4,2026-10-31 18:09:00,92,splice
400644,PLT06-L4,2026-11-02 07:36:00,242,splice
400645,PLT06-L4,2026-11-02 16:42:00,86,startup waste
400646,PLT06-L4,2026-11-04 08:55:00,220,startup waste
400647,PLT06-L4,2026-11-04 10:48:00,373,splice
400648,PLT06-L4,2026-11-06 11:02:00,306,splice
400649,PLT06-L4,2026-11-08 17:38:00,394,splice
400650,PLT06-L4,2026-11-08 18:10:00,67,splice
400651,PLT06-L4,2026-11-08 19:52:00,387,contamination
400652,PLT06-L4,2026-11-10 20:40:00,290,startup waste
400653,PLT06-L4,2026-11-12 09:57:00,215,startup waste
400654,PLT06-L4,2026-11-12 14:47:00,152,startup waste
400655,PLT06-L4,2026-11-14 14:18:00,62,splice
