order_id,line_id,plant_id,sku_id,sched_start_utc,sched_end_utc,planned_qty
ORD-300001,PLT01-L1,PLT01,SKU-WP36,2026-10-19 11:00:00,2026-10-19 21:00:00,37886
ORD-300002,PLT01-L1,PLT01,SKU-WP36,2026-10-23 13:00:00,2026-10-23 23:00:00,25128
ORD-300003,PLT01-L1,PLT01,SKU-WP36,2026-10-27 15:00:00,2026-10-28 01:00:00,23298
ORD-300004,PLT01-L1,PLT01,SKU-WP36,2026-10-27 20:00:00,2026-10-28 03:00:00,23068
ORD-300005,PLT01-L1,PLT01,SKU-WP36,2026-10-31 11:00:00,2026-10-31 21:00:00,26354
ORD-300006,PLT01-L1,PLT01,SKU-WP36,2026-11-04 14:00:00,2026-11-05 00:00:00,27731
ORD-300007,PLT01-L1,PLT01,SKU-WP36,2026-11-04 19:00:00,2026-11-05 02:00:00,8929
ORD-300008,PLT01-L1,PLT01,SKU-WP36,2026-11-08 16:00:00,2026-11-09 02:00:00,22681
ORD-300009,PLT01-L1,PLT01,SKU-WP36,2026-11-08 21:00:00,2026-11-09 04:00:00,24016
ORD-300010,PLT01-L1,PLT01,SKU-WP36,2026-11-12 12:00:00,2026-11-12 22:00:00,32820
ORD-300011,PLT01-L1,PLT01,SKU-WP36,2026-11-12 17:00:00,2026-11-13 00:00:00,36364
ORD-300012,PLT01-L2,PLT01,SKU-TT18,2026-10-19 11:00:00,2026-10-19 21:00:00,22879
ORD-300013,PLT01-L2,PLT01,SKU-TT18,2026-10-19 16:00:00,2026-10-19 23:00:00,16480
ORD-300014,PLT01-L2,PLT01,SKU-TT18,2026-10-23 13:00:00,2026-10-23 23:00:00,26001
ORD-300015,PLT01-L2,PLT01,SKU-TT18,2026-10-23 18:00:00,2026-10-24 01:00:00,16720
ORD-300016,PLT01-L2,PLT01,SKU-TT18,2026-10-27 15:00:00,2026-10-28 01:00:00,16962
ORD-300017,PLT01-L2,PLT01,SKU-TT18,2026-10-31 11:00:00,2026-10-31 21:00:00,16733
ORD-300018,PLT01-L2,PLT01,SKU-TT18,2026-11-04 14:00:00,2026-11-05 00:00:00,23693
ORD-300019,PLT01-L2,PLT01,SKU-TT18,2026-11-08 16:00:00,2026-11-09 02:00:00,14656
ORD-300020,PLT01-L2,PLT01,SKU-TT18,2026-11-12 12:00:00,2026-11-12 22:00:00,20202
ORD-300021,PLT01-L3,PLT01,SKU-DP32,2026-10-19 11:00:00,2026-10-19 21:00:00,28706
ORD-300022,PLT01-L3,PLT01,SKU-DP32,2026-10-23 13:00:00,2026-10-23 23:00:00,36938
ORD-300023,PLT01-L3,PLT01,SKU-DP32,2026-10-23 18:00:00,2026-10-24 01:00:00,27617
ORD-300024,PLT01-L3,PLT01,SKU-DP32,2026-10-27 15:00:00,2026-10-28 01:00:00,20220
ORD-300025,PLT01-L3,PLT01,SKU-DP32,2026-10-31 11:00:00,2026-10-31 21:00:00,25198
ORD-300026,PLT01-L3,PLT01,SKU-DP32,2026-10-31 16:00:00,2026-10-31 23:00:00,21636
ORD-300027,PLT01-L3,PLT01,SKU-DP32,2026-11-04 14:00:00,2026-11-05 00:00:00,31619
ORD-300028,PLT01-L3,PLT01,SKU-DP32,2026-11-08 16:00:00,2026-11-09 02:00:00,26946
ORD-300029,PLT01-L3,PLT01,SKU-DP32,2026-11-08 21:00:00,2026-11-09 04:00:00,39602
ORD-300030,PLT01-L3,PLT01,SKU-DP32,2026-11-12 12:00:00,2026-11-12 22:00:00,32577
ORD-300031,PLT01-L3,PLT01,SKU-DP32,2026-11-12 17:00:00,2026-11-13 00:00:00,31696
ORD-300032,PLT01-L4,PLT01,SKU-TT12,2026-10-19 11:00:00,2026-10-19 21:00:00,22837
ORD-300033,PLT01-L4,PLT01,SKU-TT12,2026-10-23 13:00:00,2026-10-23 23:00:00,8605
ORD-300034,PLT01-L4,PLT01,SKU-TT12,2026-10-23 18:00:00,2026-10-24 01:00:00,9890
ORD-300035,PLT01-L4,PLT01,SKU-TT12,2026-10-27 15:00:00,2026-10-28 01:00:00,15814
ORD-300036,PLT01-L4,PLT01,SKU-TT12,2026-10-31 11:00:00,2026-10-31 21:00:00,33130
ORD-300037,PLT01-L4,PLT01,SKU-TT12,2026-11-04 14:00:00,2026-11-05 00:00:00,36190
ORD-300038,PLT01-L4,PLT01,SKU-TT12,2026-11-08 16:00:00,2026-11-09 02:00:00,23693
ORD-300039,PLT01-L4,PLT01,SKU-TT12,2026-11-08 21:00:00,2026-11-09 04:00:00,12980
ORD-300040,PLT01-L4,PLT01,SKU-TT12,2026-11-12 12:00:00,2026-11-12 22:00:00,13485
ORD-300041,PLT02-L1,PLT02,SKU-DP40,2026-10-19 10:00:00,2026-10-19 20:00:00,22888
ORD-300042,PLT02-L1,PLT02,SKU-DP40,2026-10-19 15:00:00,2026-10-19 22:00:00,25997
ORD-300043,PLT02-L1,PLT02,SKU-DP40,2026-10-23 12:00:00,2026-10-23 22:00:00,11204
ORD-300044,PLT02-L1,PLT02,SKU-DP40,2026-10-23 17:00:00,2026-10-24 00:00:00,23111
ORD-300045,PLT02-L1,PLT02,SKU-DP40,2026-10-27 14:00:00,2026-10-28 00:00:00,28346
ORD-300046,PLT02-L1,PLT02,SKU-DP40,2026-10-27 19:00:00,2026-10-28 02:00:00,37629
ORD-300047,PLT02-L1,PLT02,SKU-DP40,2026-10-31 10:00:00,2026-10-31 20:00:00,17404
ORD-300048,PLT02-L1,PLT02,SKU-DP40,2026-11-04 13:00:00,2026-11-04 23:00:00,21035
ORD-300049,PLT02-L1,PLT02,SKU-DP40,2026-11-08 15:00:00,2026-11-09 01:00:00,12897
ORD-300050,PLT02-L1,PLT02,SKU-DP40,2026-11-08 20:00:00,2026-11-09 03:00:00,34612
ORD-300051,PLT02-L1,PLT02,SKU-DP40,2026-11-12 11:00:00,2026-11-12 21:00:00,26756
ORD-300052,PLT02-L1,PLT02,SKU-DP40,2026-11-12 16:00:00,2026-11-12 23:00:00,13940
ORD-300053,PLT02-L2,PLT02,SKU-DP40,2026-10-19 10:00:00,2026-10-19 20:00:00,27521
ORD-300054,PLT02-L2,PLT02,SKU-DP40,2026-10-23 12:00:00,2026-10-23 22:00:00,15514
ORD-300055,PLT02-L2,PLT02,SKU-DP40,2026-10-23 17:00:00,2026-10-24 00:00:00,19078
ORD-300056,PLT02-L2,PLT02,SKU-DP40,2026-10-27 14:00:00,2026-10-28 00:00:00,38972
ORD-300057,PLT02-L2,PLT02,SKU-DP40,2026-10-27 19:00:00,2026-10-28 02:00:00,11534
ORD-300058,PLT02-L2,PLT02,SKU-DP40,2026-10-31 10:00:00,2026-10-31 20:00:00,35569
ORD-300059,PLT02-L2,PLT02,SKU-DP40,2026-10-31 15:00:00,2026-10-31 22:00:00,39796
ORD-300060,PLT02-L2,PLT02,SKU-DP40,2026-11-04 13:00:00,2026-11-04 23:00:00,33530
ORD-300061,PLT02-L2,PLT02,SKU-DP40,2026-11-08 15:00:00,2026-11-09 01:00:00,35324
ORD-300062,PLT02-L2,PLT02,SKU-DP40,2026-11-12 11:00:00,2026-11-12 21:00:00,15986
ORD-300063,PLT02-L2,PLT02,SKU-DP40,2026-11-12 16:00:00,2026-11-12 23:00:00,37347
ORD-300064,PLT02-L3,PLT02,SKU-TT24,2026-10-19 10:00:00,2026-10-19 20:00:00,34887
ORD-300065,PLT02-L3,PLT02,SKU-TT24,2026-10-23 12:00:00,2026-10-23 22:00:00,15652
ORD-300066,PLT02-L3,PLT02,SKU-TT24,2026-10-23 17:00:00,2026-10-24 00:00:00,34779
ORD-300067,PLT02-L3,PLT02,SKU-TT24,2026-10-27 14:00:00,2026-10-28 00:00:00,27010
ORD-300068,PLT02-L3,PLT02,SKU-TT24,2026-10-27 19:00:00,2026-10-28 02:00:00,32418
ORD-300069,PLT02-L3,PLT02,SKU-TT24,2026-10-31 10:00:00,2026-10-31 20:00:00,38245
ORD-300070,PLT02-L3,PLT02,SKU-TT24,2026-11-04 13:00:00,2026-11-04 23:00:00,31404
ORD-300071,PLT02-L3,PLT02,SKU-TT24,2026-11-04 18:00:00,2026-11-05 01:00:00,34866
ORD-300072,PLT02-L3,PLT02,SKU-TT24,2026-11-08 15:00:00,2026-11-09 01:00:00,14563
ORD-300073,PLT02-L3,PLT02,SKU-TT24,2026-11-08 20:00:00,2026-11-09 03:00:00,38753
ORD-300074,PLT02-L3,PLT02,SKU-TT24,2026-11-12 11:00:00,2026-11-12 21:00:00,25073
ORD-300075,PLT02-L4,PLT02,SKU-WP36,2026-10-19 10:00:00,2026-10-19 20:00:00,21370
ORD-300076,PLT02-L4,PLT02,SKU-WP36,2026-10-19 15:00:00,2026-10-19 22:00:00,26300
ORD-300077,PLT02-L4,PLT02,SKU-WP36,2026-10-23 12:00:00,2026-10-23 22:00:00,9494
ORD-300078,PLT02-L4,PLT02,SKU-WP36,2026-10-23 17:00:00,2026-10-24 00:00:00,10570
ORD-300079,PLT02-L4,PLT02,SKU-WP36,2026-10-27 14:00:00,2026-10-28 00:00:00,35706
ORD-300080,PLT02-L4,PLT02,SKU-WP36,2026-10-27 19:00:00,2026-10-28 02:00:00,39569
ORD-300081,PLT02-L4,PLT02,SKU-WP36,2026-10-31 10:00:00,2026-10-31 20:00:00,31675
ORD-300082,PLT02-L4,PLT02,SKU-WP36,2026-10-31 15:00:00,2026-10-31 22:00:00,34964
ORD-300083,PLT02-L4,PLT02,SKU-WP36,2026-11-04 13:00:00,2026-11-04 23:00:00,29775
ORD-300084,PLT02-L4,PLT02,SKU-WP36,2026-11-04 18:00:00,2026-11-05 01:00:00,20899
ORD-300085,PLT02-L4,PLT02,SKU-WP36,2026-11-08 15:00:00,2026-11-09 01:00:00,35247
ORD-300086,PLT02-L4,PLT02,SKU-WP36,2026-11-12 11:00:00,2026-11-12 21:00:00,19537
ORD-300087,PLT03-L1,PLT03,SKU-FT30,2026-10-19 13:00:00,2026-10-19 23:00:00,10676
ORD-300088,PLT03-L1,PLT03,SKU-FT30,2026-10-19 18:00:00,2026-10-20 01:00:00,13419
ORD-300089,PLT03-L1,PLT03,SKU-FT30,2026-10-23 15:00:00,2026-10-24 01:00:00,24276
ORD-300090,PLT03-L1,PLT03,SKU-FT30,2026-10-27 17:00:00,2026-10-28 03:00:00,17514
ORD-300091,PLT03-L1,PLT03,SKU-FT30,2026-10-27 22:00:00,2026-10-28 05:00:00,37724
ORD-300092,PLT03-L1,PLT03,SKU-FT30,2026-10-31 13:00:00,2026-10-31 23:00:00,17735
ORD-300093,PLT03-L1,PLT03,SKU-FT30,2026-11-04 16:00:00,2026-11-05 02:00:00,28196
ORD-300094,PLT03-L1,PLT03,SKU-FT30,2026-11-08 18:00:00,2026-11-09 04:00:00,38106
ORD-300095,PLT03-L1,PLT03,SKU-FT30,2026-11-08 23:00:00,2026-11-09 06:00:00,29442
ORD-300096,PLT03-L1,PLT03,SKU-FT30,2026-11-12 14:00:00,2026-11-13 00:00:00,28674
ORD-300097,PLT03-L1,PLT03,SKU-FT30,2026-11-12 19:00:00,2026-11-13 02:00:00,35122
ORD-300098,PLT03-L2,PLT03,SKU-TT24,2026-10-19 13:00:00,2026-10-19 23:00:00,38223
ORD-300099,PLT03-L2,PLT03,SKU-TT24,2026-10-23 15:00:00,2026-10-24 01:00:00,24173
ORD-300100,PLT03-L2,PLT03,SKU-TT24,2026-10-23 20:00:00,2026-10-24 03:00:00,19166
ORD-300101,PLT03-L2,PLT03,SKU-TT24,2026-10-27 17:00:00,2026-10-28 03:00:00,8477
ORD-300102,PLT03-L2,PLT03,SKU-TT24,2026-10-27 22:00:00,2026-10-28 05:00:00,18048
ORD-300103,PLT03-L2,PLT03,SKU-TT24,2026-10-31 13:00:00,2026-10-31 23:00:00,33835
ORD-300104,PLT03-L2,PLT03,SKU-TT24,2026-11-04 16:00:00,2026-11-05 02:00:00,35938
ORD-300105,PLT03-L2,PLT03,SKU-TT24,2026-11-08 18:00:00,2026-11-09 04:00:00,35145
ORD-300106,PLT03-L2,PLT03,SKU-TT24,2026-11-08 23:00:00,2026-11-09 06:00:00,33330
ORD-300107,PLT03-L2,PLT03,SKU-TT24,2026-11-12 14:00:00,2026-11-13 00:00:00,20585
ORD-300108,PLT03-L3,PLT03,SKU-DP40,2026-10-19 13:00:00,2026-10-19 23:00:00,33116
ORD-300109,PLT03-L3,PLT03,SKU-DP40,2026-10-23 15:00:00,2026-10-24 01:00:00,18156
ORD-300110,PLT03-L3,PLT03,SKU-DP40,2026-10-27 17:00:00,2026-10-28 03:00:00,36264
ORD-300111,PLT03-L3,PLT03,SKU-DP40,2026-10-31 13:00:00,2026-10-31 23:00:00,9817
ORD-300112,PLT03-L3,PLT03,SKU-DP40,2026-10-31 18:00:00,2026-11-01 01:00:00,9936
ORD-300113,PLT03-L3,PLT03,SKU-DP40,2026-11-04 16:00:00,2026-11-05 02:00:00,29428
ORD-300114,PLT03-L3,PLT03,SKU-DP40,2026-11-08 18:00:00,2026-11-09 04:00:00,38470
ORD-300115,PLT03-L3,PLT03,SKU-DP40,2026-11-12 14:00:00,2026-11-13 00:00:00,34562
ORD-300116,PLT03-L3,PLT03,SKU-DP40,2026-11-12 19:00:00,2026-11-13 02:00:00,17382
ORD-300117,PLT03-L4,PLT03,SKU-TT12,2026-10-19 13:00:00,2026-10-19 23:00:00,34592
ORD-300118,PLT03-L4,PLT03,SKU-TT12,2026-10-23 15:00:00,2026-10-24 01:00:00,9984
ORD-300119,PLT03-L4,PLT03,SKU-TT12,2026-10-27 17:00:00,2026-10-28 03:00:00,24617
ORD-300120,PLT03-L4,PLT03,SKU-TT12,2026-10-31 13:00:00,2026-10-31 23:00:00,13428
ORD-300121,PLT03-L4,PLT03,SKU-TT12,2026-10-31 18:00:00,2026-11-01 01:00:00,34741
ORD-300122,PLT03-L4,PLT03,SKU-TT12,2026-11-04 16:00:00,2026-11-05 02:00:00,21841
ORD-300123,PLT03-L4,PLT03,SKU-TT12,2026-11-08 18:00:00,2026-11-09 04:00:00,24833
ORD-300124,PLT03-L4,PLT03,SKU-TT12,2026-11-08 23:00:00,2026-11-09 06:00:00,20523
ORD-300125,PLT03-L4,PLT03,SKU-TT12,2026-11-12 14:00:00,2026-11-13 00:00:00,37966
ORD-300126,PLT04-L1,PLT04,SKU-DP40,2026-10-19 12:00:00,2026-10-19 22:00:00,17410
ORD-300127,PLT04-L1,PLT04,SKU-DP40,2026-10-23 14:00:00,2026-10-24 00:00:00,26114
ORD-300128,PLT04-L1,PLT04,SKU-DP40,2026-10-23 19:00:00,2026-10-24 02:00:00,11706
ORD-300129,PLT04-L1,PLT04,SKU-DP40,2026-10-27 16:00:00,2026-10-28 02:00:00,9389
ORD-300130,PLT04-L1,PLT04,SKU-DP40,2026-10-31 12:00:00,2026-10-31 22:00:00,28986
ORD-300131,PLT04-L1,PLT04,SKU-DP40,2026-11-04 14:00:00,2026-11-05 00:00:00,9593
ORD-300132,PLT04-L1,PLT04,SKU-DP40,2026-11-04 19:00:00,2026-11-05 02:00:00,27508
ORD-300133,PLT04-L1,PLT04,SKU-DP40,2026-11-08 16:00:00,2026-11-09 02:00:00,8917
ORD-300134,PLT04-L1,PLT04,SKU-DP40,2026-11-12 12:00:00,2026-11-12 22:00:00,30906
ORD-300135,PLT04-L1,PLT04,SKU-DP40,2026-11-12 17:00:00,2026-11-13 00:00:00,15847
ORD-300136,PLT04-L2,PLT04,SKU-WP36,2026-10-19 12:00:00,2026-10-19 22:00:00,31646
ORD-300137,PLT04-L2,PLT04,SKU-WP36,2026-10-19 17:00:00,2026-10-20 00:00:00,22495
ORD-300138,PLT04-L2,PLT04,SKU-WP36,2026-10-23 14:00:00,2026-10-24 00:00:00,31323
ORD-300139,PLT04-L2,PLT04,SKU-WP36,2026-10-27 16:00:00,2026-10-28 02:00:00,18103
ORD-300140,PLT04-L2,PLT04,SKU-WP36,2026-10-27 21:00:00,2026-10-28 04:00:00,20645
ORD-300141,PLT04-L2,PLT04,SKU-WP36,2026-10-31 12:00:00,2026-10-31 22:00:00,14551
ORD-300142,PLT04-L2,PLT04,SKU-WP36,2026-11-04 14:00:00,2026-11-05 00:00:00,31542
ORD-300143,PLT04-L2,PLT04,SKU-WP36,2026-11-04 19:00:00,2026-11-05 02:00:00,34997
ORD-300144,PLT04-L2,PLT04,SKU-WP36,2026-11-08 16:00:00,2026-11-09 02:00:00,19799
ORD-300145,PLT04-L2,PLT04,SKU-WP36,2026-11-08 21:00:00,2026-11-09 04:00:00,37947
ORD-300146,PLT04-L2,PLT04,SKU-WP36,2026-11-12 12:00:00,2026-11-12 22:00:00,14492
ORD-300147,PLT04-L2,PLT04,SKU-WP36,2026-11-12 17:00:00,2026-11-13 00:00:00,35974
ORD-300148,PLT04-L3,PLT04,SKU-TT18,2026-10-19 12:00:00,2026-10-19 22:00:00,11640
ORD-300149,PLT04-L3,PLT04,SKU-TT18,2026-10-23 14:00:00,2026-10-24 00:00:00,8997
ORD-300150,PLT04-L3,PLT04,SKU-TT18,2026-10-23 19:00:00,2026-10-24 02:00:00,32876
ORD-300151,PLT04-L3,PLT04,SKU-TT18,2026-10-27 16:00:00,2026-10-28 02:00:00,36179
ORD-300152,PLT04-L3,PLT04,SKU-TT18,2026-10-27 21:00:00,2026-10-28 04:00:00,37454
ORD-300153,PLT04-L3,PLT04,SKU-TT18,2026-10-31 12:00:00,2026-10-31 22:00:00,32970
ORD-300154,PLT04-L3,PLT04,SKU-TT18,2026-10-31 17:00:00,2026-11-01 00:00:00,25788
ORD-300155,PLT04-L3,PLT04,SKU-TT18,2026-11-04 14:00:00,2026-11-05 00:00:00,25818
ORD-300156,PLT04-L3,PLT04,SKU-TT18,2026-11-04 19:00:00,2026-11-05 02:00:00,21529
ORD-300157,PLT04-L3,PLT04,SKU-TT18,2026-11-08 16:00:00,2026-11-09 02:00:00,14717
ORD-300158,PLT04-L3,PLT04,SKU-TT18,2026-11-12 12:00:00,2026-11-12 22:00:00,25467
ORD-300159,PLT04-L3,PLT04,SKU-TT18,2026-11-12 17:00:00,2026-11-13 00:00:00,30249
ORD-300160,PLT04-L4,PLT04,SKU-TT18,2026-10-19 12:00:00,2026-10-19 22:00:00,24334
ORD-300161,PLT04-L4,PLT04,SKU-TT18,2026-10-19 17:00:00,2026-10-20 00:00:00,14190
ORD-300162,PLT04-L4,PLT04,SKU-TT18,2026-10-23 14:00:00,2026-10-24 00:00:00,26762
ORD-300163,PLT04-L4,PLT04,SKU-TT18,2026-10-27 16:00:00,2026-10-28 02:00:00,16761
ORD-300164,PLT04-L4,PLT04,SKU-TT18,2026-10-27 21:00:00,2026-10-28 04:00:00,18399
ORD-300165,PLT04-L4,PLT04,SKU-TT18,2026-10-31 12:00:00,2026-10-31 22:00:00,33308
ORD-300166,PLT04-L4,PLT04,SKU-TT18,2026-10-31 17:00:00,2026-11-01 00:00:00,9903
ORD-300167,PLT04-L4,PLT04,SKU-TT18,2026-11-04 14:00:00,2026-11-05 00:00:00,19629
ORD-300168,PLT04-L4,PLT04,SKU-TT18,2026-11-04 19:00:00,2026-11-05 02:00:00,18076
ORD-300169,PLT04-L4,PLT04,SKU-TT18,2026-11-08 16:00:00,2026-11-09 02:00:00,28841
ORD-300170,PLT04-L4,PLT04,SKU-TT18,2026-11-08 21:00:00,2026-11-09 04:00:00,13057
ORD-300171,PLT04-L4,PLT04,SKU-TT18,2026-11-12 12:00:00,2026-11-12 22:00:00,22671
ORD-300172,PLT04-L4,PLT04,SKU-TT18,2026-11-12 17:00:00,2026-11-13 00:00:00,28750
ORD-300173,PLT05-L1,PLT05,SKU-WP12,2026-10-19 09:00:00,2026-10-19 19:00:00,11068
ORD-300174,PLT05-L1,PLT05,SKU-WP12,2026-10-23 11:00:00,2026-10-23 21:00:00,34532
ORD-300175,PLT05-L1,PLT05,SKU-WP12,2026-10-27 13:00:00,2026-10-27 23:00:00,26688
ORD-300176,PLT05-L1,PLT05,SKU-WP12,2026-10-27 18:00:00,2026-10-28 01:00:00,10663
ORD-300177,PLT05-L1,PLT05,SKU-WP12,2026-10-31 09:00:00,2026-10-31 19:00:00,36595
ORD-300178,PLT05-L1,PLT05,SKU-WP12,2026-10-31 14:00:00,2026-10-31 21:00:00,31136
ORD-300179,PLT05-L1,PLT05,SKU-WP12,2026-11-04 11:00:00,2026-11-04 21:00:00,20870
ORD-300180,PLT05-L1,PLT05,SKU-WP12,2026-11-04 16:00:00,2026-11-04 23:00:00,20060
ORD-300181,PLT05-L1,PLT05,SKU-WP12,2026-11-08 13:00:00,2026-11-08 23:00:00,27740
ORD-300182,PLT05-L1,PLT05,SKU-WP12,2026-11-08 18:00:00,2026-11-09 01:00:00,12859
ORD-300183,PLT05-L1,PLT05,SKU-WP12,2026-11-12 09:00:00,2026-11-12 19:00:00,24671
ORD-300184,PLT05-L1,PLT05,SKU-WP12,2026-11-12 14:00:00,2026-11-12 21:00:00,26719
ORD-300185,PLT05-L2,PLT05,SKU-DP40,2026-10-19 09:00:00,2026-10-19 19:00:00,16966
ORD-300186,PLT05-L2,PLT05,SKU-DP40,2026-10-19 14:00:00,2026-10-19 21:00:00,18230
ORD-300187,PLT05-L2,PLT05,SKU-DP40,2026-10-23 11:00:00,2026-10-23 21:00:00,12335
ORD-300188,PLT05-L2,PLT05,SKU-DP40,2026-10-23 16:00:00,2026-10-23 23:00:00,34388
ORD-300189,PLT05-L2,PLT05,SKU-DP40,2026-10-27 13:00:00,2026-10-27 23:00:00,34072
ORD-300190,PLT05-L2,PLT05,SKU-DP40,2026-10-27 18:00:00,2026-10-28 01:00:00,28226
ORD-300191,PLT05-L2,PLT05,SKU-DP40,2026-10-31 09:00:00,2026-10-31 19:00:00,13835
ORD-300192,PLT05-L2,PLT05,SKU-DP40,2026-10-31 14:00:00,2026-10-31 21:00:00,17035
ORD-300193,PLT05-L2,PLT05,SKU-DP40,2026-11-04 11:00:00,2026-11-04 21:00:00,11269
ORD-300194,PLT05-L2,PLT05,SKU-DP40,2026-11-08 13:00:00,2026-11-08 23:00:00,8162
ORD-300195,PLT05-L2,PLT05,SKU-DP40,2026-11-12 09:00:00,2026-11-12 19:00:00,20281
ORD-300196,PLT05-L2,PLT05,SKU-DP40,2026-11-12 14:00:00,2026-11-12 21:00:00,32607
ORD-300197,PLT05-L3,PLT05,SKU-DP32,2026-10-19 09:00:00,2026-10-19 19:00:00,27844
ORD-300198,PLT05-L3,PLT05,SKU-DP32,2026-10-19 14:00:00,2026-10-19 21:00:00,21162
ORD-300199,PLT05-L3,PLT05,SKU-DP32,2026-10-23 11:00:00,2026-10-23 21:00:00,26715
ORD-300200,PLT05-L3,PLT05,SKU-DP32,2026-10-27 13:00:00,2026-10-27 23:00:00,14711
ORD-300201,PLT05-L3,PLT05,SKU-DP32,2026-10-31 09:00:00,2026-10-31 19:00:00,17774
ORD-300202,PLT05-L3,PLT05,SKU-DP32,2026-10-31 14:00:00,2026-10-31 21:00:00,35966
ORD-300203,PLT05-L3,PLT05,SKU-DP32,2026-11-04 11:00:00,2026-11-04 21:00:00,24424
ORD-300204,PLT05-L3,PLT05,SKU-DP32,2026-11-08 13:00:00,2026-11-08 23:00:00,29329
ORD-300205,PLT05-L3,PLT05,SKU-DP32,2026-11-12 09:00:00,2026-11-12 19:00:00,33152
ORD-300206,PLT05-L3,PLT05,SKU-DP32,2026-11-12 14:00:00,2026-11-12 21:00:00,14610
ORD-300207,PLT05-L4,PLT05,SKU-TT12,2026-10-19 09:00:00,2026-10-19 19:00:00,36401
ORD-300208,PLT05-L4,PLT05,SKU-TT12,2026-10-23 11:00:00,2026-10-23 21:00:00,23653
ORD-300209,PLT05-L4,PLT05,SKU-TT12,2026-10-23 16:00:00,2026-10-23 23:00:00,36299
ORD-300210,PLT05-L4,PLT05,SKU-TT12,2026-10-27 13:00:00,2026-10-27 23:00:00,37897
ORD-300211,PLT05-L4,PLT05,SKU-TT12,2026-10-27 18:00:00,2026-10-28 01:00:00,34592
ORD-300212,PLT05-L4,PLT05,SKU-TT12,2026-10-31 09:00:00,2026-10-31 19:00:00,37820
ORD-300213,PLT05-L4,PLT05,SKU-TT12,2026-11-04 11:00:00,2026-11-04 21:00:00,36210
ORD-300214,PLT05-L4,PLT05,SKU-TT12,2026-11-04 16:00:00,2026-11-04 23:00:00,8689
ORD-300215,PLT05-L4,PLT05,SKU-TT12,2026-11-08 13:00:00,2026-11-08 23:00:00,29056
ORD-300216,PLT05-L4,PLT05,SKU-TT12,2026-11-12 09:00:00,2026-11-12 19:00:00,9462
ORD-300217,PLT06-L1,PLT06,SKU-TT18,2026-10-19 05:00:00,2026-10-19 15:00:00,24343
ORD-300218,PLT06-L1,PLT06,SKU-TT18,2026-10-19 10:00:00,2026-10-19 17:00:00,32989
ORD-300219,PLT06-L1,PLT06,SKU-TT18,2026-10-23 07:00:00,2026-10-23 17:00:00,23928
ORD-300220,PLT06-L1,PLT06,SKU-TT18,2026-10-27 10:00:00,2026-10-27 20:00:00,39228
ORD-300221,PLT06-L1,PLT06,SKU-TT18,2026-10-27 15:00:00,2026-10-27 22:00:00,17357
ORD-300222,PLT06-L1,PLT06,SKU-TT18,2026-10-31 06:00:00,2026-10-31 16:00:00,13157
ORD-300223,PLT06-L1,PLT06,SKU-TT18,2026-11-04 08:00:00,2026-11-04 18:00:00,33227
ORD-300224,PLT06-L1,PLT06,SKU-TT18,2026-11-04 13:00:00,2026-11-04 20:00:00,25885
ORD-300225,PLT06-L1,PLT06,SKU-TT18,2026-11-08 10:00:00,2026-11-08 20:00:00,21343
ORD-300226,PLT06-L1,PLT06,SKU-TT18,2026-11-12 06:00:00,2026-11-12 16:00:00,28296
ORD-300227,PLT06-L2,PLT06,SKU-FT30,2026-10-19 05:00:00,2026-10-19 15:00:00,39307
ORD-300228,PLT06-L2,PLT06,SKU-FT30,2026-10-23 07:00:00,2026-10-23 17:00:00,37295
ORD-300229,PLT06-L2,PLT06,SKU-FT30,2026-10-27 10:00:00,2026-10-27 20:00:00,34097
ORD-300230,PLT06-L2,PLT06,SKU-FT30,2026-10-31 06:00:00,2026-10-31 16:00:00,17495
ORD-300231,PLT06-L2,PLT06,SKU-FT30,2026-10-31 11:00:00,2026-10-31 18:00:00,10646
ORD-300232,PLT06-L2,PLT06,SKU-FT30,2026-11-04 08:00:00,2026-11-04 18:00:00,11833
ORD-300233,PLT06-L2,PLT06,SKU-FT30,2026-11-04 13:00:00,2026-11-04 20:00:00,34697
ORD-300234,PLT06-L2,PLT06,SKU-FT30,2026-11-08 10:00:00,2026-11-08 20:00:00,38030
ORD-300235,PLT06-L2,PLT06,SKU-FT30,2026-11-12 06:00:00,2026-11-12 16:00:00,9556
ORD-300236,PLT06-L3,PLT06,SKU-WP12,2026-10-19 05:00:00,2026-10-19 15:00:00,35995
ORD-300237,PLT06-L3,PLT06,SKU-WP12,2026-10-23 07:00:00,2026-10-23 17:00:00,14028
ORD-300238,PLT06-L3,PLT06,SKU-WP12,2026-10-27 10:00:00,2026-10-27 20:00:00,14828
ORD-300239,PLT06-L3,PLT06,SKU-WP12,2026-10-31 06:00:00,2026-10-31 16:00:00,27023
ORD-300240,PLT06-L3,PLT06,SKU-WP12,2026-11-04 08:00:00,2026-11-04 18:00:00,25410
ORD-300241,PLT06-L3,PLT06,SKU-WP12,2026-11-04 13:00:00,2026-11-04 20:00:00,13594
ORD-300242,PLT06-L3,PLT06,SKU-WP12,2026-11-08 10:00:00,2026-11-08 20:00:00,29612
ORD-300243,PLT06-L3,PLT06,SKU-WP12,2026-11-08 15:00:00,2026-11-08 22:00:00,27811
ORD-300244,PLT06-L3,PLT06,SKU-WP12,2026-11-12 06:00:00,2026-11-12 16:00:00,8188
ORD-300245,PLT06-L4,PLT06,SKU-WP36,2026-10-19 05:00:00,2026-10-19 15:00:00,20636
ORD-300246,PLT06-L4,PLT06,SKU-WP36,2026-10-23 07:00:00,2026-10-23 17:00:00,37585
ORD-300247,PLT06-L4,PLT06,SKU-WP36,2026-10-27 10:00:00,2026-10-27 20:00:00,37456
ORD-300248,PLT06-L4,PLT06,SKU-WP36,2026-10-31 06:00:00,2026-10-31 16:00:00,20347
ORD-300249,PLT06-L4,PLT06,SKU-WP36,2026-10-31 11:00:00,2026-10-31 18:00:00,9877
ORD-300250,PLT06-L4,PLT06,SKU-WP36,2026-11-04 08:00:00,2026-11-04 18:00:00,31502
ORD-300251,PLT06-L4,PLT06,SKU-WP36,2026-11-04 13:00:00,2026-11-04 20:00:00,10439
ORD-300252,PLT06-L4,PLT06,SKU-WP36,2026-11-08 10:00:00,2026-11-08 20:00:00,14721
ORD-300253,PLT06-L4,PLT06,SKU-WP36,2026-11-08 15:00:00,2026-11-08 22:00:00,25002
ORD-300254,PLT06-L4,PLT06,SKU-WP36,2026-11-12 06:00:00,2026-11-12 16:00:00,15448
ORD-300255,PLT06-L4,PLT06,SKU-WP36,2026-11-12 11:00:00,2026-11-12 18:00:00,26221
