sample_id,line_id,sample_ts_utc,units_per_min
200001,PLT01-L1,2026-10-19 13:47:00,181.1
200002,PLT01-L1,2026-10-19 19:59:00,175.8
200003,PLT01-L1,2026-10-20 01:01:00,210.8
200004,PLT01-L1,2026-10-22 13:52:00,214.7
200005,PLT01-L1,2026-10-22 19:52:00,199.2
200006,PLT01-L1,2026-10-23 01:53:00,309.4
200007,PLT01-L1,2026-10-25 13:32:00,168.5
200008,PLT01-L1,2026-10-25 19:11:00,253.6
200009,PLT01-L1,2026-10-26 01:01:00,206.7
200010,PLT01-L1,2026-10-28 13:47:00,211.5
200011,PLT01-L1,2026-10-28 19:02:00,224.3
200012,PLT01-L1,2026-10-29 01:56:00,157.1
200013,PLT01-L1,2026-10-31 13:32:00,250.9
200014,PLT01-L1,2026-10-31 19:50:00,150.6
200015,PLT01-L1,2026-11-01 01:07:00,255.5
200016,PLT01-L1,2026-11-03 14:24:00,163.7
200017,PLT01-L1,2026-11-03 20:05:00,180.2
200018,PLT01-L1,2026-11-04 02:06:00,135.1
200019,PLT01-L1,2026-11-06 14:34:00,215.2
200020,PLT01-L1,2026-11-06 20:47:00,295.0
200021,PLT01-L1,2026-11-07 02:05:00,288.4
200022,PLT01-L1,2026-11-09 14:16:00,277.0
200023,PLT01-L1,2026-11-09 20:10:00,207.9
200024,PLT01-L1,2026-11-10 02:40:00,307.7
200025,PLT01-L1,2026-11-12 14:59:00,166.8
200026,PLT01-L1,2026-11-12 20:14:00,144.4
200027,PLT01-L1,2026-11-13 02:05:00,308.1
200028,PLT01-L1,2026-11-15 14:57:00,154.6
200029,PLT01-L1,2026-11-15 20:46:00,193.3
200030,PLT01-L1,2026-11-16 02:40:00,285.6
200031,PLT01-L2,2026-10-19 13:54:00,228.8
200032,PLT01-L2,2026-10-19 19:41:00,182.4
200033,PLT01-L2,2026-10-20 01:52:00,240.3
200034,PLT01-L2,2026-10-22 13:29:00,131.6
200035,PLT01-L2,2026-10-22 19:58:00,303.3
200036,PLT01-L2,2026-10-23 01:24:00,313.6
200037,PLT01-L2,2026-10-25 13:06:00,309.4
200038,PLT01-L2,2026-10-25 19:10:00,291.4
200039,PLT01-L2,2026-10-26 01:21:00,212.3
200040,PLT01-L2,2026-10-28 13:30:00,235.5
200041,PLT01-L2,2026-10-28 19:31:00,308.1
200042,PLT01-L2,2026-10-29 01:03:00,182.2
200043,PLT01-L2,2026-10-31 13:16:00,296.3
200044,PLT01-L2,2026-10-31 19:55:00,146.7
200045,PLT01-L2,2026-11-01 01:00:00,148.2
200046,PLT01-L2,2026-11-03 14:45:00,179.0
200047,PLT01-L2,2026-11-03 20:34:00,318.8
200048,PLT01-L2,2026-11-04 02:58:00,209.1
200049,PLT01-L2,2026-11-06 14:19:00,307.0
200050,PLT01-L2,2026-11-06 20:28:00,173.9
200051,PLT01-L2,2026-11-07 02:31:00,126.8
200052,PLT01-L2,2026-11-09 14:09:00,181.5
200053,PLT01-L2,2026-11-09 20:35:00,282.1
200054,PLT01-L2,2026-11-10 02:43:00,183.4
200055,PLT01-L2,2026-11-12 14:16:00,229.6
200056,PLT01-L2,2026-11-12 20:36:00,192.0
200057,PLT01-L2,2026-11-13 02:58:00,291.0
200058,PLT01-L2,2026-11-15 14:06:00,164.8
200059,PLT01-L2,2026-11-15 20:10:00,187.0
200060,PLT01-L2,2026-11-16 02:50:00,271.9
200061,PLT01-L3,2026-10-19 13:52:00,305.4
200062,PLT01-L3,2026-10-19 19:55:00,290.3
200063,PLT01-L3,2026-10-20 01:46:00,197.8
200064,PLT01-L3,2026-10-22 13:31:00,125.1
200065,PLT01-L3,2026-10-22 19:26:00,245.2
200066,PLT01-L3,2026-10-23 01:59:00,226.8
200067,PLT01-L3,2026-10-25 13:56:00,268.1
200068,PLT01-L3,2026-10-25 19:27:00,245.8
200069,PLT01-L3,2026-10-26 01:49:00,159.3
200070,PLT01-L3,2026-10-28 13:01:00,295.7
200071,PLT01-L3,2026-10-28 19:42:00,246.9
200072,PLT01-L3,2026-10-29 01:09:00,141.8
200073,PLT01-L3,2026-10-31 13:23:00,199.6
200074,PLT01-L3,2026-10-31 19:11:00,170.7
200075,PLT01-L3,2026-11-01 01:23:00,287.4
200076,PLT01-L3,2026-11-03 14:56:00,285.8
200077,PLT01-L3,2026-11-03 20:49:00,306.5
200078,PLT01-L3,2026-11-04 02:13:00,253.5
200079,PLT01-L3,2026-11-06 14:44:00,316.5
200080,PLT01-L3,2026-11-06 20:21:00,198.6
200081,PLT01-L3,2026-11-07 02:03:00,187.8
200082,PLT01-L3,2026-11-09 14:11:00,140.4
200083,PLT01-L3,2026-11-09 20:50:00,231.9
200084,PLT01-L3,2026-11-10 02:10:00,227.1
200085,PLT01-L3,2026-11-12 14:49:00,203.5
200086,PLT01-L3,2026-11-12 20:07:00,128.4
200087,PLT01-L3,2026-11-13 02:05:00,140.3
200088,PLT01-L3,2026-11-15 14:34:00,242.0
200089,PLT01-L3,2026-11-15 20:51:00,295.4
200090,PLT01-L3,2026-11-16 02:51:00,127.5
200091,PLT01-L4,2026-10-19 13:48:00,197.9
200092,PLT01-L4,2026-10-19 19:44:00,194.7
200093,PLT01-L4,2026-10-20 01:18:00,151.5
200094,PLT01-L4,2026-10-22 13:55:00,249.7
200095,PLT01-L4,2026-10-22 19:02:00,222.9
200096,PLT01-L4,2026-10-23 01:32:00,147.6
200097,PLT01-L4,2026-10-25 13:02:00,132.7
200098,PLT01-L4,2026-10-25 19:37:00,265.4
200099,PLT01-L4,2026-10-26 01:27:00,124.7
200100,PLT01-L4,2026-10-28 13:44:00,159.7
200101,PLT01-L4,2026-10-28 19:59:00,261.3
200102,PLT01-L4,2026-10-29 01:40:00,310.5
200103,PLT01-L4,2026-10-31 13:32:00,188.5
200104,PLT01-L4,2026-10-31 19:44:00,264.7
200105,PLT01-L4,2026-11-01 01:30:00,135.3
200106,PLT01-L4,2026-11-03 14:08:00,144.2
200107,PLT01-L4,2026-11-03 20:07:00,173.3
200108,PLT01-L4,2026-11-04 02:41:00,164.8
200109,PLT01-L4,2026-11-06 14:03:00,140.3
200110,PLT01-L4,2026-11-06 20:57:00,276.6
200111,PLT01-L4,2026-11-07 02:22:00,239.5
200112,PLT01-L4,2026-11-09 14:25:00,287.1
200113,PLT01-L4,2026-11-09 20:34:00,136.4
200114,PLT01-L4,2026-11-10 02:23:00,280.0
200115,PLT01-L4,2026-11-12 14:38:00,199.6
200116,PLT01-L4,2026-11-12 20:16:00,145.4
200117,PLT01-L4,2026-11-13 02:34:00,202.8
200118,PLT01-L4,2026-11-15 14:11:00,218.1
200119,PLT01-L4,2026-11-15 20:07:00,170.5
200120,PLT01-L4,2026-11-16 02:23:00,243.1
200121,PLT02-L1,2026-10-19 12:56:00,167.2
200122,PLT02-L1,2026-10-19 18:48:00,285.0
200123,PLT02-L1,2026-10-20 00:39:00,203.8
200124,PLT02-L1,2026-10-22 12:10:00,193.9
200125,PLT02-L1,2026-10-22 18:54:00,312.5
200126,PLT02-L1,2026-10-23 00:30:00,273.8
200127,PLT02-L1,2026-10-25 12:32:00,160.1
200128,PLT02-L1,2026-10-25 18:44:00,303.9
200129,PLT02-L1,2026-10-26 00:40:00,162.2
200130,PLT02-L1,2026-10-28 12:39:00,261.8
200131,PLT02-L1,2026-10-28 18:15:00,168.2
200132,PLT02-L1,2026-10-29 00:13:00,163.7
200133,PLT02-L1,2026-10-31 12:50:00,192.1
200134,PLT02-L1,2026-10-31 18:40:00,149.8
200135,PLT02-L1,2026-11-01 00:23:00,249.0
200136,PLT02-L1,2026-11-03 13:16:00,129.6
200137,PLT02-L1,2026-11-03 19:56:00,126.6
200138,PLT02-L1,2026-11-04 01:35:00,289.9
200139,PLT02-L1,2026-11-06 13:04:00,237.3
200140,PLT02-L1,2026-11-06 19:26:00,183.1
200141,PLT02-L1,2026-11-07 01:01:00,171.9
200142,PLT02-L1,2026-11-09 13:39:00,315.7
200143,PLT02-L1,2026-11-09 19:54:00,157.3
200144,PLT02-L1,2026-11-10 01:38:00,256.1
200145,PLT02-L1,2026-11-12 13:29:00,239.8
200146,PLT02-L1,2026-11-12 19:03:00,297.6
200147,PLT02-L1,2026-11-13 01:26:00,288.9
200148,PLT02-L1,2026-11-15 13:52:00,144.7
200149,PLT02-L1,2026-11-15 19:07:00,140.8
200150,PLT02-L1,2026-11-16 01:02:00,158.7
200151,PLT02-L2,2026-10-19 12:41:00,212.1
200152,PLT02-L2,2026-10-19 18:28:00,294.4
200153,PLT02-L2,2026-10-20 00:10:00,237.6
200154,PLT02-L2,2026-10-22 12:02:00,267.5
200155,PLT02-L2,2026-10-22 18:40:00,152.8
200156,PLT02-L2,2026-10-23 00:52:00,180.9
200157,PLT02-L2,2026-10-25 12:58:00,270.2
200158,PLT02-L2,2026-10-25 18:40:00,232.0
200159,PLT02-L2,2026-10-26 00:56:00,153.6
200160,PLT02-L2,2026-10-28 12:45:00,245.5
200161,PLT02-L2,2026-10-28 18:41:00,276.2
200162,PLT02-L2,2026-10-29 00:34:00,297.1
200163,PLT02-L2,2026-10-31 12:13:00,221.7
200164,PLT02-L2,2026-10-31 18:32:00,172.1
200165,PLT02-L2,2026-11-01 00:24:00,153.8
200166,PLT02-L2,2026-11-03 13:01:00,147.8
200167,PLT02-L2,2026-11-03 19:09:00,147.5
200168,PLT02-L2,2026-11-04 01:14:00,185.0
200169,PLT02-L2,2026-11-06 13:23:00,275.9
200170,PLT02-L2,2026-11-06 19:50:00,281.9
200171,PLT02-L2,2026-11-07 01:40:00,153.2
200172,PLT02-L2,2026-11-09 13:56:00,200.4
200173,PLT02-L2,2026-11-09 19:56:00,124.4
200174,PLT02-L2,2026-11-10 01:19:00,301.4
200175,PLT02-L2,2026-11-12 13:23:00,214.5
200176,PLT02-L2,2026-11-12 19:18:00,252.1
200177,PLT02-L2,2026-11-13 01:12:00,248.4
200178,PLT02-L2,2026-11-15 13:36:00,188.8
200179,PLT02-L2,2026-11-15 19:53:00,171.5
200180,PLT02-L2,2026-11-16 01:27:00,160.6
200181,PLT02-L3,2026-10-19 12:37:00,231.7
200182,PLT02-L3,2026-10-19 18:23:00,198.0
200183,PLT02-L3,2026-10-20 00:30:00,252.2
200184,PLT02-L3,2026-10-22 12:05:00,226.0
200185,PLT02-L3,2026-10-22 18:09:00,238.1
200186,PLT02-L3,2026-10-23 00:04:00,129.9
200187,PLT02-L3,2026-10-25 12:40:00,209.7
200188,PLT02-L3,2026-10-25 18:47:00,170.8
200189,PLT02-L3,2026-10-26 00:50:00,132.6
200190,PLT02-L3,2026-10-28 12:04:00,213.0
200191,PLT02-L3,2026-10-28 18:08:00,121.5
200192,PLT02-L3,2026-10-29 00:45:00,149.0
200193,PLT02-L3,2026-10-31 12:18:00,282.3
200194,PLT02-L3,2026-10-31 18:02:00,314.5
200195,PLT02-L3,2026-11-01 00:24:00,138.1
200196,PLT02-L3,2026-11-03 13:50:00,261.7
200197,PLT02-L3,2026-11-03 19:18:00,254.1
200198,PLT02-L3,2026-11-04 01:00:00,298.1
200199,PLT02-L3,2026-11-06 13:01:00,172.9
200200,PLT02-L3,2026-11-06 19:34:00,222.9
200201,PLT02-L3,2026-11-07 01:03:00,225.5
200202,PLT02-L3,2026-11-09 13:35:00,165.4
200203,PLT02-L3,2026-11-09 19:39:00,291.6
200204,PLT02-L3,2026-11-10 01:42:00,276.7
200205,PLT02-L3,2026-11-12 13:06:00,303.1
200206,PLT02-L3,2026-11-12 19:18:00,143.2
200207,PLT02-L3,2026-11-13 01:51:00,182.8
200208,PLT02-L3,2026-11-15 13:45:00,291.7
200209,PLT02-L3,2026-11-15 19:41:00,150.2
200210,PLT02-L3,2026-11-16 01:33:00,143.3
200211,PLT02-L4,2026-10-19 12:56:00,209.4
200212,PLT02-L4,2026-10-19 18:27:00,268.8
200213,PLT02-L4,2026-10-20 00:19:00,190.5
200214,PLT02-L4,2026-10-22 12:12:00,173.7
200215,PLT02-L4,2026-10-22 18:30:00,127.2
200216,PLT02-L4,2026-10-23 00:34:00,198.4
200217,PLT02-L4,2026-10-25 12:54:00,312.7
200218,PLT02-L4,2026-10-25 18:40:00,185.1
200219,PLT02-L4,2026-10-26 00:21:00,154.0
200220,PLT02-L4,2026-10-28 12:31:00,169.3
200221,PLT02-L4,2026-10-28 18:52:00,301.7
200222,PLT02-L4,2026-10-29 00:48:00,304.2
200223,PLT02-L4,2026-10-31 12:10:00,204.0
200224,PLT02-L4,2026-10-31 18:10:00,174.9
200225,PLT02-L4,2026-11-01 00:07:00,206.7
200226,PLT02-L4,2026-11-03 13:01:00,312.1
200227,PLT02-L4,2026-11-03 19:39:00,295.1
200228,PLT02-L4,2026-11-04 01:48:00,237.3
200229,PLT02-L4,2026-11-06 13:15:00,308.3
200230,PLT02-L4,2026-11-06 19:40:00,276.7
200231,PLT02-L4,2026-11-07 01:56:00,301.2
200232,PLT02-L4,2026-11-09 13:37:00,185.5
200233,PLT02-L4,2026-11-09 19:53:00,190.9
200234,PLT02-L4,2026-11-10 01:04:00,248.0
200235,PLT02-L4,2026-11-12 13:46:00,206.0
200236,PLT02-L4,2026-11-12 19:52:00,137.8
200237,PLT02-L4,2026-11-13 01:07:00,310.0
200238,PLT02-L4,2026-11-15 13:46:00,125.2
200239,PLT02-L4,2026-11-15 19:17:00,273.5
200240,PLT02-L4,2026-11-16 01:49:00,243.9
200241,PLT03-L1,2026-10-19 15:43:00,249.1
200242,PLT03-L1,2026-10-19 21:52:00,306.2
200243,PLT03-L1,2026-10-20 03:00:00,127.6
200244,PLT03-L1,2026-10-22 15:18:00,180.1
200245,PLT03-L1,2026-10-22 21:00:00,308.6
200246,PLT03-L1,2026-10-23 03:36:00,120.6
200247,PLT03-L1,2026-10-25 15:07:00,263.2
200248,PLT03-L1,2026-10-25 21:02:00,297.1
200249,PLT03-L1,2026-10-26 03:52:00,161.6
200250,PLT03-L1,2026-10-28 15:56:00,145.5
200251,PLT03-L1,2026-10-28 21:44:00,286.6
200252,PLT03-L1,2026-10-29 03:58:00,258.2
200253,PLT03-L1,2026-10-31 15:43:00,147.1
200254,PLT03-L1,2026-10-31 21:25:00,208.7
200255,PLT03-L1,2026-11-01 03:36:00,192.4
200256,PLT03-L1,2026-11-03 16:55:00,265.2
200257,PLT03-L1,2026-11-03 22:42:00,174.6
200258,PLT03-L1,2026-11-04 04:40:00,251.6
200259,PLT03-L1,2026-11-06 16:37:00,217.4
200260,PLT03-L1,2026-11-06 22:36:00,245.1
200261,PLT03-L1,2026-11-07 04:41:00,311.4
200262,PLT03-L1,2026-11-09 16:22:00,203.0
200263,PLT03-L1,2026-11-09 22:14:00,284.0
200264,PLT03-L1,2026-11-10 04:11:00,274.8
200265,PLT03-L1,2026-11-12 16:20:00,254.3
200266,PLT03-L1,2026-11-12 22:24:00,125.3
200267,PLT03-L1,2026-11-13 04:48:00,223.1
200268,PLT03-L1,2026-11-15 16:18:00,318.2
200269,PLT03-L1,2026-11-15 22:30:00,317.7
200270,PLT03-L1,2026-11-16 04:21:00,210.6
200271,PLT03-L2,2026-10-19 15:19:00,195.0
200272,PLT03-L2,2026-10-19 21:33:00,278.0
200273,PLT03-L2,2026-10-20 03:15:00,201.2
200274,PLT03-L2,2026-10-22 15:53:00,140.9
200275,PLT03-L2,2026-10-22 21:07:00,275.3
200276,PLT03-L2,2026-10-23 03:01:00,235.4
200277,PLT03-L2,2026-10-25 15:37:00,228.5
200278,PLT03-L2,2026-10-25 21:43:00,222.9
200279,PLT03-L2,2026-10-26 03:25:00,312.0
200280,PLT03-L2,2026-10-28 15:39:00,238.4
200281,PLT03-L2,2026-10-28 21:37:00,167.0
200282,PLT03-L2,2026-10-29 03:54:00,215.9
200283,PLT03-L2,2026-10-31 15:26:00,194.9
200284,PLT03-L2,2026-10-31 21:12:00,130.1
200285,PLT03-L2,2026-11-01 03:06:00,224.9
200286,PLT03-L2,2026-11-03 16:35:00,303.3
200287,PLT03-L2,2026-11-03 22:52:00,177.7
200288,PLT03-L2,2026-11-04 04:54:00,311.9
200289,PLT03-L2,2026-11-06 16:48:00,150.8
200290,PLT03-L2,2026-11-06 22:18:00,232.4
200291,PLT03-L2,2026-11-07 04:51:00,120.6
200292,PLT03-L2,2026-11-09 16:56:00,285.2
200293,PLT03-L2,2026-11-09 22:05:00,299.9
200294,PLT03-L2,2026-11-10 04:46:00,281.4
200295,PLT03-L2,2026-11-12 16:57:00,143.9
200296,PLT03-L2,2026-11-12 22:08:00,231.9
200297,PLT03-L2,2026-11-13 04:31:00,150.9
200298,PLT03-L2,2026-11-15 16:58:00,280.4
200299,PLT03-L2,2026-11-15 22:54:00,136.4
200300,PLT03-L2,2026-11-16 04:42:00,235.8
200301,PLT03-L3,2026-10-19 15:29:00,290.7
200302,PLT03-L3,2026-10-19 21:06:00,232.9
200303,PLT03-L3,2026-10-20 03:55:00,230.1
200304,PLT03-L3,2026-10-22 15:49:00,317.2
200305,PLT03-L3,2026-10-22 21:16:00,190.0
200306,PLT03-L3,2026-10-23 03:09:00,247.5
200307,PLT03-L3,2026-10-25 15:32:00,139.8
200308,PLT03-L3,2026-10-25 21:25:00,178.1
200309,PLT03-L3,2026-10-26 03:31:00,177.5
200310,PLT03-L3,2026-10-28 15:41:00,192.1
200311,PLT03-L3,2026-10-28 21:17:00,249.2
200312,PLT03-L3,2026-10-29 03:19:00,171.1
200313,PLT03-L3,2026-10-31 15:25:00,272.3
200314,PLT03-L3,2026-10-31 21:05:00,214.3
200315,PLT03-L3,2026-11-01 03:06:00,189.3
200316,PLT03-L3,2026-11-03 16:38:00,319.0
200317,PLT03-L3,2026-11-03 22:14:00,239.8
200318,PLT03-L3,2026-11-04 04:52:00,249.9
200319,PLT03-L3,2026-11-06 16:37:00,138.9
200320,PLT03-L3,2026-11-06 22:29:00,189.0
200321,PLT03-L3,2026-11-07 04:42:00,253.0
200322,PLT03-L3,2026-11-09 16:42:00,305.9
200323,PLT03-L3,2026-11-09 22:39:00,207.0
200324,PLT03-L3,2026-11-10 04:41:00,282.0
200325,PLT03-L3,2026-11-12 16:42:00,247.3
200326,PLT03-L3,2026-11-12 22:28:00,241.8
200327,PLT03-L3,2026-11-13 04:19:00,160.5
200328,PLT03-L3,2026-11-15 16:34:00,317.6
200329,PLT03-L3,2026-11-15 22:45:00,187.2
200330,PLT03-L3,2026-11-16 04:42:00,269.3
200331,PLT03-L4,2026-10-19 15:25:00,195.4
200332,PLT03-L4,2026-10-19 21:19:00,211.6
200333,PLT03-L4,2026-10-20 03:29:00,144.5
200334,PLT03-L4,2026-10-22 15:50:00,306.9
200335,PLT03-L4,2026-10-22 21:05:00,290.6
200336,PLT03-L4,2026-10-23 03:24:00,225.9
200337,PLT03-L4,2026-10-25 15:26:00,303.5
200338,PLT03-L4,2026-10-25 21:47:00,200.7
200339,PLT03-L4,2026-10-26 03:19:00,221.6
200340,PLT03-L4,2026-10-28 15:51:00,286.7
200341,PLT03-L4,2026-10-28 21:53:00,275.8
200342,PLT03-L4,2026-10-29 03:09:00,120.7
200343,PLT03-L4,2026-10-31 15:36:00,252.1
200344,PLT03-L4,2026-10-31 21:21:00,265.0
200345,PLT03-L4,2026-11-01 03:46:00,172.8
200346,PLT03-L4,2026-11-03 16:00:00,197.4
200347,PLT03-L4,2026-11-03 22:30:00,131.0
200348,PLT03-L4,2026-11-04 04:58:00,269.9
200349,PLT03-L4,2026-11-06 16:09:00,195.8
200350,PLT03-L4,2026-11-06 22:10:00,208.8
200351,PLT03-L4,2026-11-07 04:58:00,211.8
200352,PLT03-L4,2026-11-09 16:43:00,186.9
200353,PLT03-L4,2026-11-09 22:39:00,238.1
200354,PLT03-L4,2026-11-10 04:56:00,144.9
200355,PLT03-L4,2026-11-12 16:50:00,286.0
200356,PLT03-L4,2026-11-12 22:09:00,145.7
200357,PLT03-L4,2026-11-13 04:02:00,317.5
200358,PLT03-L4,2026-11-15 16:47:00,168.6
200359,PLT03-L4,2026-11-15 22:46:00,215.2
200360,PLT03-L4,2026-11-16 04:15:00,186.3
200361,PLT04-L1,2026-10-19 14:55:00,120.6
200362,PLT04-L1,2026-10-19 20:44:00,220.1
200363,PLT04-L1,2026-10-20 02:23:00,216.6
200364,PLT04-L1,2026-10-22 14:59:00,201.2
200365,PLT04-L1,2026-10-22 20:56:00,319.5
200366,PLT04-L1,2026-10-23 02:00:00,255.5
200367,PLT04-L1,2026-10-25 14:25:00,122.6
200368,PLT04-L1,2026-10-25 20:17:00,303.6
200369,PLT04-L1,2026-10-26 02:51:00,165.7
200370,PLT04-L1,2026-10-28 14:58:00,228.0
200371,PLT04-L1,2026-10-28 20:03:00,282.7
200372,PLT04-L1,2026-10-29 02:24:00,191.9
200373,PLT04-L1,2026-10-31 14:10:00,263.8
200374,PLT04-L1,2026-10-31 20:03:00,128.5
200375,PLT04-L1,2026-11-01 02:19:00,203.0
200376,PLT04-L1,2026-11-03 14:37:00,136.1
200377,PLT04-L1,2026-11-03 20:53:00,236.2
200378,PLT04-L1,2026-11-04 02:45:00,125.9
200379,PLT04-L1,2026-11-06 14:09:00,195.2
200380,PLT04-L1,2026-11-06 20:29:00,246.0
200381,PLT04-L1,2026-11-07 02:32:00,285.2
200382,PLT04-L1,2026-11-09 14:30:00,283.6
200383,PLT04-L1,2026-11-09 20:23:00,170.7
200384,PLT04-L1,2026-11-10 02:01:00,259.0
200385,PLT04-L1,2026-11-12 14:05:00,136.6
200386,PLT04-L1,2026-11-12 20:23:00,227.0
200387,PLT04-L1,2026-11-13 02:10:00,298.6
200388,PLT04-L1,2026-11-15 14:15:00,149.5
200389,PLT04-L1,2026-11-15 20:24:00,179.2
200390,PLT04-L1,2026-11-16 02:23:00,251.7
200391,PLT04-L2,2026-10-19 14:12:00,150.3
200392,PLT04-L2,2026-10-19 20:05:00,278.3
200393,PLT04-L2,2026-10-20 02:24:00,204.3
200394,PLT04-L2,2026-10-22 14:45:00,235.3
200395,PLT04-L2,2026-10-22 20:54:00,174.3
200396,PLT04-L2,2026-10-23 02:53:00,212.9
200397,PLT04-L2,2026-10-25 14:36:00,172.8
200398,PLT04-L2,2026-10-25 20:43:00,219.4
200399,PLT04-L2,2026-10-26 02:11:00,283.6
200400,PLT04-L2,2026-10-28 14:44:00,307.6
200401,PLT04-L2,2026-10-28 20:08:00,151.1
200402,PLT04-L2,2026-10-29 02:27:00,230.8
200403,PLT04-L2,2026-10-31 14:55:00,152.7
200404,PLT04-L2,2026-10-31 20:09:00,131.4
200405,PLT04-L2,2026-11-01 02:29:00,268.2
200406,PLT04-L2,2026-11-03 14:27:00,182.7
200407,PLT04-L2,2026-11-03 20:15:00,206.7
200408,PLT04-L2,2026-11-04 02:30:00,274.6
200409,PLT04-L2,2026-11-06 14:06:00,142.1
200410,PLT04-L2,2026-11-06 20:06:00,185.0
200411,PLT04-L2,2026-11-07 02:09:00,263.5
200412,PLT04-L2,2026-11-09 14:26:00,240.8
200413,PLT04-L2,2026-11-09 20:17:00,315.3
200414,PLT04-L2,2026-11-10 02:46:00,254.9
200415,PLT04-L2,2026-11-12 14:55:00,298.0
200416,PLT04-L2,2026-11-12 20:57:00,147.2
200417,PLT04-L2,2026-11-13 02:44:00,211.4
200418,PLT04-L2,2026-11-15 14:50:00,317.9
200419,PLT04-L2,2026-11-15 20:58:00,261.9
200420,PLT04-L2,2026-11-16 02:54:00,272.4
200421,PLT04-L3,2026-10-19 14:53:00,229.7
200422,PLT04-L3,2026-10-19 20:55:00,143.6
200423,PLT04-L3,2026-10-20 02:04:00,193.8
200424,PLT04-L3,2026-10-22 14:25:00,268.9
200425,PLT04-L3,2026-10-22 20:30:00,188.0
200426,PLT04-L3,2026-10-23 02:59:00,300.8
200427,PLT04-L3,2026-10-25 14:11:00,284.3
200428,PLT04-L3,2026-10-25 20:02:00,236.8
200429,PLT04-L3,2026-10-26 02:05:00,173.3
200430,PLT04-L3,2026-10-28 14:35:00,253.1
200431,PLT04-L3,2026-10-28 20:34:00,127.1
200432,PLT04-L3,2026-10-29 02:45:00,121.0
200433,PLT04-L3,2026-10-31 14:04:00,231.1
200434,PLT04-L3,2026-10-31 20:12:00,258.4
200435,PLT04-L3,2026-11-01 02:39:00,212.5
200436,PLT04-L3,2026-11-03 14:29:00,170.2
200437,PLT04-L3,2026-11-03 20:34:00,319.1
200438,PLT04-L3,2026-11-04 02:24:00,171.5
200439,PLT04-L3,2026-11-06 14:15:00,293.3
200440,PLT04-L3,2026-11-06 20:47:00,300.6
200441,PLT04-L3,2026-11-07 02:11:00,268.3
200442,PLT04-L3,2026-11-09 14:01:00,293.4
200443,PLT04-L3,2026-11-09 20:15:00,274.3
200444,PLT04-L3,2026-11-10 02:06:00,216.5
200445,PLT04-L3,2026-11-12 14:07:00,191.8
200446,PLT04-L3,2026-11-12 20:40:00,120.7
200447,PLT04-L3,2026-11-13 02:53:00,140.6
200448,PLT04-L3,2026-11-15 14:58:00,302.0
200449,PLT04-L3,2026-11-15 20:25:00,312.8
200450,PLT04-L3,2026-11-16 02:06:00,227.8
200451,PLT04-L4,2026-10-19 14:26:00,290.1
200452,PLT04-L4,2026-10-19 20:51:00,225.9
200453,PLT04-L4,2026-10-20 02:17:00,271.9
200454,PLT04-L4,2026-10-22 14:57:00,233.1
200455,PLT04-L4,2026-10-22 20:39:00,166.1
200456,PLT04-L4,2026-10-23 02:47:00,278.1
200457,PLT04-L4,2026-10-25 14:59:00,149.6
200458,PLT04-L4,2026-10-25 20:58:00,313.6
200459,PLT04-L4,2026-10-26 02:48:00,172.7
200460,PLT04-L4,2026-10-28 14:29:00,216.7
200461,PLT04-L4,2026-10-28 20:30:00,161.2
200462,PLT04-L4,2026-10-29 02:36:00,296.6
200463,PLT04-L4,2026-10-31 14:33:00,169.5
200464,PLT04-L4,2026-10-31 20:53:00,286.8
200465,PLT04-L4,2026-11-01 02:18:00,284.4
200466,PLT04-L4,2026-11-03 14:00:00,278.3
200467,PLT04-L4,2026-11-03 20:09:00,250.7
200468,PLT04-L4,2026-11-04 02:41:00,312.1
200469,PLT04-L4,2026-11-06 14:55:00,313.9
200470,PLT04-L4,2026-11-06 20:31:00,270.8
200471,PLT04-L4,2026-11-07 02:29:00,309.9
200472,PLT04-L4,2026-11-09 14:50:00,257.4
200473,PLT04-L4,2026-11-09 20:18:00,292.1
200474,PLT04-L4,2026-11-10 02:11:00,192.9
200475,PLT04-L4,2026-11-12 14:36:00,203.8
200476,PLT04-L4,2026-11-12 20:35:00,161.6
200477,PLT04-L4,2026-11-13 02:22:00,159.4
200478,PLT04-L4,2026-11-15 14:50:00,129.7
200479,PLT04-L4,2026-11-15 20:40:00,156.4
200480,PLT04-L4,2026-11-16 02:48:00,310.3
200481,PLT05-L1,2026-10-19 11:48:00,194.3
200482,PLT05-L1,2026-10-19 17:49:00,144.5
200483,PLT05-L1,2026-10-19 23:43:00,185.9
200484,PLT05-L1,2026-10-22 11:54:00,291.3
200485,PLT05-L1,2026-10-22 17:03:00,121.8
200486,PLT05-L1,2026-10-22 23:18:00,270.3
200487,PLT05-L1,2026-10-25 11:56:00,190.8
200488,PLT05-L1,2026-10-25 17:36:00,272.8
200489,PLT05-L1,2026-10-25 23:16:00,175.1
200490,PLT05-L1,2026-10-28 11:49:00,193.6
200491,PLT05-L1,2026-10-28 17:42:00,200.3
200492,PLT05-L1,2026-10-28 23:02:00,143.9
200493,PLT05-L1,2026-10-31 11:51:00,229.6
200494,PLT05-L1,2026-10-31 17:19:00,265.3
200495,PLT05-L1,2026-10-31 23:41:00,302.2
200496,PLT05-L1,2026-11-03 11:24:00,287.6
200497,PLT05-L1,2026-11-03 17:00:00,125.4
200498,PLT05-L1,2026-11-03 23:55:00,241.8
200499,PLT05-L1,2026-11-06 11:43:00,284.0
200500,PLT05-L1,2026-11-06 17:48:00,148.4
200501,PLT05-L1,2026-11-06 23:38:00,219.7
200502,PLT05-L1,2026-11-09 11:58:00,249.9
200503,PLT05-L1,2026-11-09 17:02:00,124.7
200504,PLT05-L1,2026-11-09 23:06:00,204.6
200505,PLT05-L1,2026-11-12 11:01:00,287.5
200506,PLT05-L1,2026-11-12 17:10:00,299.2
200507,PLT05-L1,2026-11-12 23:25:00,154.7
200508,PLT05-L1,2026-11-15 11:50:00,157.3
200509,PLT05-L1,2026-11-15 17:42:00,263.3
200510,PLT05-L1,2026-11-15 23:52:00,255.4
200511,PLT05-L2,2026-10-19 11:42:00,261.4
200512,PLT05-L2,2026-10-19 17:37:00,239.9
200513,PLT05-L2,2026-10-19 23:13:00,139.3
200514,PLT05-L2,2026-10-22 11:31:00,129.3
200515,PLT05-L2,2026-10-22 17:30:00,211.1
200516,PLT05-L2,2026-10-22 23:06:00,317.4
200517,PLT05-L2,2026-10-25 11:51:00,247.7
200518,PLT05-L2,2026-10-25 17:16:00,190.1
200519,PLT05-L2,2026-10-25 23:05:00,216.4
200520,PLT05-L2,2026-10-28 11:54:00,230.3
200521,PLT05-L2,2026-10-28 17:54:00,218.7
200522,PLT05-L2,2026-10-28 23:02:00,216.0
200523,PLT05-L2,2026-10-31 11:44:00,260.8
200524,PLT05-L2,2026-10-31 17:42:00,275.5
200525,PLT05-L2,2026-10-31 23:38:00,166.9
200526,PLT05-L2,2026-11-03 11:57:00,240.4
200527,PLT05-L2,2026-11-03 17:05:00,161.0
200528,PLT05-L2,2026-11-03 23:19:00,193.5
200529,PLT05-L2,2026-11-06 11:42:00,203.9
200530,PLT05-L2,2026-11-06 17:16:00,149.8
200531,PLT05-L2,2026-11-06 23:04:00,253.3
200532,PLT05-L2,2026-11-09 11:36:00,181.6
200533,PLT05-L2,2026-11-09 17:27:00,265.8
200534,PLT05-L2,2026-11-09 23:28:00,134.2
200535,PLT05-L2,2026-11-12 11:26:00,196.7
200536,PLT05-L2,2026-11-12 17:52:00,122.7
200537,PLT05-L2,2026-11-12 23:16:00,307.1
200538,PLT05-L2,2026-11-15 11:32:00,252.8
200539,PLT05-L2,2026-11-15 17:15:00,257.0
200540,PLT05-L2,2026-11-15 23:06:00,135.8
200541,PLT05-L3,2026-10-19 11:33:00,306.1
200542,PLT05-L3,2026-10-19 17:57:00,293.4
200543,PLT05-L3,2026-10-19 23:48:00,235.0
200544,PLT05-L3,2026-10-22 11:02:00,222.3
200545,PLT05-L3,2026-10-22 17:55:00,301.9
200546,PLT05-L3,2026-10-22 23:17:00,170.6
200547,PLT05-L3,2026-10-25 11:33:00,293.5
200548,PLT05-L3,2026-10-25 17:54:00,292.2
200549,PLT05-L3,2026-10-25 23:54:00,255.0
200550,PLT05-L3,2026-10-28 11:46:00,310.7
200551,PLT05-L3,2026-10-28 17:43:00,179.8
200552,PLT05-L3,2026-10-28 23:51:00,150.2
200553,PLT05-L3,2026-10-31 11:52:00,304.3
200554,PLT05-L3,2026-10-31 17:26:00,306.9
200555,PLT05-L3,2026-10-31 23:50:00,253.6
200556,PLT05-L3,2026-11-03 11:00:00,308.7
200557,PLT05-L3,2026-11-03 17:56:00,283.6
200558,PLT05-L3,2026-11-03 23:54:00,296.5
200559,PLT05-L3,2026-11-06 11:00:00,225.9
200560,PLT05-L3,2026-11-06 17:49:00,298.8
200561,PLT05-L3,2026-11-06 23:55:00,207.0
200562,PLT05-L3,2026-11-09 11:14:00,286.6
200563,PLT05-L3,2026-11-09 17:33:00,138.3
200564,PLT05-L3,2026-11-09 23:39:00,192.1
200565,PLT05-L3,2026-11-12 11:00:00,276.0
200566,PLT05-L3,2026-11-12 17:04:00,137.7
200567,PLT05-L3,2026-11-12 23:28:00,169.2
200568,PLT05-L3,2026-11-15 11:22:00,200.8
200569,PLT05-L3,2026-11-15 17:37:00,136.6
200570,PLT05-L3,2026-11-15 23:12:00,148.1
200571,PLT05-L4,2026-10-19 11:03:00,128.1
200572,PLT05-L4,2026-10-19 17:58:00,128.6
200573,PLT05-L4,2026-10-19 23:40:00,256.4
200574,PLT05-L4,2026-10-22 11:39:00,210.6
200575,PLT05-L4,2026-10-22 17:24:00,302.3
200576,PLT05-L4,2026-10-22 23:02:00,187.0
200577,PLT05-L4,2026-10-25 11:03:00,213.3
200578,PLT05-L4,2026-10-25 17:40:00,198.2
200579,PLT05-L4,2026-10-25 23:50:00,311.9
200580,PLT05-L4,2026-10-28 11:42:00,296.7
200581,PLT05-L4,2026-10-28 17:18:00,150.4
200582,PLT05-L4,2026-10-28 23:43:00,241.4
200583,PLT05-L4,2026-10-31 11:12:00,220.1
200584,PLT05-L4,2026-10-31 17:14:00,232.7
200585,PLT05-L4,2026-10-31 23:22:00,296.1
200586,PLT05-L4,2026-11-03 11:14:00,262.4
200587,PLT05-L4,2026-11-03 17:32:00,175.6
200588,PLT05-L4,2026-11-03 23:06:00,316.2
200589,PLT05-L4,2026-11-06 11:04:00,243.6
200590,PLT05-L4,2026-11-06 17:13:00,275.9
200591,PLT05-L4,2026-11-06 23:11:00,240.2
200592,PLT05-L4,2026-11-09 11:52:00,185.8
200593,PLT05-L4,2026-11-09 17:27:00,180.9
200594,PLT05-L4,2026-11-09 23:26:00,273.7
200595,PLT05-L4,2026-11-12 11:24:00,167.6
200596,PLT05-L4,2026-11-12 17:07:00,155.7
200597,PLT05-L4,2026-11-12 23:53:00,277.0
200598,PLT05-L4,2026-11-15 11:56:00,281.5
200599,PLT05-L4,2026-11-15 17:07:00,279.4
200600,PLT05-L4,2026-11-15 23:18:00,233.8
200601,PLT06-L1,2026-10-19 07:14:00,273.1
200602,PLT06-L1,2026-10-19 13:06:00,134.2
200603,PLT06-L1,2026-10-19 19:57:00,227.8
200604,PLT06-L1,2026-10-22 07:01:00,285.3
200605,PLT06-L1,2026-10-22 13:57:00,127.4
200606,PLT06-L1,2026-10-22 19:30:00,168.2
200607,PLT06-L1,2026-10-25 08:29:00,279.9
200608,PLT06-L1,2026-10-25 14:22:00,316.7
200609,PLT06-L1,2026-10-25 20:49:00,175.7
200610,PLT06-L1,2026-10-28 08:28:00,278.0
200611,PLT06-L1,2026-10-28 14:15:00,287.5
200612,PLT06-L1,2026-10-28 20:52:00,146.3
200613,PLT06-L1,2026-10-31 08:09:00,278.5
200614,PLT06-L1,2026-10-31 14:17:00,212.1
200615,PLT06-L1,2026-10-31 20:17:00,291.3
200616,PLT06-L1,2026-11-03 08:54:00,190.0
200617,PLT06-L1,2026-11-03 14:51:00,248.6
200618,PLT06-L1,2026-11-03 20:20:00,186.6
200619,PLT06-L1,2026-11-06 08:13:00,238.5
200620,PLT06-L1,2026-11-06 14:30:00,291.4
200621,PLT06-L1,2026-11-06 20:54:00,182.3
200622,PLT06-L1,2026-11-09 08:50:00,222.1
200623,PLT06-L1,2026-11-09 14:22:00,122.7
200624,PLT06-L1,2026-11-09 20:33:00,283.2
200625,PLT06-L1,2026-11-12 08:55:00,179.0
200626,PLT06-L1,2026-11-12 14:27:00,181.8
200627,PLT06-L1,2026-11-12 20:35:00,317.3
200628,PLT06-L1,2026-11-15 08:42:00,271.3
200629,PLT06-L1,2026-11-15 14:29:00,306.1
200630,PLT06-L1,2026-11-15 20:00:00,182.0
200631,PLT06-L2,2026-10-19 07:46:00,214.7
200632,PLT06-L2,2026-10-19 13:47:00,153.7
200633,PLT06-L2,2026-10-19 19:41:00,162.0
200634,PLT06-L2,2026-10-22 07:13:00,174.8
200635,PLT06-L2,2026-10-22 13:38:00,172.6
200636,PLT06-L2,2026-10-22 19:02:00,264.1
200637,PLT06-L2,2026-10-25 08:26:00,231.3
200638,PLT06-L2,2026-10-25 14:15:00,143.8
200639,PLT06-L2,2026-10-25 20:41:00,151.5
200640,PLT06-L2,2026-10-28 08:20:00,307.9
200641,PLT06-L2,2026-10-28 14:17:00,185.8
200642,PLT06-L2,2026-10-28 20:05:00,297.3
200643,PLT06-L2,2026-10-31 08:32:00,261.5
200644,PLT06-L2,2026-10-31 14:47:00,280.3
200645,PLT06-L2,2026-10-31 20:04:00,227.8
200646,PLT06-L2,2026-11-03 08:59:00,145.0
200647,PLT06-L2,2026-11-03 14:20:00,212.1
200648,PLT06-L2,2026-11-03 20:51:00,262.4
200649,PLT06-L2,2026-11-06 08:15:00,290.0
200650,PLT06-L2,2026-11-06 14:31:00,231.2
200651,PLT06-L2,2026-11-06 20:58:00,287.5
200652,PLT06-L2,2026-11-09 08:27:00,214.0
200653,PLT06-L2,2026-11-09 14:29:00,258.8
200654,PLT06-L2,2026-11-09 20:12:00,202.7
200655,PLT06-L2,2026-11-12 08:45:00,260.9
200656,PLT06-L2,2026-11-12 14:14:00,237.9
200657,PLT06-L2,2026-11-12 20:49:00,156.8
200658,PLT06-L2,2026-11-15 08:34:00,313.5
200659,PLT06-L2,2026-11-15 14:24:00,130.6
200660,PLT06-L2,2026-11-15 20:57:00,169.5
200661,PLT06-L3,2026-10-19 07:20:00,234.4
200662,PLT06-L3,2026-10-19 13:32:00,318.8
200663,PLT06-L3,2026-10-19 19:09:00,120.3
200664,PLT06-L3,2026-10-22 07:50:00,297.8
200665,PLT06-L3,2026-10-22 13:41:00,297.0
200666,PLT06-L3,2026-10-22 19:52:00,281.7
200667,PLT06-L3,2026-10-25 08:58:00,206.6
200668,PLT06-L3,2026-10-25 14:08:00,290.3
200669,PLT06-L3,2026-10-25 20:08:00,205.3
200670,PLT06-L3,2026-10-28 08:51:00,203.7
200671,PLT06-L3,2026-10-28 14:26:00,177.8
200672,PLT06-L3,2026-10-28 20:32:00,271.9
200673,PLT06-L3,2026-10-31 08:41:00,269.2
200674,PLT06-L3,2026-10-31 14:14:00,131.8
200675,PLT06-L3,2026-10-31 20:35:00,176.0
200676,PLT06-L3,2026-11-03 08:22:00,285.9
200677,PLT06-L3,2026-11-03 14:52:00,278.6
200678,PLT06-L3,2026-11-03 20:14:00,137.6
200679,PLT06-L3,2026-11-06 08:30:00,187.7
200680,PLT06-L3,2026-11-06 14:28:00,315.2
200681,PLT06-L3,2026-11-06 20:28:00,268.6
200682,PLT06-L3,2026-11-09 08:29:00,274.3
200683,PLT06-L3,2026-11-09 14:10:00,310.6
200684,PLT06-L3,2026-11-09 20:25:00,140.7
200685,PLT06-L3,2026-11-12 08:16:00,219.5
200686,PLT06-L3,2026-11-12 14:15:00,278.1
200687,PLT06-L3,2026-11-12 20:49:00,146.3
200688,PLT06-L3,2026-11-15 08:33:00,196.6
200689,PLT06-L3,2026-11-15 14:33:00,123.0
200690,PLT06-L3,2026-11-15 20:05:00,181.0
200691,PLT06-L4,2026-10-19 07:55:00,223.1
200692,PLT06-L4,2026-10-19 13:07:00,316.0
200693,PLT06-L4,2026-10-19 19:13:00,123.2
200694,PLT06-L4,2026-10-22 07:52:00,272.0
200695,PLT06-L4,2026-10-22 13:13:00,253.9
200696,PLT06-L4,2026-10-22 19:24:00,256.4
200697,PLT06-L4,2026-10-25 08:23:00,203.9
200698,PLT06-L4,2026-10-25 14:47:00,162.9
200699,PLT06-L4,2026-10-25 20:13:00,175.6
200700,PLT06-L4,2026-10-28 08:05:00,155.1
200701,PLT06-L4,2026-10-28 14:11:00,168.1
200702,PLT06-L4,2026-10-28 20:10:00,288.5
200703,PLT06-L4,2026-10-31 08:09:00,297.4
200704,PLT06-L4,2026-10-31 14:32:00,260.6
200705,PLT06-L4,2026-10-31 20:35:00,219.5
200706,PLT06-L4,2026-11-03 08:57:00,318.2
200707,PLT06-L4,2026-11-03 14:27:00,298.2
200708,PLT06-L4,2026-11-03 20:14:00,191.0
200709,PLT06-L4,2026-11-06 08:15:00,216.4
200710,PLT06-L4,2026-11-06 14:05:00,285.5
200711,PLT06-L4,2026-11-06 20:05:00,314.9
200712,PLT06-L4,2026-11-09 08:52:00,183.1
200713,PLT06-L4,2026-11-09 14:08:00,127.7
200714,PLT06-L4,2026-11-09 20:28:00,129.2
200715,PLT06-L4,2026-11-12 08:37:00,243.1
200716,PLT06-L4,2026-11-12 14:35:00,269.9
200717,PLT06-L4,2026-11-12 20:11:00,230.5
200718,PLT06-L4,2026-11-15 08:39:00,189.7
200719,PLT06-L4,2026-11-15 14:50:00,202.2
200720,PLT06-L4,2026-11-15 20:44:00,160.7
